material_id,formula,transition_metal,MagpieData minimum Number,MagpieData maximum Number,MagpieData range Number,MagpieData mean Number,MagpieData avg_dev Number,MagpieData mode Number,MagpieData minimum MendeleevNumber,MagpieData maximum MendeleevNumber,MagpieData range MendeleevNumber,MagpieData mean MendeleevNumber,MagpieData avg_dev MendeleevNumber,MagpieData mode MendeleevNumber,MagpieData minimum AtomicWeight,MagpieData maximum AtomicWeight,MagpieData range AtomicWeight,MagpieData mean AtomicWeight,MagpieData avg_dev AtomicWeight,MagpieData mode AtomicWeight,MagpieData minimum MeltingT,MagpieData maximum MeltingT,MagpieData range MeltingT,MagpieData mean MeltingT,MagpieData avg_dev MeltingT,MagpieData mode MeltingT,MagpieData minimum Column,MagpieData maximum Column,MagpieData range Column,MagpieData mean Column,MagpieData avg_dev Column,MagpieData mode Column,MagpieData minimum Row,MagpieData maximum Row,MagpieData range Row,MagpieData mean Row,MagpieData avg_dev Row,MagpieData mode Row,MagpieData minimum CovalentRadius,MagpieData maximum CovalentRadius,MagpieData range CovalentRadius,MagpieData mean CovalentRadius,MagpieData avg_dev CovalentRadius,MagpieData mode CovalentRadius,MagpieData minimum Electronegativity,MagpieData maximum Electronegativity,MagpieData range Electronegativity,MagpieData mean Electronegativity,MagpieData avg_dev Electronegativity,MagpieData mode Electronegativity,MagpieData minimum NsValence,MagpieData maximum NsValence,MagpieData range NsValence,MagpieData mean NsValence,MagpieData avg_dev NsValence,MagpieData mode NsValence,MagpieData minimum NpValence,MagpieData maximum NpValence,MagpieData range NpValence,MagpieData mean NpValence,MagpieData avg_dev NpValence,MagpieData mode NpValence,MagpieData minimum NdValence,MagpieData maximum NdValence,MagpieData range NdValence,MagpieData mean NdValence,MagpieData avg_dev NdValence,MagpieData mode NdValence,MagpieData minimum NfValence,MagpieData maximum NfValence,MagpieData range NfValence,MagpieData mean NfValence,MagpieData avg_dev NfValence,MagpieData mode NfValence,MagpieData minimum NValence,MagpieData maximum NValence,MagpieData range NValence,MagpieData mean NValence,MagpieData avg_dev NValence,MagpieData mode NValence,MagpieData minimum NsUnfilled,MagpieData maximum NsUnfilled,MagpieData range NsUnfilled,MagpieData mean NsUnfilled,MagpieData avg_dev NsUnfilled,MagpieData mode NsUnfilled,MagpieData minimum NpUnfilled,MagpieData maximum NpUnfilled,MagpieData range NpUnfilled,MagpieData mean NpUnfilled,MagpieData avg_dev NpUnfilled,MagpieData mode NpUnfilled,MagpieData minimum NdUnfilled,MagpieData maximum NdUnfilled,MagpieData range NdUnfilled,MagpieData mean NdUnfilled,MagpieData avg_dev NdUnfilled,MagpieData mode NdUnfilled,MagpieData minimum NfUnfilled,MagpieData maximum NfUnfilled,MagpieData range NfUnfilled,MagpieData mean NfUnfilled,MagpieData avg_dev NfUnfilled,MagpieData mode NfUnfilled,MagpieData minimum NUnfilled,MagpieData maximum NUnfilled,MagpieData range NUnfilled,MagpieData mean NUnfilled,MagpieData avg_dev NUnfilled,MagpieData mode NUnfilled,MagpieData minimum GSvolume_pa,MagpieData maximum GSvolume_pa,MagpieData range GSvolume_pa,MagpieData mean GSvolume_pa,MagpieData avg_dev GSvolume_pa,MagpieData mode GSvolume_pa,MagpieData minimum GSbandgap,MagpieData maximum GSbandgap,MagpieData range GSbandgap,MagpieData mean GSbandgap,MagpieData avg_dev GSbandgap,MagpieData mode GSbandgap,MagpieData minimum GSmagmom,MagpieData maximum GSmagmom,MagpieData range GSmagmom,MagpieData mean GSmagmom,MagpieData avg_dev GSmagmom,MagpieData mode GSmagmom,MagpieData minimum SpaceGroupNumber,MagpieData maximum SpaceGroupNumber,MagpieData range SpaceGroupNumber,MagpieData mean SpaceGroupNumber,MagpieData avg_dev SpaceGroupNumber,MagpieData mode SpaceGroupNumber,energy_above_hull,volume,density,band_gap,is_stable,is_metal
mp-1179108,ScO2,Sc,8.0,21.0,13.0,12.333333333333334,5.777777777777779,8.0,11.0,87.0,76.0,61.666666666666664,33.77777777777778,87.0,15.9994,44.955912,28.956511999999996,25.651570666666668,12.86956088888889,15.9994,54.8,1814.0,1759.2,641.1999999999999,781.8666666666668,54.8,3.0,16.0,13.0,11.666666666666666,5.777777777777779,16.0,2.0,4.0,2.0,2.6666666666666665,0.8888888888888888,2.0,66.0,170.0,104.0,100.66666666666667,46.22222222222223,66.0,1.36,3.44,2.08,2.7466666666666666,0.9244444444444445,3.44,2.0,2.0,0.0,2.0,0.0,2.0,0.0,4.0,4.0,2.6666666666666665,1.777777777777778,4.0,0.0,1.0,1.0,0.3333333333333333,0.4444444444444445,0.0,0.0,0.0,0.0,0.0,0.0,0.0,3.0,6.0,3.0,5.0,1.3333333333333333,6.0,0.0,0.0,0.0,0.0,0.0,0.0,0.0,2.0,2.0,1.3333333333333333,0.888888888888889,2.0,0.0,9.0,9.0,3.0,4.0,0.0,0.0,0.0,0.0,0.0,0.0,0.0,2.0,9.0,7.0,4.333333333333333,3.1111111111111107,2.0,9.105,22.235,13.129999999999999,13.481666666666667,5.835555555555556,9.105,0.0,0.0,0.0,0.0,0.0,0.0,0.0,6.35e-06,6.35e-06,2.1166666666666666e-06,2.8222222222222227e-06,0.0,12.0,194.0,182.0,72.66666666666667,80.8888888888889,12.0,0.3282124756249995,77.52587645258822,3.2966104134697733,0.0,False,True
mp-1186987,ScO3,Sc,8.0,21.0,13.0,11.25,4.875,8.0,11.0,87.0,76.0,68.0,28.5,87.0,15.9994,44.955912,28.956511999999996,23.238528,10.858691999999998,15.9994,54.8,1814.0,1759.2,494.6,659.7,54.8,3.0,16.0,13.0,12.75,4.875,16.0,2.0,4.0,2.0,2.5,0.75,2.0,66.0,170.0,104.0,92.0,39.0,66.0,1.36,3.44,2.08,2.92,0.78,3.44,2.0,2.0,0.0,2.0,0.0,2.0,0.0,4.0,4.0,3.0,1.5,4.0,0.0,1.0,1.0,0.25,0.375,0.0,0.0,0.0,0.0,0.0,0.0,0.0,3.0,6.0,3.0,5.25,1.125,6.0,0.0,0.0,0.0,0.0,0.0,0.0,0.0,2.0,2.0,1.5,0.75,2.0,0.0,9.0,9.0,2.25,3.375,0.0,0.0,0.0,0.0,0.0,0.0,0.0,2.0,9.0,7.0,3.75,2.625,2.0,9.105,22.235,13.129999999999999,12.3875,4.923749999999999,9.105,0.0,0.0,0.0,0.0,0.0,0.0,0.0,6.35e-06,6.35e-06,1.5875e-06,2.3812500000000003e-06,0.0,12.0,194.0,182.0,57.5,68.25,12.0,0.6929377642187493,75.20180971737405,4.105059045064566,0.0,False,True
mp-644481,ScO,Sc,8.0,21.0,13.0,14.5,6.5,8.0,11.0,87.0,76.0,49.0,38.0,11.0,15.9994,44.955912,28.956511999999996,30.477656,14.478255999999998,15.9994,54.8,1814.0,1759.2,934.4,879.6,54.8,3.0,16.0,13.0,9.5,6.5,3.0,2.0,4.0,2.0,3.0,1.0,2.0,66.0,170.0,104.0,118.0,52.0,66.0,1.36,3.44,2.08,2.4,1.04,1.36,2.0,2.0,0.0,2.0,0.0,2.0,0.0,4.0,4.0,2.0,2.0,0.0,0.0,1.0,1.0,0.5,0.5,0.0,0.0,0.0,0.0,0.0,0.0,0.0,3.0,6.0,3.0,4.5,1.5,3.0,0.0,0.0,0.0,0.0,0.0,0.0,0.0,2.0,2.0,1.0,1.0,0.0,0.0,9.0,9.0,4.5,4.5,0.0,0.0,0.0,0.0,0.0,0.0,0.0,2.0,9.0,7.0,5.5,3.5,2.0,9.105,22.235,13.129999999999999,15.67,6.5649999999999995,9.105,0.0,0.0,0.0,0.0,0.0,0.0,0.0,6.35e-06,6.35e-06,3.175e-06,3.175e-06,0.0,12.0,194.0,182.0,103.0,91.0,12.0,0.0667874656249978,22.13149871993696,4.573512093106743,0.0,False,True
mp-775837,Sc2O3,Sc,8.0,21.0,13.0,13.2,6.24,8.0,11.0,87.0,76.0,56.6,36.48,87.0,15.9994,44.955912,28.956511999999996,27.5820048,13.899125759999999,15.9994,54.8,1814.0,1759.2,758.48,844.4159999999999,54.8,3.0,16.0,13.0,10.8,6.24,16.0,2.0,4.0,2.0,2.8,0.96,2.0,66.0,170.0,104.0,107.6,49.92,66.0,1.36,3.44,2.08,2.608,0.9983999999999998,3.44,2.0,2.0,0.0,2.0,0.0,2.0,0.0,4.0,4.0,2.4,1.9200000000000004,4.0,0.0,1.0,1.0,0.4,0.4800000000000001,0.0,0.0,0.0,0.0,0.0,0.0,0.0,3.0,6.0,3.0,4.8,1.44,6.0,0.0,0.0,0.0,0.0,0.0,0.0,0.0,2.0,2.0,1.2,0.9600000000000002,2.0,0.0,9.0,9.0,3.6,4.32,0.0,0.0,0.0,0.0,0.0,0.0,0.0,2.0,9.0,7.0,4.8,3.3599999999999994,2.0,9.105,22.235,13.129999999999999,14.357,6.3024,9.105,0.0,0.0,0.0,0.0,0.0,0.0,0.0,6.35e-06,6.35e-06,2.5400000000000002e-06,3.048e-06,0.0,12.0,194.0,182.0,84.8,87.35999999999999,12.0,0.0817799807499994,506.4636807329368,3.6173173565581105,4.1645,False,False
mp-759946,Sc16O15,Sc,8.0,21.0,13.0,14.709677419354838,6.493236212278877,21.0,11.0,87.0,76.0,47.774193548387096,37.960457856399586,11.0,15.9994,44.955912,28.956511999999996,30.94469651612903,14.463190176899062,44.955912,54.8,1814.0,1759.2,962.7741935483871,878.684703433923,1814.0,3.0,16.0,13.0,9.290322580645162,6.493236212278877,3.0,2.0,4.0,2.0,3.032258064516129,0.9989594172736733,4.0,66.0,170.0,104.0,119.6774193548387,51.945889698231014,170.0,1.36,3.44,2.08,2.3664516129032256,1.0389177939646201,1.36,2.0,2.0,0.0,2.0,0.0,2.0,0.0,4.0,4.0,1.935483870967742,1.9979188345473466,0.0,0.0,1.0,1.0,0.5161290322580645,0.49947970863683666,1.0,0.0,0.0,0.0,0.0,0.0,0.0,3.0,6.0,3.0,4.451612903225806,1.4984391259105099,3.0,0.0,0.0,0.0,0.0,0.0,0.0,0.0,2.0,2.0,0.967741935483871,0.9989594172736733,0.0,0.0,9.0,9.0,4.645161290322581,4.4953173777315305,9.0,0.0,0.0,0.0,0.0,0.0,0.0,2.0,9.0,7.0,5.612903225806452,3.4963579604578565,9.0,9.105,22.235,13.129999999999999,15.881774193548388,6.558168574401664,22.235,0.0,0.0,0.0,0.0,0.0,0.0,0.0,6.35e-06,6.35e-06,3.27741935483871e-06,3.1716961498439124e-06,6.35e-06,12.0,194.0,182.0,105.93548387096774,90.90530697190427,194.0,0.054016009798385,361.0991519056618,4.4113401966233585,0.0,False,True
mp-684697,Sc20O19,Sc,8.0,21.0,13.0,14.666666666666666,6.495726495726496,21.0,11.0,87.0,76.0,48.02564102564103,37.9750164365549,11.0,15.9994,44.955912,28.956511999999996,30.848893333333333,14.468737094017092,44.955912,54.8,1814.0,1759.2,956.953846153846,879.0216962524655,1814.0,3.0,16.0,13.0,9.333333333333334,6.495726495726496,3.0,2.0,4.0,2.0,3.0256410256410255,0.9993425378040763,4.0,66.0,170.0,104.0,119.33333333333333,51.965811965811966,170.0,1.36,3.44,2.08,2.3733333333333335,1.0393162393162392,1.36,2.0,2.0,0.0,2.0,0.0,2.0,0.0,4.0,4.0,1.9487179487179487,1.9986850756081525,0.0,0.0,1.0,1.0,0.5128205128205128,0.49967126890203817,1.0,0.0,0.0,0.0,0.0,0.0,0.0,3.0,6.0,3.0,4.461538461538462,1.4990138067061143,3.0,0.0,0.0,0.0,0.0,0.0,0.0,0.0,2.0,2.0,0.9743589743589743,0.9993425378040762,0.0,0.0,9.0,9.0,4.615384615384615,4.497041420118343,9.0,0.0,0.0,0.0,0.0,0.0,0.0,2.0,9.0,7.0,5.589743589743589,3.4976988823142667,9.0,9.105,22.235,13.129999999999999,15.838333333333331,6.5606837606837605,22.235,0.0,0.0,0.0,0.0,0.0,0.0,0.0,6.35e-06,6.35e-06,3.2564102564102564e-06,3.172912557527942e-06,6.35e-06,12.0,194.0,182.0,105.33333333333333,90.94017094017094,194.0,0.0603361215064079,449.7186249219648,4.44234639437391,0.0,False,True
mp-2420244,TiO2,Ti,8.0,22.0,14.0,12.666666666666666,6.222222222222221,8.0,43.0,87.0,44.0,72.33333333333333,19.555555555555557,87.0,15.9994,47.867,31.867599999999996,26.62193333333333,14.163377777777777,15.9994,54.8,1941.0,1886.2,683.5333333333333,838.3111111111111,54.8,4.0,16.0,12.0,12.0,5.333333333333333,16.0,2.0,4.0,2.0,2.6666666666666665,0.8888888888888888,2.0,66.0,160.0,94.0,97.33333333333333,41.77777777777778,66.0,1.54,3.44,1.9,2.8066666666666666,0.8444444444444444,3.44,2.0,2.0,0.0,2.0,0.0,2.0,0.0,4.0,4.0,2.6666666666666665,1.777777777777778,4.0,0.0,2.0,2.0,0.6666666666666666,0.888888888888889,0.0,0.0,0.0,0.0,0.0,0.0,0.0,4.0,6.0,2.0,5.333333333333333,0.888888888888889,6.0,0.0,0.0,0.0,0.0,0.0,0.0,0.0,2.0,2.0,1.3333333333333333,0.888888888888889,2.0,0.0,8.0,8.0,2.6666666666666665,3.555555555555556,0.0,0.0,0.0,0.0,0.0,0.0,0.0,2.0,8.0,6.0,4.0,2.6666666666666665,2.0,9.105,16.69,7.585000000000001,11.633333333333335,3.371111111111112,9.105,0.0,0.0,0.0,0.0,0.0,0.0,0.0,2.25333333333e-05,2.25333333333e-05,7.5111111111e-06,1.00148148148e-05,0.0,12.0,194.0,182.0,72.66666666666667,80.8888888888889,12.0,0.0164941266666662,204.9469218790116,2.5883829814012427,2.8899,False,False
mp-1071163,TiO,Ti,8.0,22.0,14.0,15.0,7.0,8.0,43.0,87.0,44.0,65.0,22.0,43.0,15.9994,47.867,31.867599999999996,31.9332,15.933799999999998,15.9994,54.8,1941.0,1886.2,997.9,943.1,54.8,4.0,16.0,12.0,10.0,6.0,4.0,2.0,4.0,2.0,3.0,1.0,2.0,66.0,160.0,94.0,113.0,47.0,66.0,1.54,3.44,1.9,2.49,0.95,1.54,2.0,2.0,0.0,2.0,0.0,2.0,0.0,4.0,4.0,2.0,2.0,0.0,0.0,2.0,2.0,1.0,1.0,0.0,0.0,0.0,0.0,0.0,0.0,0.0,4.0,6.0,2.0,5.0,1.0,4.0,0.0,0.0,0.0,0.0,0.0,0.0,0.0,2.0,2.0,1.0,1.0,0.0,0.0,8.0,8.0,4.0,4.0,0.0,0.0,0.0,0.0,0.0,0.0,0.0,2.0,8.0,6.0,5.0,3.0,2.0,9.105,16.69,7.585000000000001,12.8975,3.7925000000000004,9.105,0.0,0.0,0.0,0.0,0.0,0.0,0.0,2.25333333333e-05,2.25333333333e-05,1.126666666665e-05,1.126666666665e-05,0.0,12.0,194.0,182.0,103.0,91.0,12.0,0.0,61.93779156658514,5.136733957196175,0.0,True,True
mp-1244955,Ti2O,Ti,8.0,22.0,14.0,17.333333333333332,6.222222222222222,22.0,43.0,87.0,44.0,57.666666666666664,19.555555555555554,43.0,15.9994,47.867,31.867599999999996,37.24446666666666,14.163377777777777,47.867,54.8,1941.0,1886.2,1312.2666666666667,838.3111111111111,1941.0,4.0,16.0,12.0,8.0,5.333333333333333,4.0,2.0,4.0,2.0,3.3333333333333335,0.8888888888888888,4.0,66.0,160.0,94.0,128.66666666666666,41.77777777777778,160.0,1.54,3.44,1.9,2.1733333333333333,0.8444444444444444,1.54,2.0,2.0,0.0,2.0,0.0,2.0,0.0,4.0,4.0,1.3333333333333333,1.777777777777778,0.0,0.0,2.0,2.0,1.3333333333333333,0.888888888888889,2.0,0.0,0.0,0.0,0.0,0.0,0.0,4.0,6.0,2.0,4.666666666666667,0.888888888888889,4.0,0.0,0.0,0.0,0.0,0.0,0.0,0.0,2.0,2.0,0.6666666666666666,0.888888888888889,0.0,0.0,8.0,8.0,5.333333333333333,3.555555555555556,8.0,0.0,0.0,0.0,0.0,0.0,0.0,2.0,8.0,6.0,6.0,2.6666666666666665,8.0,9.105,16.69,7.585000000000001,14.161666666666667,3.371111111111112,16.69,0.0,0.0,0.0,0.0,0.0,0.0,0.0,2.25333333333e-05,2.25333333333e-05,1.50222222222e-05,1.00148148148e-05,2.25333333333e-05,12.0,194.0,182.0,133.33333333333334,80.88888888888889,194.0,0.3364885647058848,1393.5604093181255,4.526736653775709,0.0,False,True
mp-458,Ti2O3,Ti,8.0,22.0,14.0,13.6,6.719999999999999,8.0,43.0,87.0,44.0,69.4,21.119999999999997,87.0,15.9994,47.867,31.867599999999996,28.746439999999996,15.296447999999998,15.9994,54.8,1941.0,1886.2,809.28,905.376,54.8,4.0,16.0,12.0,11.2,5.76,16.0,2.0,4.0,2.0,2.8,0.96,2.0,66.0,160.0,94.0,103.6,45.12,66.0,1.54,3.44,1.9,2.68,0.9119999999999999,3.44,2.0,2.0,0.0,2.0,0.0,2.0,0.0,4.0,4.0,2.4,1.9200000000000004,4.0,0.0,2.0,2.0,0.8,0.9600000000000002,0.0,0.0,0.0,0.0,0.0,0.0,0.0,4.0,6.0,2.0,5.2,0.96,6.0,0.0,0.0,0.0,0.0,0.0,0.0,0.0,2.0,2.0,1.2,0.9600000000000002,2.0,0.0,8.0,8.0,3.2,3.8400000000000007,0.0,0.0,0.0,0.0,0.0,0.0,0.0,2.0,8.0,6.0,4.4,2.88,2.0,9.105,16.69,7.585000000000001,12.139000000000001,3.6408,9.105,0.0,0.0,0.0,0.0,0.0,0.0,0.0,2.25333333333e-05,2.25333333333e-05,9.01333333332e-06,1.0815999999983999e-05,0.0,12.0,194.0,182.0,84.8,87.35999999999999,12.0,0.0,103.7211155286214,4.602205295332797,0.0,True,True
mp-656850,Ti2O7,Ti,8.0,22.0,14.0,11.11111111111111,4.839506172839506,8.0,43.0,87.0,44.0,77.22222222222223,15.209876543209873,87.0,15.9994,47.867,31.867599999999996,23.08108888888889,11.01596049382716,15.9994,54.8,1941.0,1886.2,473.9555555555556,652.0197530864198,54.8,4.0,16.0,12.0,13.333333333333334,4.148148148148148,16.0,2.0,4.0,2.0,2.4444444444444446,0.6913580246913581,2.0,66.0,160.0,94.0,86.88888888888889,32.49382716049383,66.0,1.54,3.44,1.9,3.0177777777777774,0.6567901234567902,3.44,2.0,2.0,0.0,2.0,0.0,2.0,0.0,4.0,4.0,3.111111111111111,1.382716049382716,4.0,0.0,2.0,2.0,0.4444444444444444,0.691358024691358,0.0,0.0,0.0,0.0,0.0,0.0,0.0,4.0,6.0,2.0,5.555555555555555,0.6913580246913581,6.0,0.0,0.0,0.0,0.0,0.0,0.0,0.0,2.0,2.0,1.5555555555555556,0.691358024691358,2.0,0.0,8.0,8.0,1.7777777777777777,2.765432098765432,0.0,0.0,0.0,0.0,0.0,0.0,0.0,2.0,8.0,6.0,3.3333333333333335,2.074074074074074,2.0,9.105,16.69,7.585000000000001,10.790555555555557,2.621975308641976,9.105,0.0,0.0,0.0,0.0,0.0,0.0,0.0,2.25333333333e-05,2.25333333333e-05,5.0074074074e-06,7.789300411511112e-06,0.0,12.0,194.0,182.0,52.44444444444444,62.913580246913575,12.0,0.4989465822222216,345.81646513064675,1.9949509838903752,1.154,False,False
mp-978968,Ti3O2,Ti,8.0,22.0,14.0,16.4,6.720000000000001,22.0,43.0,87.0,44.0,60.6,21.119999999999997,43.0,15.9994,47.867,31.867599999999996,35.11996,15.296447999999998,47.867,54.8,1941.0,1886.2,1186.52,905.376,1941.0,4.0,16.0,12.0,8.8,5.76,4.0,2.0,4.0,2.0,3.2,0.96,4.0,66.0,160.0,94.0,122.4,45.12,160.0,1.54,3.44,1.9,2.3,0.9119999999999999,1.54,2.0,2.0,0.0,2.0,0.0,2.0,0.0,4.0,4.0,1.6,1.9200000000000004,0.0,0.0,2.0,2.0,1.2,0.9600000000000002,2.0,0.0,0.0,0.0,0.0,0.0,0.0,4.0,6.0,2.0,4.8,0.96,4.0,0.0,0.0,0.0,0.0,0.0,0.0,0.0,2.0,2.0,0.8,0.9600000000000002,0.0,0.0,8.0,8.0,4.8,3.8400000000000007,8.0,0.0,0.0,0.0,0.0,0.0,0.0,2.0,8.0,6.0,5.6,2.88,8.0,9.105,16.69,7.585000000000001,13.656,3.6408,16.69,0.0,0.0,0.0,0.0,0.0,0.0,0.0,2.25333333333e-05,2.25333333333e-05,1.351999999998e-05,1.0815999999984e-05,2.25333333333e-05,12.0,194.0,182.0,121.2,87.35999999999999,194.0,0.0319066599999988,111.68602130432724,5.221608308527694,0.0,False,True
mp-1105338,Ti3O7,Ti,8.0,22.0,14.0,12.2,5.88,8.0,43.0,87.0,44.0,73.8,18.48,87.0,15.9994,47.867,31.867599999999996,25.55968,13.384391999999997,15.9994,54.8,1941.0,1886.2,620.6600000000001,792.2040000000001,54.8,4.0,16.0,12.0,12.4,5.04,16.0,2.0,4.0,2.0,2.6,0.8400000000000001,2.0,66.0,160.0,94.0,94.2,39.480000000000004,66.0,1.54,3.44,1.9,2.87,0.7979999999999998,3.44,2.0,2.0,0.0,2.0,0.0,2.0,0.0,4.0,4.0,2.8,1.6800000000000002,4.0,0.0,2.0,2.0,0.6,0.8399999999999999,0.0,0.0,0.0,0.0,0.0,0.0,0.0,4.0,6.0,2.0,5.4,0.8399999999999999,6.0,0.0,0.0,0.0,0.0,0.0,0.0,0.0,2.0,2.0,1.4,0.8400000000000001,2.0,0.0,8.0,8.0,2.4,3.3599999999999994,0.0,0.0,0.0,0.0,0.0,0.0,0.0,2.0,8.0,6.0,3.8,2.52,2.0,9.105,16.69,7.585000000000001,11.380500000000001,3.1857000000000006,9.105,0.0,0.0,0.0,0.0,0.0,0.0,0.0,2.25333333333e-05,2.25333333333e-05,6.75999999999e-06,9.463999999986e-06,0.0,12.0,194.0,182.0,66.6,76.44,12.0,0.2715015032500005,284.1554124233023,2.9872981737097173,0.0,False,True
mp-1217105,Ti3O8,Ti,8.0,22.0,14.0,11.818181818181818,5.553719008264463,8.0,43.0,87.0,44.0,75.0,17.454545454545453,87.0,15.9994,47.867,31.867599999999996,24.69056363636364,12.641692561983472,15.9994,54.8,1941.0,1886.2,569.2181818181817,748.2446280991736,54.8,4.0,16.0,12.0,12.727272727272727,4.760330578512397,16.0,2.0,4.0,2.0,2.5454545454545454,0.793388429752066,2.0,66.0,160.0,94.0,91.63636363636364,37.28925619834711,66.0,1.54,3.44,1.9,2.921818181818182,0.7537190082644627,3.44,2.0,2.0,0.0,2.0,0.0,2.0,0.0,4.0,4.0,2.909090909090909,1.586776859504132,4.0,0.0,2.0,2.0,0.5454545454545454,0.793388429752066,0.0,0.0,0.0,0.0,0.0,0.0,0.0,4.0,6.0,2.0,5.454545454545454,0.7933884297520664,6.0,0.0,0.0,0.0,0.0,0.0,0.0,0.0,2.0,2.0,1.4545454545454546,0.793388429752066,2.0,0.0,8.0,8.0,2.1818181818181817,3.173553719008264,0.0,0.0,0.0,0.0,0.0,0.0,0.0,2.0,8.0,6.0,3.6363636363636362,2.380165289256198,2.0,9.105,16.69,7.585000000000001,11.173636363636364,3.008925619834711,9.105,0.0,0.0,0.0,0.0,0.0,0.0,0.0,2.25333333333e-05,2.25333333333e-05,6.145454545445454e-06,8.938842975193389e-06,0.0,12.0,194.0,182.0,61.63636363636363,72.19834710743802,12.0,0.3776018215909076,137.60792361818665,3.2773992166436927,0.0,False,True
mp-1217157,Ti3O4,Ti,8.0,22.0,14.0,14.0,6.857142857142857,8.0,43.0,87.0,44.0,68.14285714285714,21.551020408163264,87.0,15.9994,47.867,31.867599999999996,29.65694285714286,15.608620408163265,15.9994,54.8,1941.0,1886.2,863.1714285714286,923.8530612244898,54.8,4.0,16.0,12.0,10.857142857142858,5.877551020408163,16.0,2.0,4.0,2.0,2.857142857142857,0.979591836734694,2.0,66.0,160.0,94.0,106.28571428571429,46.04081632653061,66.0,1.54,3.44,1.9,2.6257142857142854,0.9306122448979591,3.44,2.0,2.0,0.0,2.0,0.0,2.0,0.0,4.0,4.0,2.2857142857142856,1.959183673469388,4.0,0.0,2.0,2.0,0.8571428571428571,0.9795918367346939,0.0,0.0,0.0,0.0,0.0,0.0,0.0,4.0,6.0,2.0,5.142857142857143,0.9795918367346939,6.0,0.0,0.0,0.0,0.0,0.0,0.0,0.0,2.0,2.0,1.1428571428571428,0.979591836734694,2.0,0.0,8.0,8.0,3.4285714285714284,3.9183673469387754,0.0,0.0,0.0,0.0,0.0,0.0,0.0,2.0,8.0,6.0,4.571428571428571,2.9387755102040813,2.0,9.105,16.69,7.585000000000001,12.355714285714287,3.715102040816327,9.105,0.0,0.0,0.0,0.0,0.0,0.0,0.0,2.25333333333e-05,2.25333333333e-05,9.657142857128571e-06,1.1036734693861225e-05,0.0,12.0,194.0,182.0,90.0,89.14285714285714,12.0,0.0266225728571409,69.80936068096659,4.938099741788414,0.0,False,True
mp-1244956,Ti3O,Ti,8.0,22.0,14.0,18.5,5.25,22.0,43.0,87.0,44.0,54.0,16.5,43.0,15.9994,47.867,31.867599999999996,39.9001,11.950349999999997,47.867,54.8,1941.0,1886.2,1469.45,707.325,1941.0,4.0,16.0,12.0,7.0,4.5,4.0,2.0,4.0,2.0,3.5,0.75,4.0,66.0,160.0,94.0,136.5,35.25,160.0,1.54,3.44,1.9,2.015,0.7125,1.54,2.0,2.0,0.0,2.0,0.0,2.0,0.0,4.0,4.0,1.0,1.5,0.0,0.0,2.0,2.0,1.5,0.75,2.0,0.0,0.0,0.0,0.0,0.0,0.0,4.0,6.0,2.0,4.5,0.75,4.0,0.0,0.0,0.0,0.0,0.0,0.0,0.0,2.0,2.0,0.5,0.75,0.0,0.0,8.0,8.0,6.0,3.0,8.0,0.0,0.0,0.0,0.0,0.0,0.0,2.0,8.0,6.0,6.5,2.25,8.0,9.105,16.69,7.585000000000001,14.793750000000003,2.8443749999999994,16.69,0.0,0.0,0.0,0.0,0.0,0.0,0.0,2.25333333333e-05,2.25333333333e-05,1.6899999999975e-05,8.4499999999875e-06,2.25333333333e-05,12.0,194.0,182.0,148.5,68.25,194.0,0.3507954688500003,1455.1592008493833,4.55315644261749,0.0,False,True
mp-1245031,Ti3O5,Ti,8.0,22.0,14.0,13.25,6.5625,8.0,43.0,87.0,44.0,70.5,20.625,87.0,15.9994,47.867,31.867599999999996,27.94975,14.9379375,15.9994,54.8,1941.0,1886.2,762.125,884.15625,54.8,4.0,16.0,12.0,11.5,5.625,16.0,2.0,4.0,2.0,2.75,0.9375,2.0,66.0,160.0,94.0,101.25,44.0625,66.0,1.54,3.44,1.9,2.7275,0.890625,3.44,2.0,2.0,0.0,2.0,0.0,2.0,0.0,4.0,4.0,2.5,1.875,4.0,0.0,2.0,2.0,0.75,0.9375,0.0,0.0,0.0,0.0,0.0,0.0,0.0,4.0,6.0,2.0,5.25,0.9375,6.0,0.0,0.0,0.0,0.0,0.0,0.0,0.0,2.0,2.0,1.25,0.9375,2.0,0.0,8.0,8.0,3.0,3.75,0.0,0.0,0.0,0.0,0.0,0.0,0.0,2.0,8.0,6.0,4.25,2.8125,2.0,9.105,16.69,7.585000000000001,11.949375000000002,3.5554687500000006,9.105,0.0,0.0,0.0,0.0,0.0,0.0,0.0,2.25333333333e-05,2.25333333333e-05,8.4499999999875e-06,1.0562499999984377e-05,0.0,12.0,194.0,182.0,80.25,85.3125,12.0,0.2126794617307688,1335.6519191160896,3.613824621848453,0.0183999999999997,False,False
mp-778663,Ti4O7,Ti,8.0,22.0,14.0,13.090909090909092,6.479338842975207,8.0,43.0,87.0,44.0,71.0,20.363636363636363,87.0,15.9994,47.867,31.867599999999996,27.587618181818183,14.74864132231405,15.9994,54.8,1941.0,1886.2,740.6909090909091,872.9520661157026,54.8,4.0,16.0,12.0,11.636363636363637,5.553719008264463,16.0,2.0,4.0,2.0,2.727272727272727,0.9256198347107438,2.0,66.0,160.0,94.0,100.18181818181819,43.50413223140496,66.0,1.54,3.44,1.9,2.749090909090909,0.8793388429752066,3.44,2.0,2.0,0.0,2.0,0.0,2.0,0.0,4.0,4.0,2.5454545454545454,1.8512396694214877,4.0,0.0,2.0,2.0,0.7272727272727273,0.9256198347107438,0.0,0.0,0.0,0.0,0.0,0.0,0.0,4.0,6.0,2.0,5.2727272727272725,0.9256198347107439,6.0,0.0,0.0,0.0,0.0,0.0,0.0,0.0,2.0,2.0,1.2727272727272727,0.9256198347107438,2.0,0.0,8.0,8.0,2.909090909090909,3.7024793388429753,0.0,0.0,0.0,0.0,0.0,0.0,0.0,2.0,8.0,6.0,4.181818181818182,2.7768595041322315,2.0,9.105,16.69,7.585000000000001,11.863181818181818,3.510413223140496,9.105,0.0,0.0,0.0,0.0,0.0,0.0,0.0,2.25333333333e-05,2.25333333333e-05,8.193939393927273e-06,1.042865013772562e-05,0.0,12.0,194.0,182.0,78.18181818181819,84.23140495867769,12.0,0.0938598568181809,493.8244825655946,4.081721451191843,0.0,False,True
mp-1217135,Ti4O3,Ti,8.0,22.0,14.0,16.0,6.857142857142857,22.0,43.0,87.0,44.0,61.857142857142854,21.551020408163264,43.0,15.9994,47.867,31.867599999999996,34.20945714285714,15.608620408163263,47.867,54.8,1941.0,1886.2,1132.6285714285714,923.8530612244898,1941.0,4.0,16.0,12.0,9.142857142857142,5.877551020408163,4.0,2.0,4.0,2.0,3.142857142857143,0.979591836734694,4.0,66.0,160.0,94.0,119.71428571428571,46.04081632653061,160.0,1.54,3.44,1.9,2.3542857142857145,0.9306122448979591,1.54,2.0,2.0,0.0,2.0,0.0,2.0,0.0,4.0,4.0,1.7142857142857142,1.9591836734693877,0.0,0.0,2.0,2.0,1.1428571428571428,0.979591836734694,2.0,0.0,0.0,0.0,0.0,0.0,0.0,4.0,6.0,2.0,4.857142857142857,0.9795918367346939,4.0,0.0,0.0,0.0,0.0,0.0,0.0,0.0,2.0,2.0,0.8571428571428571,0.9795918367346939,0.0,0.0,8.0,8.0,4.571428571428571,3.918367346938776,8.0,0.0,0.0,0.0,0.0,0.0,0.0,2.0,8.0,6.0,5.428571428571429,2.9387755102040813,8.0,9.105,16.69,7.585000000000001,13.439285714285715,3.715102040816327,16.69,0.0,0.0,0.0,0.0,0.0,0.0,0.0,2.25333333333e-05,2.25333333333e-05,1.287619047617143e-05,1.1036734693861225e-05,2.25333333333e-05,12.0,194.0,182.0,116.0,89.14285714285714,194.0,0.0990684871428566,74.82979348114432,5.31396603260717,0.0,False,True
mp-10734,Ti4O5,Ti,8.0,22.0,14.0,14.222222222222221,6.91358024691358,8.0,43.0,87.0,44.0,67.44444444444444,21.728395061728392,87.0,15.9994,47.867,31.867599999999996,30.162777777777777,15.737086419753085,15.9994,54.8,1941.0,1886.2,893.1111111111111,931.4567901234568,54.8,4.0,16.0,12.0,10.666666666666666,5.9259259259259265,16.0,2.0,4.0,2.0,2.888888888888889,0.9876543209876544,2.0,66.0,160.0,94.0,107.77777777777777,46.41975308641975,66.0,1.54,3.44,1.9,2.5955555555555554,0.9382716049382717,3.44,2.0,2.0,0.0,2.0,0.0,2.0,0.0,4.0,4.0,2.2222222222222223,1.9753086419753088,4.0,0.0,2.0,2.0,0.8888888888888888,0.9876543209876544,0.0,0.0,0.0,0.0,0.0,0.0,0.0,4.0,6.0,2.0,5.111111111111111,0.9876543209876544,6.0,0.0,0.0,0.0,0.0,0.0,0.0,0.0,2.0,2.0,1.1111111111111112,0.9876543209876544,2.0,0.0,8.0,8.0,3.5555555555555554,3.9506172839506175,0.0,0.0,0.0,0.0,0.0,0.0,0.0,2.0,8.0,6.0,4.666666666666667,2.9629629629629632,2.0,9.105,16.69,7.585000000000001,12.476111111111113,3.7456790123456796,9.105,0.0,0.0,0.0,0.0,0.0,0.0,0.0,2.25333333333e-05,2.25333333333e-05,1.00148148148e-05,1.1127572016444445e-05,0.0,12.0,194.0,182.0,92.88888888888889,89.87654320987654,12.0,0.0366094222222219,90.73767653519478,4.9679279386167945,0.0,False,True
mp-1045759,Ti5O7,Ti,8.0,22.0,14.0,13.833333333333334,6.8055555555555545,8.0,43.0,87.0,44.0,68.66666666666667,21.38888888888889,87.0,15.9994,47.867,31.867599999999996,29.27756666666666,15.49119444444444,15.9994,54.8,1941.0,1886.2,840.7166666666667,916.9027777777777,54.8,4.0,16.0,12.0,11.0,5.833333333333333,16.0,2.0,4.0,2.0,2.8333333333333335,0.9722222222222222,2.0,66.0,160.0,94.0,105.16666666666667,45.694444444444436,66.0,1.54,3.44,1.9,2.648333333333333,0.923611111111111,3.44,2.0,2.0,0.0,2.0,0.0,2.0,0.0,4.0,4.0,2.3333333333333335,1.9444444444444446,4.0,0.0,2.0,2.0,0.8333333333333334,0.9722222222222222,0.0,0.0,0.0,0.0,0.0,0.0,0.0,4.0,6.0,2.0,5.166666666666667,0.9722222222222222,6.0,0.0,0.0,0.0,0.0,0.0,0.0,0.0,2.0,2.0,1.1666666666666667,0.9722222222222223,2.0,0.0,8.0,8.0,3.3333333333333335,3.888888888888889,0.0,0.0,0.0,0.0,0.0,0.0,0.0,2.0,8.0,6.0,4.5,2.9166666666666665,2.0,9.105,16.69,7.585000000000001,12.265416666666667,3.687152777777778,9.105,0.0,0.0,0.0,0.0,0.0,0.0,0.0,2.25333333333e-05,2.25333333333e-05,9.388888888875e-06,1.09537037036875e-05,0.0,12.0,194.0,182.0,87.83333333333333,88.47222222222221,12.0,0.1550076733333352,277.1632814646329,4.20978216473716,0.0,False,True
mp-748,Ti5O9,Ti,8.0,22.0,14.0,13.0,6.428571428571429,8.0,43.0,87.0,44.0,71.28571428571429,20.20408163265306,87.0,15.9994,47.867,31.867599999999996,27.38068571428571,14.63308163265306,15.9994,54.8,1941.0,1886.2,728.4428571428572,866.1122448979593,54.8,4.0,16.0,12.0,11.714285714285714,5.5102040816326525,16.0,2.0,4.0,2.0,2.7142857142857144,0.9183673469387755,2.0,66.0,160.0,94.0,99.57142857142857,43.16326530612245,66.0,1.54,3.44,1.9,2.7614285714285716,0.8724489795918366,3.44,2.0,2.0,0.0,2.0,0.0,2.0,0.0,4.0,4.0,2.5714285714285716,1.836734693877551,4.0,0.0,2.0,2.0,0.7142857142857143,0.9183673469387755,0.0,0.0,0.0,0.0,0.0,0.0,0.0,4.0,6.0,2.0,5.285714285714286,0.9183673469387755,6.0,0.0,0.0,0.0,0.0,0.0,0.0,0.0,2.0,2.0,1.2857142857142858,0.9183673469387755,2.0,0.0,8.0,8.0,2.857142857142857,3.673469387755102,0.0,0.0,0.0,0.0,0.0,0.0,0.0,2.0,8.0,6.0,4.142857142857143,2.7551020408163263,2.0,9.105,16.69,7.585000000000001,11.813928571428573,3.4829081632653067,9.105,0.0,0.0,0.0,0.0,0.0,0.0,0.0,2.25333333333e-05,2.25333333333e-05,8.047619047607144e-06,1.0346938775494897e-05,0.0,12.0,194.0,182.0,77.0,83.57142857142857,12.0,0.0107801460714274,296.2867131326208,4.296741965533616,0.0,False,True
mp-759920,Ti5O8,Ti,8.0,22.0,14.0,13.384615384615385,6.627218934911243,8.0,43.0,87.0,44.0,70.07692307692308,20.828402366863905,87.0,15.9994,47.867,31.867599999999996,28.25616923076923,15.085254437869821,15.9994,54.8,1941.0,1886.2,780.2615384615384,892.8757396449705,54.8,4.0,16.0,12.0,11.384615384615385,5.680473372781065,16.0,2.0,4.0,2.0,2.769230769230769,0.9467455621301775,2.0,66.0,160.0,94.0,102.15384615384616,44.49704142011834,66.0,1.54,3.44,1.9,2.709230769230769,0.8994082840236686,3.44,2.0,2.0,0.0,2.0,0.0,2.0,0.0,4.0,4.0,2.4615384615384617,1.893491124260355,4.0,0.0,2.0,2.0,0.7692307692307693,0.9467455621301776,0.0,0.0,0.0,0.0,0.0,0.0,0.0,4.0,6.0,2.0,5.230769230769231,0.9467455621301775,6.0,0.0,0.0,0.0,0.0,0.0,0.0,0.0,2.0,2.0,1.2307692307692308,0.9467455621301775,2.0,0.0,8.0,8.0,3.076923076923077,3.7869822485207103,0.0,0.0,0.0,0.0,0.0,0.0,0.0,2.0,8.0,6.0,4.3076923076923075,2.8402366863905324,2.0,9.105,16.69,7.585000000000001,12.022307692307693,3.5905325443786986,9.105,0.0,0.0,0.0,0.0,0.0,0.0,0.0,2.25333333333e-05,2.25333333333e-05,8.666666666653847e-06,1.0666666666650887e-05,0.0,12.0,194.0,182.0,82.0,86.15384615384616,12.0,0.0131422769230784,410.3530261794498,4.459327281973952,0.0,False,True
mp-882,Ti6O,Ti,8.0,22.0,14.0,20.0,3.4285714285714284,22.0,43.0,87.0,44.0,49.285714285714285,10.77551020408163,43.0,15.9994,47.867,31.867599999999996,43.31448571428571,7.8043102040816335,47.867,54.8,1941.0,1886.2,1671.542857142857,461.9265306122451,1941.0,4.0,16.0,12.0,5.714285714285714,2.9387755102040813,4.0,2.0,4.0,2.0,3.7142857142857144,0.48979591836734687,4.0,66.0,160.0,94.0,146.57142857142858,23.020408163265298,160.0,1.54,3.44,1.9,1.8114285714285714,0.4653061224489795,1.54,2.0,2.0,0.0,2.0,0.0,2.0,0.0,4.0,4.0,0.5714285714285714,0.979591836734694,0.0,0.0,2.0,2.0,1.7142857142857142,0.489795918367347,2.0,0.0,0.0,0.0,0.0,0.0,0.0,4.0,6.0,2.0,4.285714285714286,0.48979591836734687,4.0,0.0,0.0,0.0,0.0,0.0,0.0,0.0,2.0,2.0,0.2857142857142857,0.489795918367347,0.0,0.0,8.0,8.0,6.857142857142857,1.959183673469388,8.0,0.0,0.0,0.0,0.0,0.0,0.0,2.0,8.0,6.0,7.142857142857143,1.4693877551020407,8.0,9.105,16.69,7.585000000000001,15.606428571428575,1.8575510204081618,16.69,0.0,0.0,0.0,0.0,0.0,0.0,0.0,2.25333333333e-05,2.25333333333e-05,1.9314285714257143e-05,5.518367346930613e-06,2.25333333333e-05,12.0,194.0,182.0,168.0,44.57142857142857,194.0,0.0117340728571431,213.51484396580415,4.716091500709671,0.0,False,True
mp-30524,Ti6O11,Ti,8.0,22.0,14.0,12.941176470588236,6.3944636678200695,8.0,43.0,87.0,44.0,71.47058823529412,20.096885813148788,87.0,15.9994,47.867,31.867599999999996,27.24678823529412,14.555443598615916,15.9994,54.8,1941.0,1886.2,720.5176470588235,861.516955017301,54.8,4.0,16.0,12.0,11.764705882352942,5.4809688581314875,16.0,2.0,4.0,2.0,2.7058823529411766,0.9134948096885814,2.0,66.0,160.0,94.0,99.17647058823529,42.93425605536332,66.0,1.54,3.44,1.9,2.7694117647058825,0.8678200692041522,3.44,2.0,2.0,0.0,2.0,0.0,2.0,0.0,4.0,4.0,2.588235294117647,1.8269896193771626,4.0,0.0,2.0,2.0,0.7058823529411765,0.9134948096885813,0.0,0.0,0.0,0.0,0.0,0.0,0.0,4.0,6.0,2.0,5.294117647058823,0.9134948096885814,6.0,0.0,0.0,0.0,0.0,0.0,0.0,0.0,2.0,2.0,1.2941176470588236,0.9134948096885813,2.0,0.0,8.0,8.0,2.823529411764706,3.6539792387543253,0.0,0.0,0.0,0.0,0.0,0.0,0.0,2.0,8.0,6.0,4.117647058823529,2.7404844290657437,2.0,9.105,16.69,7.585000000000001,11.782058823529413,3.4644290657439454,9.105,0.0,0.0,0.0,0.0,0.0,0.0,0.0,2.25333333333e-05,2.25333333333e-05,7.952941176458823e-06,1.0292041522476125e-05,0.0,12.0,194.0,182.0,76.23529411764706,83.12802768166091,12.0,0.0138275777941174,359.3760311369506,4.280497259712451,0.0,False,True
mp-779692,Ti7O8,Ti,8.0,22.0,14.0,14.533333333333333,6.9688888888888885,8.0,43.0,87.0,44.0,66.46666666666667,21.90222222222222,87.0,15.9994,47.867,31.867599999999996,30.870946666666665,15.86298311111111,15.9994,54.8,1941.0,1886.2,935.0266666666666,938.9084444444445,54.8,4.0,16.0,12.0,10.4,5.973333333333333,16.0,2.0,4.0,2.0,2.933333333333333,0.9955555555555555,2.0,66.0,160.0,94.0,109.86666666666666,46.791111111111114,66.0,1.54,3.44,1.9,2.5533333333333332,0.9457777777777777,3.44,2.0,2.0,0.0,2.0,0.0,2.0,0.0,4.0,4.0,2.1333333333333333,1.991111111111111,4.0,0.0,2.0,2.0,0.9333333333333333,0.9955555555555555,0.0,0.0,0.0,0.0,0.0,0.0,0.0,4.0,6.0,2.0,5.066666666666666,0.9955555555555555,6.0,0.0,0.0,0.0,0.0,0.0,0.0,0.0,2.0,2.0,1.0666666666666667,0.9955555555555555,2.0,0.0,8.0,8.0,3.7333333333333334,3.982222222222222,0.0,0.0,0.0,0.0,0.0,0.0,0.0,2.0,8.0,6.0,4.8,2.9866666666666664,2.0,9.105,16.69,7.585000000000001,12.644666666666668,3.775644444444445,9.105,0.0,0.0,0.0,0.0,0.0,0.0,0.0,2.25333333333e-05,2.25333333333e-05,1.0515555555540001e-05,1.1216592592576002e-05,0.0,12.0,194.0,182.0,96.93333333333334,90.59555555555556,12.0,0.1157833386666666,165.56435271850313,4.644334259715617,0.0,False,True
mp-556724,Ti7O13,Ti,8.0,22.0,14.0,12.9,6.37,8.0,43.0,87.0,44.0,71.6,20.020000000000003,87.0,15.9994,47.867,31.867599999999996,27.15306,14.499757999999996,15.9994,54.8,1941.0,1886.2,714.97,858.2209999999999,54.8,4.0,16.0,12.0,11.8,5.46,16.0,2.0,4.0,2.0,2.7,0.9099999999999999,2.0,66.0,160.0,94.0,98.9,42.769999999999996,66.0,1.54,3.44,1.9,2.775,0.8644999999999999,3.44,2.0,2.0,0.0,2.0,0.0,2.0,0.0,4.0,4.0,2.6,1.8199999999999998,4.0,0.0,2.0,2.0,0.7,0.9099999999999999,0.0,0.0,0.0,0.0,0.0,0.0,0.0,4.0,6.0,2.0,5.3,0.9099999999999999,6.0,0.0,0.0,0.0,0.0,0.0,0.0,0.0,2.0,2.0,1.3,0.9099999999999999,2.0,0.0,8.0,8.0,2.8,3.6399999999999997,0.0,0.0,0.0,0.0,0.0,0.0,0.0,2.0,8.0,6.0,4.1,2.73,2.0,9.105,16.69,7.585000000000001,11.75975,3.4511750000000005,9.105,0.0,0.0,0.0,0.0,0.0,0.0,0.0,2.25333333333e-05,2.25333333333e-05,7.886666666655001e-06,1.02526666666515e-05,0.0,12.0,194.0,182.0,75.7,82.81,12.0,0.0166149702499982,422.4950270949022,4.268804514056533,0.0,False,True
mp-565700,Ti8O15,Ti,8.0,22.0,14.0,12.869565217391305,6.351606805293005,8.0,43.0,87.0,44.0,71.69565217391305,19.96219281663516,87.0,15.9994,47.867,31.867599999999996,27.08378260869565,14.457890359168243,15.9994,54.8,1941.0,1886.2,710.8695652173913,855.7429111531192,54.8,4.0,16.0,12.0,11.826086956521738,5.4442344045368625,16.0,2.0,4.0,2.0,2.6956521739130435,0.9073724007561437,2.0,66.0,160.0,94.0,98.69565217391305,42.64650283553875,66.0,1.54,3.44,1.9,2.779130434782609,0.8620037807183363,3.44,2.0,2.0,0.0,2.0,0.0,2.0,0.0,4.0,4.0,2.608695652173913,1.8147448015122873,4.0,0.0,2.0,2.0,0.6956521739130435,0.9073724007561437,0.0,0.0,0.0,0.0,0.0,0.0,0.0,4.0,6.0,2.0,5.304347826086956,0.9073724007561438,6.0,0.0,0.0,0.0,0.0,0.0,0.0,0.0,2.0,2.0,1.3043478260869565,0.9073724007561437,2.0,0.0,8.0,8.0,2.782608695652174,3.6294896030245747,0.0,0.0,0.0,0.0,0.0,0.0,0.0,2.0,8.0,6.0,4.086956521739131,2.7221172022684312,2.0,9.105,16.69,7.585000000000001,11.74326086956522,3.4412098298676757,9.105,0.0,0.0,0.0,0.0,0.0,0.0,0.0,2.25333333333e-05,2.25333333333e-05,7.837681159408696e-06,1.022306238183743e-05,0.0,12.0,194.0,182.0,75.30434782608695,82.57088846880906,12.0,0.0189896770652158,485.5865915356917,4.26039202323855,0.0,False,True
mp-752989,Ti8O13,Ti,8.0,22.0,14.0,13.333333333333334,6.603174603174604,8.0,43.0,87.0,44.0,70.23809523809524,20.75283446712018,87.0,15.9994,47.867,31.867599999999996,28.13943809523809,15.030523356009068,15.9994,54.8,1941.0,1886.2,773.3523809523809,889.6362811791385,54.8,4.0,16.0,12.0,11.428571428571429,5.659863945578231,16.0,2.0,4.0,2.0,2.761904761904762,0.9433106575963719,2.0,66.0,160.0,94.0,101.80952380952381,44.33560090702948,66.0,1.54,3.44,1.9,2.716190476190476,0.8961451247165533,3.44,2.0,2.0,0.0,2.0,0.0,2.0,0.0,4.0,4.0,2.4761904761904763,1.8866213151927438,4.0,0.0,2.0,2.0,0.7619047619047619,0.9433106575963719,0.0,0.0,0.0,0.0,0.0,0.0,0.0,4.0,6.0,2.0,5.238095238095238,0.9433106575963719,6.0,0.0,0.0,0.0,0.0,0.0,0.0,0.0,2.0,2.0,1.2380952380952381,0.9433106575963719,2.0,0.0,8.0,8.0,3.0476190476190474,3.7732426303854876,0.0,0.0,0.0,0.0,0.0,0.0,0.0,2.0,8.0,6.0,4.285714285714286,2.8299319727891157,2.0,9.105,16.69,7.585000000000001,11.99452380952381,3.5775056689342404,9.105,0.0,0.0,0.0,0.0,0.0,0.0,0.0,2.25333333333e-05,2.25333333333e-05,8.584126984114285e-06,1.0627966742236736e-05,0.0,12.0,194.0,182.0,81.33333333333333,85.84126984126983,12.0,0.0099539847619052,242.12323586529487,4.052726949232143,0.1144999999999996,False,False
mp-1045643,Ti9O13,Ti,8.0,22.0,14.0,13.727272727272727,6.768595041322314,8.0,43.0,87.0,44.0,69.0,21.272727272727273,87.0,15.9994,47.867,31.867599999999996,29.036145454545455,15.407062809917353,15.9994,54.8,1941.0,1886.2,826.4272727272728,911.9231404958678,54.8,4.0,16.0,12.0,11.090909090909092,5.801652892561983,16.0,2.0,4.0,2.0,2.8181818181818183,0.9669421487603306,2.0,66.0,160.0,94.0,104.45454545454545,45.446280991735534,66.0,1.54,3.44,1.9,2.6627272727272726,0.9185950413223142,3.44,2.0,2.0,0.0,2.0,0.0,2.0,0.0,4.0,4.0,2.3636363636363638,1.9338842975206612,4.0,0.0,2.0,2.0,0.8181818181818182,0.9669421487603306,0.0,0.0,0.0,0.0,0.0,0.0,0.0,4.0,6.0,2.0,5.181818181818182,0.9669421487603306,6.0,0.0,0.0,0.0,0.0,0.0,0.0,0.0,2.0,2.0,1.1818181818181819,0.9669421487603306,2.0,0.0,8.0,8.0,3.272727272727273,3.8677685950413223,0.0,0.0,0.0,0.0,0.0,0.0,0.0,2.0,8.0,6.0,4.454545454545454,2.9008264462809916,2.0,9.105,16.69,7.585000000000001,12.207954545454548,3.6671280991735546,9.105,0.0,0.0,0.0,0.0,0.0,0.0,0.0,2.25333333333e-05,2.25333333333e-05,9.218181818168181e-06,1.0894214876016942e-05,0.0,12.0,194.0,182.0,86.45454545454545,87.99173553719008,12.0,0.1407040772727299,251.48701079847953,4.217889358462954,0.0,False,True
mp-1217149,Ti9O10,Ti,8.0,22.0,14.0,14.631578947368421,6.980609418282549,8.0,43.0,87.0,44.0,66.15789473684211,21.939058171745152,87.0,15.9994,47.867,31.867599999999996,31.094578947368422,15.889662049861494,15.9994,54.8,1941.0,1886.2,948.2631578947369,940.487534626039,54.8,4.0,16.0,12.0,10.31578947368421,5.983379501385041,16.0,2.0,4.0,2.0,2.9473684210526314,0.9972299168975068,2.0,66.0,160.0,94.0,110.52631578947368,46.86980609418283,66.0,1.54,3.44,1.9,2.54,0.9473684210526315,3.44,2.0,2.0,0.0,2.0,0.0,2.0,0.0,4.0,4.0,2.1052631578947367,1.9944598337950137,4.0,0.0,2.0,2.0,0.9473684210526315,0.9972299168975068,0.0,0.0,0.0,0.0,0.0,0.0,0.0,4.0,6.0,2.0,5.052631578947368,0.9972299168975068,6.0,0.0,0.0,0.0,0.0,0.0,0.0,0.0,2.0,2.0,1.0526315789473684,0.9972299168975068,2.0,0.0,8.0,8.0,3.789473684210526,3.9889196675900274,0.0,0.0,0.0,0.0,0.0,0.0,0.0,2.0,8.0,6.0,4.842105263157895,2.9916897506925206,2.0,9.105,16.69,7.585000000000001,12.697894736842107,3.7819944598337956,9.105,0.0,0.0,0.0,0.0,0.0,0.0,0.0,2.25333333333e-05,2.25333333333e-05,1.0673684210510525e-05,1.1235457063695292e-05,0.0,12.0,194.0,182.0,98.21052631578948,90.74792243767314,12.0,0.244662513157893,218.79855255583985,4.483765952018153,0.0,False,True
mp-27273,Ti9O17,Ti,8.0,22.0,14.0,12.846153846153847,6.337278106508876,8.0,43.0,87.0,44.0,71.76923076923077,19.91715976331361,87.0,15.9994,47.867,31.867599999999996,27.030492307692306,14.425274556213017,15.9994,54.8,1941.0,1886.2,707.7153846153846,853.8124260355029,54.8,4.0,16.0,12.0,11.846153846153847,5.431952662721893,16.0,2.0,4.0,2.0,2.6923076923076925,0.9053254437869823,2.0,66.0,160.0,94.0,98.53846153846153,42.55029585798817,66.0,1.54,3.44,1.9,2.7823076923076924,0.860059171597633,3.44,2.0,2.0,0.0,2.0,0.0,2.0,0.0,4.0,4.0,2.6153846153846154,1.8106508875739646,4.0,0.0,2.0,2.0,0.6923076923076923,0.9053254437869823,0.0,0.0,0.0,0.0,0.0,0.0,0.0,4.0,6.0,2.0,5.3076923076923075,0.9053254437869823,6.0,0.0,0.0,0.0,0.0,0.0,0.0,0.0,2.0,2.0,1.3076923076923077,0.9053254437869823,2.0,0.0,8.0,8.0,2.769230769230769,3.6213017751479293,0.0,0.0,0.0,0.0,0.0,0.0,0.0,2.0,8.0,6.0,4.076923076923077,2.7159763313609466,2.0,9.105,16.69,7.585000000000001,11.730576923076923,3.43344674556213,9.105,0.0,0.0,0.0,0.0,0.0,0.0,0.0,2.25333333333e-05,2.25333333333e-05,7.799999999988462e-06,1.019999999998491e-05,0.0,12.0,194.0,182.0,75.0,82.38461538461539,12.0,0.0207832038461521,548.2424667111559,4.257294801537243,0.0,False,True
mp-32544,Ti9O8,Ti,8.0,22.0,14.0,15.411764705882353,6.975778546712803,22.0,43.0,87.0,44.0,63.705882352941174,21.92387543252595,43.0,15.9994,47.867,31.867599999999996,32.870482352941174,15.878665743944634,47.867,54.8,1941.0,1886.2,1053.3764705882354,939.8366782006921,1941.0,4.0,16.0,12.0,9.647058823529411,5.97923875432526,4.0,2.0,4.0,2.0,3.0588235294117645,0.9965397923875433,4.0,66.0,160.0,94.0,115.76470588235294,46.83737024221453,160.0,1.54,3.44,1.9,2.434117647058823,0.946712802768166,1.54,2.0,2.0,0.0,2.0,0.0,2.0,0.0,4.0,4.0,1.8823529411764706,1.9930795847750866,0.0,0.0,2.0,2.0,1.0588235294117647,0.9965397923875433,2.0,0.0,0.0,0.0,0.0,0.0,0.0,4.0,6.0,2.0,4.9411764705882355,0.9965397923875433,4.0,0.0,0.0,0.0,0.0,0.0,0.0,0.0,2.0,2.0,0.9411764705882353,0.9965397923875433,0.0,0.0,8.0,8.0,4.235294117647059,3.9861591695501732,8.0,0.0,0.0,0.0,0.0,0.0,0.0,2.0,8.0,6.0,5.176470588235294,2.98961937716263,8.0,9.105,16.69,7.585000000000001,13.120588235294118,3.779377162629758,16.69,0.0,0.0,0.0,0.0,0.0,0.0,0.0,2.25333333333e-05,2.25333333333e-05,1.1929411764688236e-05,1.1227681660883046e-05,2.25333333333e-05,12.0,194.0,182.0,108.3529411764706,90.68512110726643,194.0,0.1624503055882353,349.1388524102388,5.315399511320384,0.0,False,True
mp-684733,Ti10O11,Ti,8.0,22.0,14.0,14.666666666666666,6.984126984126985,8.0,43.0,87.0,44.0,66.04761904761905,21.950113378684808,87.0,15.9994,47.867,31.867599999999996,31.174447619047616,15.897668934240361,15.9994,54.8,1941.0,1886.2,952.9904761904761,940.9614512471654,54.8,4.0,16.0,12.0,10.285714285714286,5.986394557823129,16.0,2.0,4.0,2.0,2.9523809523809526,0.9977324263038548,2.0,66.0,160.0,94.0,110.76190476190476,46.89342403628118,66.0,1.54,3.44,1.9,2.535238095238095,0.9478458049886621,3.44,2.0,2.0,0.0,2.0,0.0,2.0,0.0,4.0,4.0,2.0952380952380953,1.9954648526077097,4.0,0.0,2.0,2.0,0.9523809523809523,0.9977324263038548,0.0,0.0,0.0,0.0,0.0,0.0,0.0,4.0,6.0,2.0,5.0476190476190474,0.9977324263038548,6.0,0.0,0.0,0.0,0.0,0.0,0.0,0.0,2.0,2.0,1.0476190476190477,0.9977324263038548,2.0,0.0,8.0,8.0,3.8095238095238093,3.9909297052154193,0.0,0.0,0.0,0.0,0.0,0.0,0.0,2.0,8.0,6.0,4.857142857142857,2.9931972789115644,2.0,9.105,16.69,7.585000000000001,12.716904761904763,3.7839002267573703,9.105,0.0,0.0,0.0,0.0,0.0,0.0,0.0,2.25333333333e-05,2.25333333333e-05,1.0730158730142857e-05,1.124111866967347e-05,0.0,12.0,194.0,182.0,98.66666666666667,90.79365079365078,12.0,0.1460034838095243,424.9611675424274,5.116204659257331,0.0,False,True
mp-753593,Ti10O13,Ti,8.0,22.0,14.0,14.08695652173913,6.880907372400755,8.0,43.0,87.0,44.0,67.8695652173913,21.62570888468809,87.0,15.9994,47.867,31.867599999999996,29.854878260869565,15.662714555765596,15.9994,54.8,1941.0,1886.2,874.8869565217392,927.0548204158789,54.8,4.0,16.0,12.0,10.782608695652174,5.897920604914933,16.0,2.0,4.0,2.0,2.869565217391304,0.9829867674858224,2.0,66.0,160.0,94.0,106.8695652173913,46.200378071833654,66.0,1.54,3.44,1.9,2.6139130434782607,0.9338374291115311,3.44,2.0,2.0,0.0,2.0,0.0,2.0,0.0,4.0,4.0,2.260869565217391,1.9659735349716447,4.0,0.0,2.0,2.0,0.8695652173913043,0.9829867674858224,0.0,0.0,0.0,0.0,0.0,0.0,0.0,4.0,6.0,2.0,5.130434782608695,0.9829867674858224,6.0,0.0,0.0,0.0,0.0,0.0,0.0,0.0,2.0,2.0,1.1304347826086956,0.9829867674858224,2.0,0.0,8.0,8.0,3.4782608695652173,3.9319470699432895,0.0,0.0,0.0,0.0,0.0,0.0,0.0,2.0,8.0,6.0,4.608695652173913,2.9489603024574667,2.0,9.105,16.69,7.585000000000001,12.402826086956521,3.727977315689982,9.105,0.0,0.0,0.0,0.0,0.0,0.0,0.0,2.25333333333e-05,2.25333333333e-05,9.79710144926087e-06,1.107498424699055e-05,0.0,12.0,194.0,182.0,91.1304347826087,89.45179584120983,12.0,0.0282428717391294,230.577800619834,4.945096219954479,0.0,False,True
mp-2739250,Ti11O14,Ti,8.0,22.0,14.0,14.16,6.8992,8.0,43.0,87.0,44.0,67.64,21.683199999999996,87.0,15.9994,47.867,31.867599999999996,30.021143999999996,15.704353279999998,15.9994,54.8,1941.0,1886.2,884.7280000000001,929.51936,54.8,4.0,16.0,12.0,10.72,5.913599999999999,16.0,2.0,4.0,2.0,2.88,0.9856,2.0,66.0,160.0,94.0,107.36,46.3232,66.0,1.54,3.44,1.9,2.6039999999999996,0.93632,3.44,2.0,2.0,0.0,2.0,0.0,2.0,0.0,4.0,4.0,2.24,1.9712,4.0,0.0,2.0,2.0,0.88,0.9856,0.0,0.0,0.0,0.0,0.0,0.0,0.0,4.0,6.0,2.0,5.12,0.9856,6.0,0.0,0.0,0.0,0.0,0.0,0.0,0.0,2.0,2.0,1.12,0.9856,2.0,0.0,8.0,8.0,3.52,3.9424,0.0,0.0,0.0,0.0,0.0,0.0,0.0,2.0,8.0,6.0,4.64,2.9567999999999994,2.0,9.105,16.69,7.585000000000001,12.4424,3.7378880000000003,9.105,0.0,0.0,0.0,0.0,0.0,0.0,0.0,2.25333333333e-05,2.25333333333e-05,9.914666666652001e-06,1.110442666665024e-05,0.0,12.0,194.0,182.0,92.08,89.68959999999998,12.0,0.058591720799999,251.9507727658965,4.946530026323161,0.0,False,True
mp-760747,Ti11O18,Ti,8.0,22.0,14.0,13.310344827586206,6.592152199762188,8.0,43.0,87.0,44.0,70.3103448275862,20.718192627824017,87.0,15.9994,47.867,31.867599999999996,28.087110344827583,15.005433531510105,15.9994,54.8,1941.0,1886.2,770.2551724137932,888.1512485136743,54.8,4.0,16.0,12.0,11.448275862068966,5.650416171224732,16.0,2.0,4.0,2.0,2.7586206896551726,0.9417360285374554,2.0,66.0,160.0,94.0,101.65517241379311,44.26159334126041,66.0,1.54,3.44,1.9,2.719310344827586,0.8946492271105827,3.44,2.0,2.0,0.0,2.0,0.0,2.0,0.0,4.0,4.0,2.4827586206896552,1.8834720570749108,4.0,0.0,2.0,2.0,0.7586206896551724,0.9417360285374554,0.0,0.0,0.0,0.0,0.0,0.0,0.0,4.0,6.0,2.0,5.241379310344827,0.9417360285374554,6.0,0.0,0.0,0.0,0.0,0.0,0.0,0.0,2.0,2.0,1.2413793103448276,0.9417360285374554,2.0,0.0,8.0,8.0,3.0344827586206895,3.7669441141498217,0.0,0.0,0.0,0.0,0.0,0.0,0.0,2.0,8.0,6.0,4.275862068965517,2.825208085612366,2.0,9.105,16.69,7.585000000000001,11.982068965517241,3.5715338882282994,9.105,0.0,0.0,0.0,0.0,0.0,0.0,0.0,2.25333333333e-05,2.25333333333e-05,8.547126436768967e-06,1.0610225921506304e-05,0.0,12.0,194.0,182.0,81.03448275862068,85.69797859690846,12.0,0.0194360482758622,306.69832203852724,4.410042313792113,0.0,False,True
mp-656852,Ti13O22,Ti,8.0,22.0,14.0,13.2,6.5371428571428565,8.0,43.0,87.0,44.0,70.65714285714286,20.545306122448977,87.0,15.9994,47.867,31.867599999999996,27.83593714285714,14.880218122448978,15.9994,54.8,1941.0,1886.2,755.3885714285714,880.7399183673471,54.8,4.0,16.0,12.0,11.542857142857143,5.603265306122449,16.0,2.0,4.0,2.0,2.742857142857143,0.9338775510204081,2.0,66.0,160.0,94.0,100.91428571428571,43.89224489795918,66.0,1.54,3.44,1.9,2.734285714285714,0.8871836734693878,3.44,2.0,2.0,0.0,2.0,0.0,2.0,0.0,4.0,4.0,2.5142857142857142,1.8677551020408163,4.0,0.0,2.0,2.0,0.7428571428571429,0.9338775510204081,0.0,0.0,0.0,0.0,0.0,0.0,0.0,4.0,6.0,2.0,5.257142857142857,0.9338775510204081,6.0,0.0,0.0,0.0,0.0,0.0,0.0,0.0,2.0,2.0,1.2571428571428571,0.9338775510204081,2.0,0.0,8.0,8.0,2.9714285714285715,3.7355102040816326,0.0,0.0,0.0,0.0,0.0,0.0,0.0,2.0,8.0,6.0,4.228571428571429,2.8016326530612243,2.0,9.105,16.69,7.585000000000001,11.922285714285715,3.541730612244898,9.105,0.0,0.0,0.0,0.0,0.0,0.0,0.0,2.25333333333e-05,2.25333333333e-05,8.369523809511429e-06,1.0521687074814369e-05,0.0,12.0,194.0,182.0,79.6,84.98285714285713,12.0,0.0129439730714295,810.8539189415468,3.990344258832327,0.0,False,True
mp-760075,Ti19O30,Ti,8.0,22.0,14.0,13.428571428571429,6.647230320699709,8.0,43.0,87.0,44.0,69.93877551020408,20.891295293627657,87.0,15.9994,47.867,31.867599999999996,28.356224489795917,15.130805497709288,15.9994,54.8,1941.0,1886.2,786.1836734693877,895.5718450645566,54.8,4.0,16.0,12.0,11.346938775510203,5.697625989171179,16.0,2.0,4.0,2.0,2.7755102040816326,0.9496043315285297,2.0,66.0,160.0,94.0,102.44897959183673,44.63140358184091,66.0,1.54,3.44,1.9,2.703265306122449,0.9021241149521032,3.44,2.0,2.0,0.0,2.0,0.0,2.0,0.0,4.0,4.0,2.4489795918367347,1.8992086630570595,4.0,0.0,2.0,2.0,0.7755102040816326,0.9496043315285297,0.0,0.0,0.0,0.0,0.0,0.0,0.0,4.0,6.0,2.0,5.224489795918367,0.94960433152853,6.0,0.0,0.0,0.0,0.0,0.0,0.0,0.0,2.0,2.0,1.2244897959183674,0.9496043315285297,2.0,0.0,8.0,8.0,3.1020408163265305,3.798417326114119,0.0,0.0,0.0,0.0,0.0,0.0,0.0,2.0,8.0,6.0,4.326530612244898,2.8488129945855896,2.0,9.105,16.69,7.585000000000001,12.046122448979592,3.6013744273219492,9.105,0.0,0.0,0.0,0.0,0.0,0.0,0.0,2.25333333333e-05,2.25333333333e-05,8.73741496597347e-06,1.0698875468538943e-05,0.0,12.0,194.0,182.0,82.57142857142857,86.4139941690962,12.0,0.0113195504081637,515.0391610824431,4.479745398693894,0.0,False,True
mp-1780502,VO2,V,8.0,23.0,15.0,13.0,6.666666666666667,8.0,46.0,87.0,41.0,73.33333333333333,18.222222222222225,87.0,15.9994,50.9415,34.942099999999996,27.646766666666664,15.529822222222222,15.9994,54.8,2183.0,2128.2,764.1999999999999,945.8666666666668,54.8,5.0,16.0,11.0,12.333333333333334,4.888888888888888,16.0,2.0,4.0,2.0,2.6666666666666665,0.8888888888888888,2.0,66.0,153.0,87.0,95.0,38.666666666666664,66.0,1.63,3.44,1.81,2.8366666666666664,0.8044444444444445,3.44,2.0,2.0,0.0,2.0,0.0,2.0,0.0,4.0,4.0,2.6666666666666665,1.777777777777778,4.0,0.0,3.0,3.0,1.0,1.3333333333333333,0.0,0.0,0.0,0.0,0.0,0.0,0.0,5.0,6.0,1.0,5.666666666666667,0.44444444444444436,6.0,0.0,0.0,0.0,0.0,0.0,0.0,0.0,2.0,2.0,1.3333333333333333,0.888888888888889,2.0,0.0,7.0,7.0,2.3333333333333335,3.1111111111111107,0.0,0.0,0.0,0.0,0.0,0.0,0.0,2.0,7.0,5.0,3.6666666666666665,2.222222222222222,2.0,9.105,13.01,3.9049999999999994,10.406666666666666,1.735555555555555,9.105,0.0,0.0,0.0,0.0,0.0,0.0,0.0,0.0,0.0,0.0,0.0,0.0,12.0,229.0,217.0,84.33333333333333,96.44444444444446,12.0,0.2045719916666524,147.8941286002547,3.724978397491521,1.1092000000000002,False,False
mp-826024,VO3,V,8.0,23.0,15.0,11.75,5.625,8.0,46.0,87.0,41.0,76.75,15.375,87.0,15.9994,50.9415,34.942099999999996,24.734924999999997,13.103287499999999,15.9994,54.8,2183.0,2128.2,586.85,798.075,54.8,5.0,16.0,11.0,13.25,4.125,16.0,2.0,4.0,2.0,2.5,0.75,2.0,66.0,153.0,87.0,87.75,32.625,66.0,1.63,3.44,1.81,2.9875,0.6787500000000001,3.44,2.0,2.0,0.0,2.0,0.0,2.0,0.0,4.0,4.0,3.0,1.5,4.0,0.0,3.0,3.0,0.75,1.125,0.0,0.0,0.0,0.0,0.0,0.0,0.0,5.0,6.0,1.0,5.75,0.375,6.0,0.0,0.0,0.0,0.0,0.0,0.0,0.0,2.0,2.0,1.5,0.75,2.0,0.0,7.0,7.0,1.75,2.625,0.0,0.0,0.0,0.0,0.0,0.0,0.0,2.0,7.0,5.0,3.25,1.875,2.0,9.105,13.01,3.9049999999999994,10.08125,1.464375,9.105,0.0,0.0,0.0,0.0,0.0,0.0,0.0,0.0,0.0,0.0,0.0,0.0,12.0,229.0,217.0,66.25,81.375,12.0,0.3395269399999998,268.1566615707423,2.4507052907784193,0.0785,False,False
mp-1273331,VO,V,8.0,23.0,15.0,15.5,7.5,8.0,46.0,87.0,41.0,66.5,20.5,46.0,15.9994,50.9415,34.942099999999996,33.47045,17.471049999999998,15.9994,54.8,2183.0,2128.2,1118.9,1064.1,54.8,5.0,16.0,11.0,10.5,5.5,5.0,2.0,4.0,2.0,3.0,1.0,2.0,66.0,153.0,87.0,109.5,43.5,66.0,1.63,3.44,1.81,2.535,0.905,1.63,2.0,2.0,0.0,2.0,0.0,2.0,0.0,4.0,4.0,2.0,2.0,0.0,0.0,3.0,3.0,1.5,1.5,0.0,0.0,0.0,0.0,0.0,0.0,0.0,5.0,6.0,1.0,5.5,0.5,5.0,0.0,0.0,0.0,0.0,0.0,0.0,0.0,2.0,2.0,1.0,1.0,0.0,0.0,7.0,7.0,3.5,3.5,0.0,0.0,0.0,0.0,0.0,0.0,0.0,2.0,7.0,5.0,4.5,2.5,2.0,9.105,13.01,3.9049999999999994,11.057500000000001,1.9524999999999997,9.105,0.0,0.0,0.0,0.0,0.0,0.0,0.0,0.0,0.0,0.0,0.0,0.0,12.0,229.0,217.0,120.5,108.5,12.0,0.0625670652083325,86.10667221884472,5.1637336291967175,1.5467000000000004,False,False
mp-1410508,V2O5,V,8.0,23.0,15.0,12.285714285714286,6.122448979591837,8.0,46.0,87.0,41.0,75.28571428571429,16.734693877551017,87.0,15.9994,50.9415,34.942099999999996,25.982857142857142,14.26208163265306,15.9994,54.8,2183.0,2128.2,662.8571428571429,868.6530612244899,54.8,5.0,16.0,11.0,12.857142857142858,4.489795918367347,16.0,2.0,4.0,2.0,2.5714285714285716,0.816326530612245,2.0,66.0,153.0,87.0,90.85714285714286,35.51020408163266,66.0,1.63,3.44,1.81,2.922857142857143,0.7387755102040815,3.44,2.0,2.0,0.0,2.0,0.0,2.0,0.0,4.0,4.0,2.857142857142857,1.6326530612244896,4.0,0.0,3.0,3.0,0.8571428571428571,1.2244897959183674,0.0,0.0,0.0,0.0,0.0,0.0,0.0,5.0,6.0,1.0,5.714285714285714,0.4081632653061224,6.0,0.0,0.0,0.0,0.0,0.0,0.0,0.0,2.0,2.0,1.4285714285714286,0.8163265306122448,2.0,0.0,7.0,7.0,2.0,2.857142857142857,0.0,0.0,0.0,0.0,0.0,0.0,0.0,2.0,7.0,5.0,3.4285714285714284,2.0408163265306123,2.0,9.105,13.01,3.9049999999999994,10.220714285714285,1.5938775510204075,9.105,0.0,0.0,0.0,0.0,0.0,0.0,0.0,0.0,0.0,0.0,0.0,0.0,12.0,229.0,217.0,74.0,88.57142857142857,12.0,0.0559567128571423,203.79935415542684,2.963884229238881,1.4259036239510317,False,False
mp-18937,V2O3,V,8.0,23.0,15.0,14.0,7.2,8.0,46.0,87.0,41.0,70.6,19.68,87.0,15.9994,50.9415,34.942099999999996,29.976239999999997,16.772208,15.9994,54.8,2183.0,2128.2,906.0799999999999,1021.5360000000001,54.8,5.0,16.0,11.0,11.6,5.279999999999999,16.0,2.0,4.0,2.0,2.8,0.96,2.0,66.0,153.0,87.0,100.8,41.760000000000005,66.0,1.63,3.44,1.81,2.716,0.8687999999999999,3.44,2.0,2.0,0.0,2.0,0.0,2.0,0.0,4.0,4.0,2.4,1.9200000000000004,4.0,0.0,3.0,3.0,1.2,1.44,0.0,0.0,0.0,0.0,0.0,0.0,0.0,5.0,6.0,1.0,5.6,0.4800000000000001,6.0,0.0,0.0,0.0,0.0,0.0,0.0,0.0,2.0,2.0,1.2,0.9600000000000002,2.0,0.0,7.0,7.0,2.8,3.3599999999999994,0.0,0.0,0.0,0.0,0.0,0.0,0.0,2.0,7.0,5.0,4.0,2.4,2.0,9.105,13.01,3.9049999999999994,10.667,1.8743999999999996,9.105,0.0,0.0,0.0,0.0,0.0,0.0,0.0,0.0,0.0,0.0,0.0,0.0,12.0,229.0,217.0,98.8,104.16,12.0,0.0086571742500005,100.55809695231142,4.950045711677351,0.0,False,True
mp-796383,V3O8,V,8.0,23.0,15.0,12.090909090909092,5.950413223140497,8.0,46.0,87.0,41.0,75.81818181818181,16.264462809917358,87.0,15.9994,50.9415,34.942099999999996,25.529063636363638,13.861328925619835,15.9994,54.8,2183.0,2128.2,635.2181818181817,844.2446280991736,54.8,5.0,16.0,11.0,13.0,4.363636363636363,16.0,2.0,4.0,2.0,2.5454545454545454,0.793388429752066,2.0,66.0,153.0,87.0,89.72727272727273,34.51239669421488,66.0,1.63,3.44,1.81,2.946363636363636,0.7180165289256201,3.44,2.0,2.0,0.0,2.0,0.0,2.0,0.0,4.0,4.0,2.909090909090909,1.586776859504132,4.0,0.0,3.0,3.0,0.8181818181818182,1.190082644628099,0.0,0.0,0.0,0.0,0.0,0.0,0.0,5.0,6.0,1.0,5.7272727272727275,0.39669421487603296,6.0,0.0,0.0,0.0,0.0,0.0,0.0,0.0,2.0,2.0,1.4545454545454546,0.793388429752066,2.0,0.0,7.0,7.0,1.9090909090909092,2.7768595041322315,0.0,0.0,0.0,0.0,0.0,0.0,0.0,2.0,7.0,5.0,3.3636363636363638,1.9834710743801656,2.0,9.105,13.01,3.9049999999999994,10.17,1.5490909090909086,9.105,0.0,0.0,0.0,0.0,0.0,0.0,0.0,0.0,0.0,0.0,0.0,0.0,12.0,229.0,217.0,71.18181818181819,86.08264462809917,12.0,0.1281169818181808,607.4079639103353,3.0708328561936997,0.6003999999999999,False,False
mp-818205,V3O10,V,8.0,23.0,15.0,11.461538461538462,5.325443786982248,8.0,46.0,87.0,41.0,77.53846153846153,14.556213017751483,87.0,15.9994,50.9415,34.942099999999996,24.062961538461536,12.405479289940827,15.9994,54.8,2183.0,2128.2,545.9230769230769,755.5739644970415,54.8,5.0,16.0,11.0,13.461538461538462,3.9053254437869827,16.0,2.0,4.0,2.0,2.4615384615384617,0.7100591715976332,2.0,66.0,153.0,87.0,86.07692307692308,30.887573964497044,66.0,1.63,3.44,1.81,3.022307692307692,0.642603550295858,3.44,2.0,2.0,0.0,2.0,0.0,2.0,0.0,4.0,4.0,3.076923076923077,1.4201183431952662,4.0,0.0,3.0,3.0,0.6923076923076923,1.0650887573964498,0.0,0.0,0.0,0.0,0.0,0.0,0.0,5.0,6.0,1.0,5.769230769230769,0.3550295857988166,6.0,0.0,0.0,0.0,0.0,0.0,0.0,0.0,2.0,2.0,1.5384615384615385,0.7100591715976331,2.0,0.0,7.0,7.0,1.6153846153846154,2.485207100591716,0.0,0.0,0.0,0.0,0.0,0.0,0.0,2.0,7.0,5.0,3.1538461538461537,1.7751479289940826,2.0,9.105,13.01,3.9049999999999994,10.006153846153847,1.3863905325443786,9.105,0.0,0.0,0.0,0.0,0.0,0.0,0.0,0.0,0.0,0.0,0.0,0.0,12.0,229.0,217.0,62.07692307692308,77.0414201183432,12.0,0.4162709311538464,435.03658923796417,2.388062767965543,0.0,False,True
mp-1272338,V3O5,V,8.0,23.0,15.0,13.625,7.03125,8.0,46.0,87.0,41.0,71.625,19.21875,87.0,15.9994,50.9415,34.942099999999996,29.102687500000002,16.379109375,15.9994,54.8,2183.0,2128.2,852.875,997.59375,54.8,5.0,16.0,11.0,11.875,5.15625,16.0,2.0,4.0,2.0,2.75,0.9375,2.0,66.0,153.0,87.0,98.625,40.78125,66.0,1.63,3.44,1.81,2.76125,0.8484375,3.44,2.0,2.0,0.0,2.0,0.0,2.0,0.0,4.0,4.0,2.5,1.875,4.0,0.0,3.0,3.0,1.125,1.40625,0.0,0.0,0.0,0.0,0.0,0.0,0.0,5.0,6.0,1.0,5.625,0.46875,6.0,0.0,0.0,0.0,0.0,0.0,0.0,0.0,2.0,2.0,1.25,0.9375,2.0,0.0,7.0,7.0,2.625,3.28125,0.0,0.0,0.0,0.0,0.0,0.0,0.0,2.0,7.0,5.0,3.875,2.34375,2.0,9.105,13.01,3.9049999999999994,10.569375,1.8304687499999999,9.105,0.0,0.0,0.0,0.0,0.0,0.0,0.0,0.0,0.0,0.0,0.0,0.0,12.0,229.0,217.0,93.375,101.71875,12.0,0.0076721489062521,174.04930479353644,4.442525033847938,1.1494,False,False
mp-1379199,V3O7,V,8.0,23.0,15.0,12.5,6.3,8.0,46.0,87.0,41.0,74.7,17.22,87.0,15.9994,50.9415,34.942099999999996,26.482029999999998,14.675682,15.9994,54.8,2183.0,2128.2,693.26,893.844,54.8,5.0,16.0,11.0,12.7,4.62,16.0,2.0,4.0,2.0,2.6,0.8400000000000001,2.0,66.0,153.0,87.0,92.1,36.54,66.0,1.63,3.44,1.81,2.897,0.7602,3.44,2.0,2.0,0.0,2.0,0.0,2.0,0.0,4.0,4.0,2.8,1.6800000000000002,4.0,0.0,3.0,3.0,0.9,1.2600000000000002,0.0,0.0,0.0,0.0,0.0,0.0,0.0,5.0,6.0,1.0,5.7,0.41999999999999993,6.0,0.0,0.0,0.0,0.0,0.0,0.0,0.0,2.0,2.0,1.4,0.8400000000000001,2.0,0.0,7.0,7.0,2.1,2.9400000000000004,0.0,0.0,0.0,0.0,0.0,0.0,0.0,2.0,7.0,5.0,3.5,2.1,2.0,9.105,13.01,3.9049999999999994,10.2765,1.6400999999999997,9.105,0.0,0.0,0.0,0.0,0.0,0.0,0.0,0.0,0.0,0.0,0.0,0.0,12.0,229.0,217.0,77.1,91.14,12.0,0.0632566617500014,608.2232220286406,2.8919938500632107,1.4513,False,False
mp-2506981,V4O7,V,8.0,23.0,15.0,13.454545454545455,6.942148760330579,8.0,46.0,87.0,41.0,72.0909090909091,18.975206611570247,87.0,15.9994,50.9415,34.942099999999996,28.70561818181818,16.17155041322314,15.9994,54.8,2183.0,2128.2,828.6909090909091,984.9520661157026,54.8,5.0,16.0,11.0,12.0,5.090909090909091,16.0,2.0,4.0,2.0,2.727272727272727,0.9256198347107438,2.0,66.0,153.0,87.0,97.63636363636364,40.264462809917354,66.0,1.63,3.44,1.81,2.7818181818181817,0.8376859504132231,3.44,2.0,2.0,0.0,2.0,0.0,2.0,0.0,4.0,4.0,2.5454545454545454,1.8512396694214877,4.0,0.0,3.0,3.0,1.0909090909090908,1.3884297520661157,0.0,0.0,0.0,0.0,0.0,0.0,0.0,5.0,6.0,1.0,5.636363636363637,0.4628099173553718,6.0,0.0,0.0,0.0,0.0,0.0,0.0,0.0,2.0,2.0,1.2727272727272727,0.9256198347107438,2.0,0.0,7.0,7.0,2.5454545454545454,3.2396694214876036,0.0,0.0,0.0,0.0,0.0,0.0,0.0,2.0,7.0,5.0,3.8181818181818183,2.3140495867768593,2.0,9.105,13.01,3.9049999999999994,10.525,1.807272727272727,9.105,0.0,0.0,0.0,0.0,0.0,0.0,0.0,0.0,0.0,0.0,0.0,0.0,12.0,229.0,217.0,90.9090909090909,100.42975206611571,12.0,0.1773491164772735,301.4303897322373,3.478977722440483,0.9472999999999998,False,False
mp-1370177,V4O9,V,8.0,23.0,15.0,12.615384615384615,6.390532544378697,8.0,46.0,87.0,41.0,74.38461538461539,17.467455621301774,87.0,15.9994,50.9415,34.942099999999996,26.750815384615382,14.886575147928992,15.9994,54.8,2183.0,2128.2,709.6307692307693,906.6887573964498,54.8,5.0,16.0,11.0,12.615384615384615,4.686390532544379,16.0,2.0,4.0,2.0,2.6153846153846154,0.8520710059171598,2.0,66.0,153.0,87.0,92.76923076923077,37.06508875739645,66.0,1.63,3.44,1.81,2.8830769230769233,0.7711242603550296,3.44,2.0,2.0,0.0,2.0,0.0,2.0,0.0,4.0,4.0,2.769230769230769,1.7041420118343196,4.0,0.0,3.0,3.0,0.9230769230769231,1.2781065088757395,0.0,0.0,0.0,0.0,0.0,0.0,0.0,5.0,6.0,1.0,5.6923076923076925,0.4260355029585798,6.0,0.0,0.0,0.0,0.0,0.0,0.0,0.0,2.0,2.0,1.3846153846153846,0.8520710059171598,2.0,0.0,7.0,7.0,2.1538461538461537,2.9822485207100593,0.0,0.0,0.0,0.0,0.0,0.0,0.0,2.0,7.0,5.0,3.5384615384615383,2.1301775147928996,2.0,9.105,13.01,3.9049999999999994,10.306538461538462,1.6636686390532545,9.105,0.0,0.0,0.0,0.0,0.0,0.0,0.0,0.0,0.0,0.0,0.0,0.0,12.0,229.0,217.0,78.76923076923077,92.44970414201183,12.0,0.1406433615384639,362.1896424901856,3.1887718210865637,0.0121999999999999,False,False
mp-2214725,V5O12,V,8.0,23.0,15.0,12.411764705882353,6.228373702422145,8.0,46.0,87.0,41.0,74.94117647058823,17.024221453287197,87.0,15.9994,50.9415,34.942099999999996,26.276488235294117,14.50883044982699,15.9994,54.8,2183.0,2128.2,680.7411764705882,883.681660899654,54.8,5.0,16.0,11.0,12.764705882352942,4.567474048442906,16.0,2.0,4.0,2.0,2.588235294117647,0.8304498269896194,2.0,66.0,153.0,87.0,91.58823529411765,36.12456747404844,66.0,1.63,3.44,1.81,2.9076470588235295,0.7515570934256055,3.44,2.0,2.0,0.0,2.0,0.0,2.0,0.0,4.0,4.0,2.823529411764706,1.6608996539792387,4.0,0.0,3.0,3.0,0.8823529411764706,1.245674740484429,0.0,0.0,0.0,0.0,0.0,0.0,0.0,5.0,6.0,1.0,5.705882352941177,0.4152249134948096,6.0,0.0,0.0,0.0,0.0,0.0,0.0,0.0,2.0,2.0,1.411764705882353,0.8304498269896193,2.0,0.0,7.0,7.0,2.0588235294117645,2.9065743944636675,0.0,0.0,0.0,0.0,0.0,0.0,0.0,2.0,7.0,5.0,3.4705882352941178,2.0761245674740487,2.0,9.105,13.01,3.9049999999999994,10.253529411764706,1.6214532871972318,9.105,0.0,0.0,0.0,0.0,0.0,0.0,0.0,0.0,0.0,0.0,0.0,0.0,12.0,229.0,217.0,75.82352941176471,90.10380622837371,12.0,0.0953513394117671,205.73181570409864,3.6054865782896353,1.3039,False,False
mp-1046039,V5O7,V,8.0,23.0,15.0,14.25,7.291666666666667,8.0,46.0,87.0,41.0,69.91666666666667,19.930555555555554,87.0,15.9994,50.9415,34.942099999999996,30.558608333333336,16.985743055555556,15.9994,54.8,2183.0,2128.2,941.5500000000001,1034.5416666666667,54.8,5.0,16.0,11.0,11.416666666666666,5.347222222222221,16.0,2.0,4.0,2.0,2.8333333333333335,0.9722222222222222,2.0,66.0,153.0,87.0,102.25,42.291666666666664,66.0,1.63,3.44,1.81,2.685833333333333,0.8798611111111111,3.44,2.0,2.0,0.0,2.0,0.0,2.0,0.0,4.0,4.0,2.3333333333333335,1.9444444444444446,4.0,0.0,3.0,3.0,1.25,1.4583333333333333,0.0,0.0,0.0,0.0,0.0,0.0,0.0,5.0,6.0,1.0,5.583333333333333,0.48611111111111116,6.0,0.0,0.0,0.0,0.0,0.0,0.0,0.0,2.0,2.0,1.1666666666666667,0.9722222222222223,2.0,0.0,7.0,7.0,2.9166666666666665,3.402777777777778,0.0,0.0,0.0,0.0,0.0,0.0,0.0,2.0,7.0,5.0,4.083333333333333,2.430555555555556,2.0,9.105,13.01,3.9049999999999994,10.732083333333334,1.8982638888888885,9.105,0.0,0.0,0.0,0.0,0.0,0.0,0.0,0.0,0.0,0.0,0.0,0.0,12.0,229.0,217.0,102.41666666666667,105.48611111111113,12.0,0.1814539139930548,292.36764772295777,4.165475633808141,0.5505999999999998,False,False
mp-1204545,V5O14,V,8.0,23.0,15.0,11.947368421052632,5.8171745152354575,8.0,46.0,87.0,41.0,76.21052631578948,15.900277008310246,87.0,15.9994,50.9415,34.942099999999996,25.19468947368421,13.550952908587258,15.9994,54.8,2183.0,2128.2,614.8526315789474,825.3407202216067,54.8,5.0,16.0,11.0,13.105263157894736,4.265927977839335,16.0,2.0,4.0,2.0,2.526315789473684,0.775623268698061,2.0,66.0,153.0,87.0,88.89473684210526,33.73961218836565,66.0,1.63,3.44,1.81,2.9636842105263157,0.7019390581717452,3.44,2.0,2.0,0.0,2.0,0.0,2.0,0.0,4.0,4.0,2.9473684210526314,1.551246537396122,4.0,0.0,3.0,3.0,0.7894736842105263,1.1634349030470912,0.0,0.0,0.0,0.0,0.0,0.0,0.0,5.0,6.0,1.0,5.7368421052631575,0.38781163434903065,6.0,0.0,0.0,0.0,0.0,0.0,0.0,0.0,2.0,2.0,1.4736842105263157,0.775623268698061,2.0,0.0,7.0,7.0,1.8421052631578947,2.7146814404432136,0.0,0.0,0.0,0.0,0.0,0.0,0.0,2.0,7.0,5.0,3.3157894736842106,1.939058171745152,2.0,9.105,13.01,3.9049999999999994,10.132631578947368,1.5144044321329635,9.105,0.0,0.0,0.0,0.0,0.0,0.0,0.0,0.0,0.0,0.0,0.0,0.0,12.0,229.0,217.0,69.10526315789474,84.1551246537396,12.0,0.2039228990789476,1833.499524160835,1.7341669246860691,0.0,False,True
mp-542334,V5O9,V,8.0,23.0,15.0,13.357142857142858,6.887755102040816,8.0,46.0,87.0,41.0,72.35714285714286,18.8265306122449,87.0,15.9994,50.9415,34.942099999999996,28.478721428571426,16.044841836734694,15.9994,54.8,2183.0,2128.2,814.8714285714286,977.234693877551,54.8,5.0,16.0,11.0,12.071428571428571,5.051020408163266,16.0,2.0,4.0,2.0,2.7142857142857144,0.9183673469387755,2.0,66.0,153.0,87.0,97.07142857142857,39.94897959183673,66.0,1.63,3.44,1.81,2.7935714285714286,0.8311224489795919,3.44,2.0,2.0,0.0,2.0,0.0,2.0,0.0,4.0,4.0,2.5714285714285716,1.836734693877551,4.0,0.0,3.0,3.0,1.0714285714285714,1.3775510204081631,0.0,0.0,0.0,0.0,0.0,0.0,0.0,5.0,6.0,1.0,5.642857142857143,0.45918367346938765,6.0,0.0,0.0,0.0,0.0,0.0,0.0,0.0,2.0,2.0,1.2857142857142858,0.9183673469387755,2.0,0.0,7.0,7.0,2.5,3.2142857142857144,0.0,0.0,0.0,0.0,0.0,0.0,0.0,2.0,7.0,5.0,3.7857142857142856,2.2959183673469385,2.0,9.105,13.01,3.9049999999999994,10.499642857142858,1.793112244897959,9.105,0.0,0.0,0.0,0.0,0.0,0.0,0.0,0.0,0.0,0.0,0.0,0.0,12.0,229.0,217.0,89.5,99.64285714285714,12.0,0.0299486506250001,280.95663138848244,4.712901138076423,0.5186000000000002,False,False
mp-849537,V6O11,V,8.0,23.0,15.0,13.294117647058824,6.85121107266436,8.0,46.0,87.0,41.0,72.52941176470588,18.72664359861592,87.0,15.9994,50.9415,34.942099999999996,28.33190588235294,15.959713494809689,15.9994,54.8,2183.0,2128.2,805.9294117647058,972.0498269896193,54.8,5.0,16.0,11.0,12.117647058823529,5.024221453287197,16.0,2.0,4.0,2.0,2.7058823529411766,0.9134948096885814,2.0,66.0,153.0,87.0,96.70588235294117,39.73702422145328,66.0,1.63,3.44,1.81,2.801176470588235,0.8267128027681663,3.44,2.0,2.0,0.0,2.0,0.0,2.0,0.0,4.0,4.0,2.588235294117647,1.8269896193771626,4.0,0.0,3.0,3.0,1.0588235294117647,1.3702422145328719,0.0,0.0,0.0,0.0,0.0,0.0,0.0,5.0,6.0,1.0,5.647058823529412,0.45674740484429055,6.0,0.0,0.0,0.0,0.0,0.0,0.0,0.0,2.0,2.0,1.2941176470588236,0.9134948096885813,2.0,0.0,7.0,7.0,2.4705882352941178,3.1972318339100347,0.0,0.0,0.0,0.0,0.0,0.0,0.0,2.0,7.0,5.0,3.764705882352941,2.2837370242214536,2.0,9.105,13.01,3.9049999999999994,10.483235294117648,1.783598615916955,9.105,0.0,0.0,0.0,0.0,0.0,0.0,0.0,0.0,0.0,0.0,0.0,0.0,12.0,229.0,217.0,88.58823529411765,99.11418685121107,12.0,0.0740391024264717,395.0729988402168,4.048801233170881,0.4496000000000002,False,False
mp-870306,V6O13,V,8.0,23.0,15.0,12.736842105263158,6.481994459833795,8.0,46.0,87.0,41.0,74.05263157894737,17.71745152354571,87.0,15.9994,50.9415,34.942099999999996,27.033747368421054,15.099633240997228,15.9994,54.8,2183.0,2128.2,726.8631578947368,919.6653739612187,54.8,5.0,16.0,11.0,12.526315789473685,4.753462603878116,16.0,2.0,4.0,2.0,2.6315789473684212,0.8642659279778394,2.0,66.0,153.0,87.0,93.47368421052632,37.59556786703601,66.0,1.63,3.44,1.81,2.8684210526315788,0.7821606648199446,3.44,2.0,2.0,0.0,2.0,0.0,2.0,0.0,4.0,4.0,2.736842105263158,1.7285318559556784,4.0,0.0,3.0,3.0,0.9473684210526315,1.2963988919667593,0.0,0.0,0.0,0.0,0.0,0.0,0.0,5.0,6.0,1.0,5.684210526315789,0.4321329639889197,6.0,0.0,0.0,0.0,0.0,0.0,0.0,0.0,2.0,2.0,1.368421052631579,0.8642659279778392,2.0,0.0,7.0,7.0,2.210526315789474,3.0249307479224377,0.0,0.0,0.0,0.0,0.0,0.0,0.0,2.0,7.0,5.0,3.5789473684210527,2.1606648199445986,2.0,9.105,13.01,3.9049999999999994,10.338157894736844,1.6874792243767314,9.105,0.0,0.0,0.0,0.0,0.0,0.0,0.0,0.0,0.0,0.0,0.0,0.0,12.0,229.0,217.0,80.52631578947368,93.77285318559557,12.0,0.0430091634210541,460.457359135563,3.7046699898908257,0.0,False,True
mp-1100921,V7O3,V,8.0,23.0,15.0,18.5,6.3,23.0,46.0,87.0,41.0,58.3,17.22,46.0,15.9994,50.9415,34.942099999999996,40.45887,14.675682,50.9415,54.8,2183.0,2128.2,1544.54,893.844,2183.0,5.0,16.0,11.0,8.3,4.62,5.0,2.0,4.0,2.0,3.4,0.8400000000000001,4.0,66.0,153.0,87.0,126.9,36.54,153.0,1.63,3.44,1.81,2.173,0.7602,1.63,2.0,2.0,0.0,2.0,0.0,2.0,0.0,4.0,4.0,1.2,1.6799999999999997,0.0,0.0,3.0,3.0,2.1,1.26,3.0,0.0,0.0,0.0,0.0,0.0,0.0,5.0,6.0,1.0,5.3,0.41999999999999993,5.0,0.0,0.0,0.0,0.0,0.0,0.0,0.0,2.0,2.0,0.6,0.8399999999999999,0.0,0.0,7.0,7.0,4.9,2.94,7.0,0.0,0.0,0.0,0.0,0.0,0.0,2.0,7.0,5.0,5.5,2.1,7.0,9.105,13.01,3.9049999999999994,11.8385,1.6400999999999997,13.01,0.0,0.0,0.0,0.0,0.0,0.0,0.0,0.0,0.0,0.0,0.0,0.0,12.0,229.0,217.0,163.9,91.14,229.0,0.8237026231250013,147.0339768293617,4.569252343444688,0.8212999999999999,False,False
mp-1205504,V7O4,V,8.0,23.0,15.0,17.545454545454547,6.9421487603305785,23.0,46.0,87.0,41.0,60.90909090909091,18.975206611570247,46.0,15.9994,50.9415,34.942099999999996,38.23528181818181,16.17155041322314,50.9415,54.8,2183.0,2128.2,1409.109090909091,984.9520661157025,2183.0,5.0,16.0,11.0,9.0,5.090909090909091,5.0,2.0,4.0,2.0,3.272727272727273,0.9256198347107438,4.0,66.0,153.0,87.0,121.36363636363636,40.264462809917354,153.0,1.63,3.44,1.81,2.2881818181818185,0.8376859504132234,1.63,2.0,2.0,0.0,2.0,0.0,2.0,0.0,4.0,4.0,1.4545454545454546,1.8512396694214877,0.0,0.0,3.0,3.0,1.9090909090909092,1.3884297520661157,3.0,0.0,0.0,0.0,0.0,0.0,0.0,5.0,6.0,1.0,5.363636363636363,0.4628099173553718,5.0,0.0,0.0,0.0,0.0,0.0,0.0,0.0,2.0,2.0,0.7272727272727273,0.9256198347107438,0.0,0.0,7.0,7.0,4.454545454545454,3.2396694214876036,7.0,0.0,0.0,0.0,0.0,0.0,0.0,2.0,7.0,5.0,5.181818181818182,2.3140495867768593,7.0,9.105,13.01,3.9049999999999994,11.59,1.807272727272727,13.01,0.0,0.0,0.0,0.0,0.0,0.0,0.0,0.0,0.0,0.0,0.0,0.0,12.0,229.0,217.0,150.0909090909091,100.42975206611571,229.0,0.6480725046969713,141.2735540209622,4.943621449979253,0.0,False,True
mp-27151,V7O13,V,8.0,23.0,15.0,13.25,6.825,8.0,46.0,87.0,41.0,72.65,18.654999999999998,87.0,15.9994,50.9415,34.942099999999996,28.229134999999996,15.898655499999998,15.9994,54.8,2183.0,2128.2,799.67,968.3309999999999,54.8,5.0,16.0,11.0,12.15,5.005,16.0,2.0,4.0,2.0,2.7,0.9099999999999999,2.0,66.0,153.0,87.0,96.45,39.585,66.0,1.63,3.44,1.81,2.8064999999999998,0.82355,3.44,2.0,2.0,0.0,2.0,0.0,2.0,0.0,4.0,4.0,2.6,1.8199999999999998,4.0,0.0,3.0,3.0,1.05,1.365,0.0,0.0,0.0,0.0,0.0,0.0,0.0,5.0,6.0,1.0,5.65,0.4549999999999999,6.0,0.0,0.0,0.0,0.0,0.0,0.0,0.0,2.0,2.0,1.3,0.9099999999999999,2.0,0.0,7.0,7.0,2.45,3.185,0.0,0.0,0.0,0.0,0.0,0.0,0.0,2.0,7.0,5.0,3.75,2.275,2.0,9.105,13.01,3.9049999999999994,10.47175,1.776775,9.105,0.0,0.0,0.0,0.0,0.0,0.0,0.0,0.0,0.0,0.0,0.0,0.0,12.0,229.0,217.0,87.95,98.73500000000001,12.0,0.0454491053124996,399.3339815269712,4.695376173104464,0.5028000000000006,False,False
mp-556566,V8O15,V,8.0,23.0,15.0,13.217391304347826,6.805293005671078,8.0,46.0,87.0,41.0,72.73913043478261,18.601134215500945,87.0,15.9994,50.9415,34.942099999999996,28.153173913043474,15.852748582230623,15.9994,54.8,2183.0,2128.2,795.0434782608696,965.5349716446125,54.8,5.0,16.0,11.0,12.173913043478262,4.99054820415879,16.0,2.0,4.0,2.0,2.6956521739130435,0.9073724007561437,2.0,66.0,153.0,87.0,96.26086956521739,39.47069943289225,66.0,1.63,3.44,1.81,2.8104347826086955,0.82117202268431,3.44,2.0,2.0,0.0,2.0,0.0,2.0,0.0,4.0,4.0,2.608695652173913,1.8147448015122873,4.0,0.0,3.0,3.0,1.0434782608695652,1.3610586011342156,0.0,0.0,0.0,0.0,0.0,0.0,0.0,5.0,6.0,1.0,5.6521739130434785,0.4536862003780718,6.0,0.0,0.0,0.0,0.0,0.0,0.0,0.0,2.0,2.0,1.3043478260869565,0.9073724007561437,2.0,0.0,7.0,7.0,2.4347826086956523,3.1758034026465025,0.0,0.0,0.0,0.0,0.0,0.0,0.0,2.0,7.0,5.0,3.739130434782609,2.2684310018903595,2.0,9.105,13.01,3.9049999999999994,10.463260869565218,1.7716446124763705,9.105,0.0,0.0,0.0,0.0,0.0,0.0,0.0,0.0,0.0,0.0,0.0,0.0,12.0,229.0,217.0,87.47826086956522,98.44990548204159,12.0,0.0415225126630449,486.4271229757832,4.4209592300132305,0.5660999999999996,False,False
mp-776583,V9O22,V,8.0,23.0,15.0,12.35483870967742,6.181061394380854,8.0,46.0,87.0,41.0,75.09677419354838,16.894901144641,87.0,15.9994,50.9415,34.942099999999996,26.14388064516129,14.398617689906347,15.9994,54.8,2183.0,2128.2,672.6645161290322,876.9689906347555,54.8,5.0,16.0,11.0,12.806451612903226,4.532778355879292,16.0,2.0,4.0,2.0,2.5806451612903225,0.8241415192507804,2.0,66.0,153.0,87.0,91.25806451612904,35.850156087408955,66.0,1.63,3.44,1.81,2.914516129032258,0.7458480749219563,3.44,2.0,2.0,0.0,2.0,0.0,2.0,0.0,4.0,4.0,2.838709677419355,1.6482830385015608,4.0,0.0,3.0,3.0,0.8709677419354839,1.2362122788761707,0.0,0.0,0.0,0.0,0.0,0.0,0.0,5.0,6.0,1.0,5.709677419354839,0.4120707596253901,6.0,0.0,0.0,0.0,0.0,0.0,0.0,0.0,2.0,2.0,1.4193548387096775,0.8241415192507804,2.0,0.0,7.0,7.0,2.032258064516129,2.8844953173777315,0.0,0.0,0.0,0.0,0.0,0.0,0.0,2.0,7.0,5.0,3.4516129032258065,2.0603537981269513,2.0,9.105,13.01,3.9049999999999994,10.238709677419354,1.6091363163371484,9.105,0.0,0.0,0.0,0.0,0.0,0.0,0.0,0.0,0.0,0.0,0.0,0.0,12.0,229.0,217.0,75.0,89.41935483870968,12.0,0.0940346927419373,761.6891212722951,3.5337277489552466,0.9038999999999996,False,False
mp-1045898,V9O13,V,8.0,23.0,15.0,14.136363636363637,7.25206611570248,8.0,46.0,87.0,41.0,70.22727272727273,19.822314049586776,87.0,15.9994,50.9415,34.942099999999996,30.293895454545453,16.893494628099173,15.9994,54.8,2183.0,2128.2,925.4272727272728,1028.9231404958678,54.8,5.0,16.0,11.0,11.5,5.318181818181818,16.0,2.0,4.0,2.0,2.8181818181818183,0.9669421487603306,2.0,66.0,153.0,87.0,101.5909090909091,42.06198347107438,66.0,1.63,3.44,1.81,2.6995454545454547,0.8750826446280991,3.44,2.0,2.0,0.0,2.0,0.0,2.0,0.0,4.0,4.0,2.3636363636363638,1.9338842975206612,4.0,0.0,3.0,3.0,1.2272727272727273,1.4504132231404958,0.0,0.0,0.0,0.0,0.0,0.0,0.0,5.0,6.0,1.0,5.590909090909091,0.4834710743801653,6.0,0.0,0.0,0.0,0.0,0.0,0.0,0.0,2.0,2.0,1.1818181818181819,0.9669421487603306,2.0,0.0,7.0,7.0,2.8636363636363638,3.3842975206611574,0.0,0.0,0.0,0.0,0.0,0.0,0.0,2.0,7.0,5.0,4.045454545454546,2.4173553719008267,2.0,9.105,13.01,3.9049999999999994,10.7025,1.8879545454545452,9.105,0.0,0.0,0.0,0.0,0.0,0.0,0.0,0.0,0.0,0.0,0.0,0.0,12.0,229.0,217.0,100.77272727272727,104.91322314049586,12.0,0.220392138428032,266.04573381949626,4.159782294032094,0.0,False,True
mp-1100929,V9O20,V,8.0,23.0,15.0,12.655172413793103,6.420927467300832,8.0,46.0,87.0,41.0,74.27586206896552,17.550535077288938,87.0,15.9994,50.9415,34.942099999999996,26.8435,14.957379310344828,15.9994,54.8,2183.0,2128.2,715.2758620689655,911.0011890606421,54.8,5.0,16.0,11.0,12.586206896551724,4.708680142687277,16.0,2.0,4.0,2.0,2.6206896551724137,0.8561236623067776,2.0,66.0,153.0,87.0,93.0,37.241379310344826,66.0,1.63,3.44,1.81,2.8782758620689655,0.7747919143876337,3.44,2.0,2.0,0.0,2.0,0.0,2.0,0.0,4.0,4.0,2.7586206896551726,1.7122473246135552,4.0,0.0,3.0,3.0,0.9310344827586207,1.2841854934601664,0.0,0.0,0.0,0.0,0.0,0.0,0.0,5.0,6.0,1.0,5.689655172413793,0.428061831153389,6.0,0.0,0.0,0.0,0.0,0.0,0.0,0.0,2.0,2.0,1.3793103448275863,0.8561236623067776,2.0,0.0,7.0,7.0,2.1724137931034484,2.996432818073722,0.0,0.0,0.0,0.0,0.0,0.0,0.0,2.0,7.0,5.0,3.5517241379310347,2.140309155766944,2.0,9.105,13.01,3.9049999999999994,10.31689655172414,1.6715814506539837,9.105,0.0,0.0,0.0,0.0,0.0,0.0,0.0,0.0,0.0,0.0,0.0,0.0,12.0,229.0,217.0,79.34482758620689,92.88941736028536,12.0,0.846564473448276,371.7129442614523,3.4775913896903248,1.2888000000000002,False,False
mp-559485,V9O17,V,8.0,23.0,15.0,13.192307692307692,6.789940828402367,8.0,46.0,87.0,41.0,72.8076923076923,18.559171597633135,87.0,15.9994,50.9415,34.942099999999996,28.094742307692307,15.816986094674554,15.9994,54.8,2183.0,2128.2,791.4846153846154,963.3568047337279,54.8,5.0,16.0,11.0,12.192307692307692,4.979289940828402,16.0,2.0,4.0,2.0,2.6923076923076925,0.9053254437869823,2.0,66.0,153.0,87.0,96.11538461538461,39.38165680473373,66.0,1.63,3.44,1.81,2.8134615384615382,0.819319526627219,3.44,2.0,2.0,0.0,2.0,0.0,2.0,0.0,4.0,4.0,2.6153846153846154,1.8106508875739646,4.0,0.0,3.0,3.0,1.0384615384615385,1.3579881656804733,0.0,0.0,0.0,0.0,0.0,0.0,0.0,5.0,6.0,1.0,5.653846153846154,0.452662721893491,6.0,0.0,0.0,0.0,0.0,0.0,0.0,0.0,2.0,2.0,1.3076923076923077,0.9053254437869823,2.0,0.0,7.0,7.0,2.423076923076923,3.168639053254438,0.0,0.0,0.0,0.0,0.0,0.0,0.0,2.0,7.0,5.0,3.730769230769231,2.2633136094674557,2.0,9.105,13.01,3.9049999999999994,10.45673076923077,1.7676479289940827,9.105,0.0,0.0,0.0,0.0,0.0,0.0,0.0,0.0,0.0,0.0,0.0,0.0,12.0,229.0,217.0,87.11538461538461,98.22781065088758,12.0,0.0569271313942323,550.1688363255685,4.409420410517204,0.4579999999999997,False,False
mp-705541,V10O9,V,8.0,23.0,15.0,15.894736842105264,7.4792243767313025,23.0,46.0,87.0,41.0,65.42105263157895,20.44321329639889,46.0,15.9994,50.9415,34.942099999999996,34.38997894736842,17.42265373961219,50.9415,54.8,2183.0,2128.2,1174.9052631578948,1061.1523545706373,2183.0,5.0,16.0,11.0,10.210526315789474,5.484764542936288,5.0,2.0,4.0,2.0,3.0526315789473686,0.9972299168975068,4.0,66.0,153.0,87.0,111.78947368421052,43.37950138504155,153.0,1.63,3.44,1.81,2.4873684210526315,0.9024930747922438,1.63,2.0,2.0,0.0,2.0,0.0,2.0,0.0,4.0,4.0,1.894736842105263,1.9944598337950137,0.0,0.0,3.0,3.0,1.5789473684210527,1.4958448753462603,3.0,0.0,0.0,0.0,0.0,0.0,0.0,5.0,6.0,1.0,5.473684210526316,0.4986149584487534,5.0,0.0,0.0,0.0,0.0,0.0,0.0,0.0,2.0,2.0,0.9473684210526315,0.9972299168975068,0.0,0.0,7.0,7.0,3.6842105263157894,3.4903047091412747,7.0,0.0,0.0,0.0,0.0,0.0,0.0,2.0,7.0,5.0,4.631578947368421,2.493074792243767,7.0,9.105,13.01,3.9049999999999994,11.160263157894738,1.9470914127423817,13.01,0.0,0.0,0.0,0.0,0.0,0.0,0.0,0.0,0.0,0.0,0.0,0.0,12.0,229.0,217.0,126.21052631578948,108.19944598337952,229.0,0.2123607223026322,210.05610788833135,5.165344534443132,1.1357999999999997,False,False
mp-773019,V12O29,V,8.0,23.0,15.0,12.390243902439025,6.210588935157644,8.0,46.0,87.0,41.0,75.0,16.975609756097562,87.0,15.9994,50.9415,34.942099999999996,26.226356097560977,14.467401308744794,15.9994,54.8,2183.0,2128.2,677.6878048780488,881.1583581201668,54.8,5.0,16.0,11.0,12.78048780487805,4.5544318857822725,16.0,2.0,4.0,2.0,2.5853658536585367,0.828078524687686,2.0,66.0,153.0,87.0,91.46341463414635,36.02141582391434,66.0,1.63,3.44,1.81,2.9102439024390248,0.7494110648423555,3.44,2.0,2.0,0.0,2.0,0.0,2.0,0.0,4.0,4.0,2.8292682926829267,1.656157049375372,4.0,0.0,3.0,3.0,0.8780487804878049,1.242117787031529,0.0,0.0,0.0,0.0,0.0,0.0,0.0,5.0,6.0,1.0,5.7073170731707314,0.4140392623438431,6.0,0.0,0.0,0.0,0.0,0.0,0.0,0.0,2.0,2.0,1.4146341463414633,0.828078524687686,2.0,0.0,7.0,7.0,2.048780487804878,2.8982748364069004,0.0,0.0,0.0,0.0,0.0,0.0,0.0,2.0,7.0,5.0,3.4634146341463414,2.0701963117192146,2.0,9.105,13.01,3.9049999999999994,10.247926829268293,1.6168233194527066,9.105,0.0,0.0,0.0,0.0,0.0,0.0,0.0,0.0,0.0,0.0,0.0,0.0,12.0,229.0,217.0,75.51219512195122,89.84651992861393,12.0,0.0394939071951245,526.8547170277877,3.389066071999435,0.5361,False,False
mp-30065,V13O16,V,8.0,23.0,15.0,14.724137931034482,7.419738406658739,8.0,46.0,87.0,41.0,68.62068965517241,20.28061831153389,87.0,15.9994,50.9415,34.942099999999996,31.6631,17.284082758620688,15.9994,54.8,2183.0,2128.2,1008.8206896551724,1052.712485136742,54.8,5.0,16.0,11.0,11.068965517241379,5.4411414982164095,16.0,2.0,4.0,2.0,2.896551724137931,0.9892984542211652,2.0,66.0,153.0,87.0,105.0,43.03448275862069,66.0,1.63,3.44,1.81,2.6286206896551723,0.8953151010701547,3.44,2.0,2.0,0.0,2.0,0.0,2.0,0.0,4.0,4.0,2.206896551724138,1.9785969084423305,4.0,0.0,3.0,3.0,1.3448275862068966,1.483947681331748,0.0,0.0,0.0,0.0,0.0,0.0,0.0,5.0,6.0,1.0,5.551724137931035,0.4946492271105826,6.0,0.0,0.0,0.0,0.0,0.0,0.0,0.0,2.0,2.0,1.103448275862069,0.9892984542211652,2.0,0.0,7.0,7.0,3.1379310344827585,3.4625445897740788,0.0,0.0,0.0,0.0,0.0,0.0,0.0,2.0,7.0,5.0,4.241379310344827,2.473246135552913,2.0,9.105,13.01,3.9049999999999994,10.85551724137931,1.9316052318668249,9.105,0.0,0.0,0.0,0.0,0.0,0.0,0.0,0.0,0.0,0.0,0.0,0.0,12.0,229.0,217.0,109.27586206896552,107.33888228299644,12.0,0.6766213945402306,917.3180174465876,3.324379537305416,0.0,False,True
mp-685164,V25O32,V,8.0,23.0,15.0,14.578947368421053,7.386888273314867,8.0,46.0,87.0,41.0,69.01754385964912,20.190827947060633,87.0,15.9994,50.9415,34.942099999999996,31.32488245614035,17.20755924899969,15.9994,54.8,2183.0,2128.2,988.2210526315789,1048.0517082179133,54.8,5.0,16.0,11.0,11.175438596491228,5.4170514004309025,16.0,2.0,4.0,2.0,2.8771929824561404,0.9849184364419822,2.0,66.0,153.0,87.0,104.15789473684211,42.84395198522623,66.0,1.63,3.44,1.81,2.6461403508771926,0.891351184979994,3.44,2.0,2.0,0.0,2.0,0.0,2.0,0.0,4.0,4.0,2.245614035087719,1.9698368728839644,4.0,0.0,3.0,3.0,1.3157894736842106,1.4773776546629733,0.0,0.0,0.0,0.0,0.0,0.0,0.0,5.0,6.0,1.0,5.56140350877193,0.4924592182209911,6.0,0.0,0.0,0.0,0.0,0.0,0.0,0.0,2.0,2.0,1.1228070175438596,0.9849184364419822,2.0,0.0,7.0,7.0,3.0701754385964914,3.447214527546938,0.0,0.0,0.0,0.0,0.0,0.0,0.0,2.0,7.0,5.0,4.192982456140351,2.4622960911049554,2.0,9.105,13.01,3.9049999999999994,10.817719298245613,1.9230532471529698,9.105,0.0,0.0,0.0,0.0,0.0,0.0,0.0,0.0,0.0,0.0,0.0,0.0,12.0,229.0,217.0,107.17543859649123,106.86365035395507,12.0,0.0777908339181312,646.6224155585722,4.585246078827052,0.2588999999999997,False,False
mp-2039648,CrO,Cr,8.0,24.0,16.0,16.0,8.0,8.0,49.0,87.0,38.0,68.0,19.0,49.0,15.9994,51.9961,35.9967,33.997749999999996,17.99835,15.9994,54.8,2180.0,2125.2,1117.4,1062.6,54.8,6.0,16.0,10.0,11.0,5.0,6.0,2.0,4.0,2.0,3.0,1.0,2.0,66.0,139.0,73.0,102.5,36.5,66.0,1.66,3.44,1.78,2.55,0.89,1.66,1.0,2.0,1.0,1.5,0.5,1.0,0.0,4.0,4.0,2.0,2.0,0.0,0.0,5.0,5.0,2.5,2.5,0.0,0.0,0.0,0.0,0.0,0.0,0.0,6.0,6.0,0.0,6.0,0.0,6.0,0.0,1.0,1.0,0.5,0.5,0.0,0.0,2.0,2.0,1.0,1.0,0.0,0.0,5.0,5.0,2.5,2.5,0.0,0.0,0.0,0.0,0.0,0.0,0.0,2.0,6.0,4.0,4.0,2.0,2.0,9.105,11.19,2.084999999999999,10.1475,1.0424999999999995,9.105,0.0,0.0,0.0,0.0,0.0,0.0,0.0,0.0,0.0,0.0,0.0,0.0,12.0,229.0,217.0,120.5,108.5,12.0,0.1336207424999997,93.71685927120195,4.81916210759937,0.0,False,True
mp-2214915,CrO2,Cr,8.0,24.0,16.0,13.333333333333334,7.111111111111112,8.0,49.0,87.0,38.0,74.33333333333333,16.88888888888889,87.0,15.9994,51.9961,35.9967,27.9983,15.998533333333333,15.9994,54.8,2180.0,2125.2,763.1999999999999,944.5333333333334,54.8,6.0,16.0,10.0,12.666666666666666,4.444444444444445,16.0,2.0,4.0,2.0,2.6666666666666665,0.8888888888888888,2.0,66.0,139.0,73.0,90.33333333333333,32.44444444444444,66.0,1.66,3.44,1.78,2.8466666666666662,0.7911111111111113,3.44,1.0,2.0,1.0,1.6666666666666667,0.4444444444444444,2.0,0.0,4.0,4.0,2.6666666666666665,1.777777777777778,4.0,0.0,5.0,5.0,1.6666666666666667,2.222222222222222,0.0,0.0,0.0,0.0,0.0,0.0,0.0,6.0,6.0,0.0,6.0,0.0,6.0,0.0,1.0,1.0,0.3333333333333333,0.4444444444444445,0.0,0.0,2.0,2.0,1.3333333333333333,0.888888888888889,2.0,0.0,5.0,5.0,1.6666666666666667,2.222222222222222,0.0,0.0,0.0,0.0,0.0,0.0,0.0,2.0,6.0,4.0,3.3333333333333335,1.777777777777778,2.0,9.105,11.19,2.084999999999999,9.799999999999999,0.9266666666666659,9.105,0.0,0.0,0.0,0.0,0.0,0.0,0.0,0.0,0.0,0.0,0.0,0.0,12.0,229.0,217.0,84.33333333333333,96.44444444444446,12.0,0.2038462566666332,135.75539532326752,4.10965067599411,0.0,False,True
mp-772550,CrO3,Cr,8.0,24.0,16.0,12.0,6.0,8.0,49.0,87.0,38.0,77.5,14.25,87.0,15.9994,51.9961,35.9967,24.998575,13.498762499999998,15.9994,54.8,2180.0,2125.2,586.1,796.95,54.8,6.0,16.0,10.0,13.5,3.75,16.0,2.0,4.0,2.0,2.5,0.75,2.0,66.0,139.0,73.0,84.25,27.375,66.0,1.66,3.44,1.78,2.995,0.6675,3.44,1.0,2.0,1.0,1.75,0.375,2.0,0.0,4.0,4.0,3.0,1.5,4.0,0.0,5.0,5.0,1.25,1.875,0.0,0.0,0.0,0.0,0.0,0.0,0.0,6.0,6.0,0.0,6.0,0.0,6.0,0.0,1.0,1.0,0.25,0.375,0.0,0.0,2.0,2.0,1.5,0.75,2.0,0.0,5.0,5.0,1.25,1.875,0.0,0.0,0.0,0.0,0.0,0.0,0.0,2.0,6.0,4.0,3.0,1.5,2.0,9.105,11.19,2.084999999999999,9.62625,0.7818749999999999,9.105,0.0,0.0,0.0,0.0,0.0,0.0,0.0,0.0,0.0,0.0,0.0,0.0,12.0,229.0,217.0,66.25,81.375,12.0,0.0601137201249999,257.1742800265965,2.5825979456753627,2.3421,False,False
mp-773920,Cr5O12,Cr,8.0,24.0,16.0,12.705882352941176,6.643598615916955,8.0,49.0,87.0,38.0,75.82352941176471,15.778546712802765,87.0,15.9994,51.9961,35.9967,26.586664705882352,14.946726643598614,15.9994,54.8,2180.0,2125.2,679.8588235294118,882.4359861591696,54.8,6.0,16.0,10.0,13.058823529411764,4.152249134948097,16.0,2.0,4.0,2.0,2.588235294117647,0.8304498269896194,2.0,66.0,139.0,73.0,87.47058823529412,30.311418685121104,66.0,1.66,3.44,1.78,2.916470588235294,0.7391003460207612,3.44,1.0,2.0,1.0,1.7058823529411764,0.4152249134948097,2.0,0.0,4.0,4.0,2.823529411764706,1.6608996539792387,4.0,0.0,5.0,5.0,1.4705882352941178,2.0761245674740487,0.0,0.0,0.0,0.0,0.0,0.0,0.0,6.0,6.0,0.0,6.0,0.0,6.0,0.0,1.0,1.0,0.29411764705882354,0.41522491349480967,0.0,0.0,2.0,2.0,1.411764705882353,0.8304498269896193,2.0,0.0,5.0,5.0,1.4705882352941178,2.0761245674740487,0.0,0.0,0.0,0.0,0.0,0.0,0.0,2.0,6.0,4.0,3.176470588235294,1.6608996539792387,2.0,9.105,11.19,2.084999999999999,9.718235294117648,0.8657439446366779,9.105,0.0,0.0,0.0,0.0,0.0,0.0,0.0,0.0,0.0,0.0,0.0,0.0,12.0,229.0,217.0,75.82352941176471,90.10380622837371,12.0,0.0,1020.3745477293072,2.9421326685534033,1.8218,True,False
mp-1046050,Cr5O7,Cr,8.0,24.0,16.0,14.666666666666666,7.777777777777779,8.0,49.0,87.0,38.0,71.16666666666667,18.47222222222222,87.0,15.9994,51.9961,35.9967,30.998025000000002,17.498395833333333,15.9994,54.8,2180.0,2125.2,940.3000000000001,1033.0833333333333,54.8,6.0,16.0,10.0,11.833333333333334,4.861111111111112,16.0,2.0,4.0,2.0,2.8333333333333335,0.9722222222222222,2.0,66.0,139.0,73.0,96.41666666666667,35.48611111111111,66.0,1.66,3.44,1.78,2.698333333333333,0.8652777777777779,3.44,1.0,2.0,1.0,1.5833333333333333,0.4861111111111111,2.0,0.0,4.0,4.0,2.3333333333333335,1.9444444444444446,4.0,0.0,5.0,5.0,2.0833333333333335,2.4305555555555554,0.0,0.0,0.0,0.0,0.0,0.0,0.0,6.0,6.0,0.0,6.0,0.0,6.0,0.0,1.0,1.0,0.4166666666666667,0.4861111111111111,0.0,0.0,2.0,2.0,1.1666666666666667,0.9722222222222223,2.0,0.0,5.0,5.0,2.0833333333333335,2.4305555555555554,0.0,0.0,0.0,0.0,0.0,0.0,0.0,2.0,6.0,4.0,3.6666666666666665,1.9444444444444446,2.0,9.105,11.19,2.084999999999999,9.97375,1.0135416666666663,9.105,0.0,0.0,0.0,0.0,0.0,0.0,0.0,0.0,0.0,0.0,0.0,0.0,12.0,229.0,217.0,102.41666666666667,105.48611111111113,12.0,0.4180303448611102,279.9118361202061,4.413398071505972,0.7811999999999997,False,False
mp-1213798,Cr6O11,Cr,8.0,24.0,16.0,13.647058823529411,7.307958477508651,8.0,49.0,87.0,38.0,73.58823529411765,17.356401384083043,87.0,15.9994,51.9961,35.9967,28.704117647058823,16.441399307958477,15.9994,54.8,2180.0,2125.2,804.8705882352941,970.6795847750866,54.8,6.0,16.0,10.0,12.470588235294118,4.567474048442907,16.0,2.0,4.0,2.0,2.7058823529411766,0.9134948096885814,2.0,66.0,139.0,73.0,91.76470588235294,33.34256055363321,66.0,1.66,3.44,1.78,2.8117647058823527,0.8130103806228375,3.44,1.0,2.0,1.0,1.6470588235294117,0.4567474048442907,2.0,0.0,4.0,4.0,2.588235294117647,1.8269896193771626,4.0,0.0,5.0,5.0,1.7647058823529411,2.2837370242214536,0.0,0.0,0.0,0.0,0.0,0.0,0.0,6.0,6.0,0.0,6.0,0.0,6.0,0.0,1.0,1.0,0.35294117647058826,0.45674740484429066,0.0,0.0,2.0,2.0,1.2941176470588236,0.9134948096885813,2.0,0.0,5.0,5.0,1.7647058823529411,2.2837370242214536,0.0,0.0,0.0,0.0,0.0,0.0,0.0,2.0,6.0,4.0,3.411764705882353,1.8269896193771626,2.0,9.105,11.19,2.084999999999999,9.840882352941177,0.9523183391003459,9.105,0.0,0.0,0.0,0.0,0.0,0.0,0.0,0.0,0.0,0.0,0.0,0.0,12.0,229.0,217.0,88.58823529411765,99.11418685121107,12.0,0.0180880670588106,326.29366251669643,4.966650245126532,0.0,False,True
mp-1181818,Cr8O21,Cr,8.0,24.0,16.0,12.413793103448276,6.3923900118906065,8.0,49.0,87.0,38.0,76.51724137931035,15.181926278240189,87.0,15.9994,51.9961,35.9967,25.929524137931033,14.381559096313913,15.9994,54.8,2180.0,2125.2,641.0620689655173,849.0692033293699,54.8,6.0,16.0,10.0,13.241379310344827,3.995243757431629,16.0,2.0,4.0,2.0,2.5517241379310347,0.7990487514863259,2.0,66.0,139.0,73.0,86.13793103448276,29.165279429250894,66.0,1.66,3.44,1.78,2.9489655172413793,0.7111533888228299,3.44,1.0,2.0,1.0,1.7241379310344827,0.39952437574316296,2.0,0.0,4.0,4.0,2.896551724137931,1.5980975029726516,4.0,0.0,5.0,5.0,1.3793103448275863,1.9976218787158144,0.0,0.0,0.0,0.0,0.0,0.0,0.0,6.0,6.0,0.0,6.0,0.0,6.0,0.0,1.0,1.0,0.27586206896551724,0.3995243757431629,0.0,0.0,2.0,2.0,1.4482758620689655,0.7990487514863258,2.0,0.0,5.0,5.0,1.3793103448275863,1.9976218787158144,0.0,0.0,0.0,0.0,0.0,0.0,0.0,2.0,6.0,4.0,3.103448275862069,1.5980975029726516,2.0,9.105,11.19,2.084999999999999,9.680172413793104,0.8330083234244943,9.105,0.0,0.0,0.0,0.0,0.0,0.0,0.0,0.0,0.0,0.0,0.0,0.0,12.0,229.0,217.0,71.86206896551724,86.69678953626635,12.0,0.5163015806551741,443.0188951903003,2.8185087854554327,0.8535,False,False
mp-1045826,Cr9O13,Cr,8.0,24.0,16.0,14.545454545454545,7.735537190082645,8.0,49.0,87.0,38.0,71.45454545454545,18.371900826446282,87.0,15.9994,51.9961,35.9967,30.725322727272726,17.4033632231405,15.9994,54.8,2180.0,2125.2,924.2,1027.4727272727273,54.8,6.0,16.0,10.0,11.909090909090908,4.834710743801653,16.0,2.0,4.0,2.0,2.8181818181818183,0.9669421487603306,2.0,66.0,139.0,73.0,95.86363636363636,35.29338842975207,66.0,1.66,3.44,1.78,2.7118181818181815,0.8605785123966943,3.44,1.0,2.0,1.0,1.5909090909090908,0.4834710743801653,2.0,0.0,4.0,4.0,2.3636363636363638,1.9338842975206612,4.0,0.0,5.0,5.0,2.0454545454545454,2.4173553719008263,0.0,0.0,0.0,0.0,0.0,0.0,0.0,6.0,6.0,0.0,6.0,0.0,6.0,0.0,1.0,1.0,0.4090909090909091,0.4834710743801653,0.0,0.0,2.0,2.0,1.1818181818181819,0.9669421487603306,2.0,0.0,5.0,5.0,2.0454545454545454,2.4173553719008263,0.0,0.0,0.0,0.0,0.0,0.0,0.0,2.0,6.0,4.0,3.6363636363636362,1.9338842975206612,2.0,9.105,11.19,2.084999999999999,9.957954545454545,1.0080371900826441,9.105,0.0,0.0,0.0,0.0,0.0,0.0,0.0,0.0,0.0,0.0,0.0,0.0,12.0,229.0,217.0,100.77272727272727,104.91322314049586,12.0,0.2927282001515152,256.6241473662593,4.373918764012003,0.6852999999999998,False,False
mp-780521,Cr19O48,Cr,8.0,24.0,16.0,12.537313432835822,6.501225217197594,8.0,49.0,87.0,38.0,76.22388059701493,15.440409890844286,87.0,15.9994,51.9961,35.9967,26.207419402985074,14.626415860993541,15.9994,54.8,2180.0,2125.2,657.468656716418,863.5252394742704,54.8,6.0,16.0,10.0,13.164179104477611,4.0632657607484965,16.0,2.0,4.0,2.0,2.5671641791044775,0.8126531521496992,2.0,66.0,139.0,73.0,86.70149253731343,29.661840053464022,66.0,1.66,3.44,1.78,2.935223880597015,0.7232613054132324,3.44,1.0,2.0,1.0,1.7164179104477613,0.4063265760748496,2.0,0.0,4.0,4.0,2.8656716417910446,1.6253063042993985,4.0,0.0,5.0,5.0,1.4179104477611941,2.031632880374248,0.0,0.0,0.0,0.0,0.0,0.0,0.0,6.0,6.0,0.0,6.0,0.0,6.0,0.0,1.0,1.0,0.2835820895522388,0.4063265760748496,0.0,0.0,2.0,2.0,1.4328358208955223,0.8126531521496992,2.0,0.0,5.0,5.0,1.4179104477611941,2.031632880374248,0.0,0.0,0.0,0.0,0.0,0.0,0.0,2.0,6.0,4.0,3.1343283582089554,1.6253063042993985,2.0,9.105,11.19,2.084999999999999,9.696268656716418,0.847190911116061,9.105,0.0,0.0,0.0,0.0,0.0,0.0,0.0,0.0,0.0,0.0,0.0,0.0,12.0,229.0,217.0,73.53731343283582,88.17286700824238,12.0,0.0852099862985076,892.8564303100558,3.2656266299619983,0.3451,False,False
mp-776160,Cr2O5,Cr,8.0,24.0,16.0,12.571428571428571,6.530612244897958,8.0,49.0,87.0,38.0,76.14285714285714,15.510204081632654,87.0,15.9994,51.9961,35.9967,26.284171428571426,14.692530612244896,15.9994,54.8,2180.0,2125.2,662.0,867.4285714285714,54.8,6.0,16.0,10.0,13.142857142857142,4.081632653061225,16.0,2.0,4.0,2.0,2.5714285714285716,0.816326530612245,2.0,66.0,139.0,73.0,86.85714285714286,29.79591836734694,66.0,1.66,3.44,1.78,2.9314285714285715,0.7265306122448979,3.44,1.0,2.0,1.0,1.7142857142857142,0.4081632653061225,2.0,0.0,4.0,4.0,2.857142857142857,1.6326530612244896,4.0,0.0,5.0,5.0,1.4285714285714286,2.0408163265306123,0.0,0.0,0.0,0.0,0.0,0.0,0.0,6.0,6.0,0.0,6.0,0.0,6.0,0.0,1.0,1.0,0.2857142857142857,0.4081632653061224,0.0,0.0,2.0,2.0,1.4285714285714286,0.8163265306122448,2.0,0.0,5.0,5.0,1.4285714285714286,2.0408163265306123,0.0,0.0,0.0,0.0,0.0,0.0,0.0,2.0,6.0,4.0,3.142857142857143,1.6326530612244896,2.0,9.105,11.19,2.084999999999999,9.700714285714286,0.8510204081632649,9.105,0.0,0.0,0.0,0.0,0.0,0.0,0.0,0.0,0.0,0.0,0.0,0.0,12.0,229.0,217.0,74.0,88.57142857142857,12.0,0.0573985019285725,419.00987662396113,2.9166019409468427,0.516,False,False
mp-776873,Cr2O3,Cr,8.0,24.0,16.0,14.4,7.6800000000000015,8.0,49.0,87.0,38.0,71.8,18.240000000000002,87.0,15.9994,51.9961,35.9967,30.39808,17.278416,15.9994,54.8,2180.0,2125.2,904.8799999999999,1020.0959999999999,54.8,6.0,16.0,10.0,12.0,4.8,16.0,2.0,4.0,2.0,2.8,0.96,2.0,66.0,139.0,73.0,95.2,35.04,66.0,1.66,3.44,1.78,2.728,0.8544,3.44,1.0,2.0,1.0,1.6,0.48,2.0,0.0,4.0,4.0,2.4,1.9200000000000004,4.0,0.0,5.0,5.0,2.0,2.4,0.0,0.0,0.0,0.0,0.0,0.0,0.0,6.0,6.0,0.0,6.0,0.0,6.0,0.0,1.0,1.0,0.4,0.4800000000000001,0.0,0.0,2.0,2.0,1.2,0.9600000000000002,2.0,0.0,5.0,5.0,2.0,2.4,0.0,0.0,0.0,0.0,0.0,0.0,0.0,2.0,6.0,4.0,3.6,1.9200000000000004,2.0,9.105,11.19,2.084999999999999,9.939,1.0007999999999995,9.105,0.0,0.0,0.0,0.0,0.0,0.0,0.0,0.0,0.0,0.0,0.0,0.0,12.0,229.0,217.0,98.8,104.16,12.0,0.0465577727500008,399.88146754527065,5.049216185988026,1.7751,False,False
mp-2220540,Cr3O8,Cr,8.0,24.0,16.0,12.363636363636363,6.347107438016528,8.0,49.0,87.0,38.0,76.63636363636364,15.074380165289256,87.0,15.9994,51.9961,35.9967,25.816681818181817,14.2796826446281,15.9994,54.8,2180.0,2125.2,634.4,843.0545454545453,54.8,6.0,16.0,10.0,13.272727272727273,3.9669421487603302,16.0,2.0,4.0,2.0,2.5454545454545454,0.793388429752066,2.0,66.0,139.0,73.0,85.9090909090909,28.95867768595041,66.0,1.66,3.44,1.78,2.9545454545454546,0.7061157024793387,3.44,1.0,2.0,1.0,1.7272727272727273,0.396694214876033,2.0,0.0,4.0,4.0,2.909090909090909,1.586776859504132,4.0,0.0,5.0,5.0,1.3636363636363635,1.9834710743801656,0.0,0.0,0.0,0.0,0.0,0.0,0.0,6.0,6.0,0.0,6.0,0.0,6.0,0.0,1.0,1.0,0.2727272727272727,0.396694214876033,0.0,0.0,2.0,2.0,1.4545454545454546,0.793388429752066,2.0,0.0,5.0,5.0,1.3636363636363635,1.9834710743801656,0.0,0.0,0.0,0.0,0.0,0.0,0.0,2.0,6.0,4.0,3.090909090909091,1.586776859504132,2.0,9.105,11.19,2.084999999999999,9.673636363636364,0.8271074380165285,9.105,0.0,0.0,0.0,0.0,0.0,0.0,0.0,0.0,0.0,0.0,0.0,0.0,12.0,229.0,217.0,71.18181818181819,86.08264462809917,12.0,0.0466325330909098,327.1868241030999,2.882546985021912,0.5890000000000001,False,False
mp-1044455,Cr3O7,Cr,8.0,24.0,16.0,12.8,6.720000000000001,8.0,49.0,87.0,38.0,75.6,15.960000000000003,87.0,15.9994,51.9961,35.9967,26.79841,15.118614000000003,15.9994,54.8,2180.0,2125.2,692.36,892.5840000000001,54.8,6.0,16.0,10.0,13.0,4.2,16.0,2.0,4.0,2.0,2.6,0.8400000000000001,2.0,66.0,139.0,73.0,87.9,30.660000000000004,66.0,1.66,3.44,1.78,2.9059999999999997,0.7476,3.44,1.0,2.0,1.0,1.7,0.42000000000000004,2.0,0.0,4.0,4.0,2.8,1.6800000000000002,4.0,0.0,5.0,5.0,1.5,2.1,0.0,0.0,0.0,0.0,0.0,0.0,0.0,6.0,6.0,0.0,6.0,0.0,6.0,0.0,1.0,1.0,0.3,0.41999999999999993,0.0,0.0,2.0,2.0,1.4,0.8400000000000001,2.0,0.0,5.0,5.0,1.5,2.1,0.0,0.0,0.0,0.0,0.0,0.0,0.0,2.0,6.0,4.0,3.2,1.6800000000000002,2.0,9.105,11.19,2.084999999999999,9.730500000000001,0.8756999999999999,9.105,0.0,0.0,0.0,0.0,0.0,0.0,0.0,0.0,0.0,0.0,0.0,0.0,12.0,229.0,217.0,77.1,91.14,12.0,0.145534851499999,627.6761491268829,2.835845003945874,0.2996,False,False
mp-1096920,Cr3O5,Cr,8.0,24.0,16.0,14.0,7.5,8.0,49.0,87.0,38.0,72.75,17.8125,87.0,15.9994,51.9961,35.9967,29.4981625,16.873453124999997,15.9994,54.8,2180.0,2125.2,851.75,996.1875,54.8,6.0,16.0,10.0,12.25,4.6875,16.0,2.0,4.0,2.0,2.75,0.9375,2.0,66.0,139.0,73.0,93.375,34.21875,66.0,1.66,3.44,1.78,2.7725,0.8343750000000001,3.44,1.0,2.0,1.0,1.625,0.46875,2.0,0.0,4.0,4.0,2.5,1.875,4.0,0.0,5.0,5.0,1.875,2.34375,0.0,0.0,0.0,0.0,0.0,0.0,0.0,6.0,6.0,0.0,6.0,0.0,6.0,0.0,1.0,1.0,0.375,0.46875,0.0,0.0,2.0,2.0,1.25,0.9375,2.0,0.0,5.0,5.0,1.875,2.34375,0.0,0.0,0.0,0.0,0.0,0.0,0.0,2.0,6.0,4.0,3.5,1.875,2.0,9.105,11.19,2.084999999999999,9.886875,0.9773437499999995,9.105,0.0,0.0,0.0,0.0,0.0,0.0,0.0,0.0,0.0,0.0,0.0,0.0,12.0,229.0,217.0,93.375,101.71875,12.0,0.3602019493749928,109.42735007947488,3.581031707851874,0.6983999999999999,False,False
mp-1310867,Cr3O4,Cr,8.0,24.0,16.0,14.857142857142858,7.836734693877552,8.0,49.0,87.0,38.0,70.71428571428571,18.612244897959183,87.0,15.9994,51.9961,35.9967,31.426557142857142,17.631036734693875,15.9994,54.8,2180.0,2125.2,965.6,1040.9142857142858,54.8,6.0,16.0,10.0,11.714285714285714,4.8979591836734695,16.0,2.0,4.0,2.0,2.857142857142857,0.979591836734694,2.0,66.0,139.0,73.0,97.28571428571429,35.755102040816325,66.0,1.66,3.44,1.78,2.677142857142857,0.8718367346938776,3.44,1.0,2.0,1.0,1.5714285714285714,0.489795918367347,2.0,0.0,4.0,4.0,2.2857142857142856,1.959183673469388,4.0,0.0,5.0,5.0,2.142857142857143,2.4489795918367347,0.0,0.0,0.0,0.0,0.0,0.0,0.0,6.0,6.0,0.0,6.0,0.0,6.0,0.0,1.0,1.0,0.42857142857142855,0.4897959183673469,0.0,0.0,2.0,2.0,1.1428571428571428,0.979591836734694,2.0,0.0,5.0,5.0,2.142857142857143,2.4489795918367347,0.0,0.0,0.0,0.0,0.0,0.0,0.0,2.0,6.0,4.0,3.7142857142857144,1.959183673469388,2.0,9.105,11.19,2.084999999999999,9.998571428571429,1.021224489795918,9.105,0.0,0.0,0.0,0.0,0.0,0.0,0.0,0.0,0.0,0.0,0.0,0.0,12.0,229.0,217.0,105.0,106.28571428571429,12.0,0.0991534597619043,156.56919999895874,4.66624574391333,1.4759999999999995,False,False
mp-1041443,Cr4O9,Cr,8.0,24.0,16.0,12.923076923076923,6.816568047337278,8.0,49.0,87.0,38.0,75.3076923076923,16.189349112426036,87.0,15.9994,51.9961,35.9967,27.075307692307693,15.335872189349114,15.9994,54.8,2180.0,2125.2,708.7076923076924,905.410650887574,54.8,6.0,16.0,10.0,12.923076923076923,4.260355029585799,16.0,2.0,4.0,2.0,2.6153846153846154,0.8520710059171598,2.0,66.0,139.0,73.0,88.46153846153847,31.100591715976332,66.0,1.66,3.44,1.78,2.8923076923076922,0.7583431952662723,3.44,1.0,2.0,1.0,1.6923076923076923,0.4260355029585799,2.0,0.0,4.0,4.0,2.769230769230769,1.7041420118343196,4.0,0.0,5.0,5.0,1.5384615384615385,2.1301775147928996,0.0,0.0,0.0,0.0,0.0,0.0,0.0,6.0,6.0,0.0,6.0,0.0,6.0,0.0,1.0,1.0,0.3076923076923077,0.4260355029585799,0.0,0.0,2.0,2.0,1.3846153846153846,0.8520710059171598,2.0,0.0,5.0,5.0,1.5384615384615385,2.1301775147928996,0.0,0.0,0.0,0.0,0.0,0.0,0.0,2.0,6.0,4.0,3.230769230769231,1.7041420118343196,2.0,9.105,11.19,2.084999999999999,9.746538461538462,0.8882840236686387,9.105,0.0,0.0,0.0,0.0,0.0,0.0,0.0,0.0,0.0,0.0,0.0,0.0,12.0,229.0,217.0,78.76923076923077,92.44970414201183,12.0,0.2118742217307634,381.9065329130421,3.0608268283929783,0.1836999999999999,False,False
mp-1198417,Cr4O15,Cr,8.0,24.0,16.0,11.368421052631579,5.3185595567867034,8.0,49.0,87.0,38.0,79.0,12.631578947368421,87.0,15.9994,51.9961,35.9967,23.577652631578946,11.965662049861495,15.9994,54.8,2180.0,2125.2,502.2105263157895,706.4376731301938,54.8,6.0,16.0,10.0,13.894736842105264,3.324099722991689,16.0,2.0,4.0,2.0,2.4210526315789473,0.6648199445983379,2.0,66.0,139.0,73.0,81.36842105263158,24.265927977839333,66.0,1.66,3.44,1.78,3.065263157894737,0.5916897506925206,3.44,1.0,2.0,1.0,1.7894736842105263,0.33240997229916897,2.0,0.0,4.0,4.0,3.1578947368421053,1.3296398891966759,4.0,0.0,5.0,5.0,1.0526315789473684,1.662049861495845,0.0,0.0,0.0,0.0,0.0,0.0,0.0,6.0,6.0,0.0,6.0,0.0,6.0,0.0,1.0,1.0,0.21052631578947367,0.33240997229916897,0.0,0.0,2.0,2.0,1.5789473684210527,0.6648199445983379,2.0,0.0,5.0,5.0,1.0526315789473684,1.662049861495845,0.0,0.0,0.0,0.0,0.0,0.0,0.0,2.0,6.0,4.0,2.8421052631578947,1.3296398891966759,2.0,9.105,11.19,2.084999999999999,9.543947368421053,0.6930747922437671,9.105,0.0,0.0,0.0,0.0,0.0,0.0,0.0,0.0,0.0,0.0,0.0,0.0,12.0,229.0,217.0,57.68421052631579,72.13296398891967,12.0,0.4744492248421048,666.3935279287732,2.2325566574067124,0.7085999999999999,False,False
mp-2831286,MnO,Mn,8.0,25.0,17.0,16.5,8.5,8.0,52.0,87.0,35.0,69.5,17.5,52.0,15.9994,54.938045,38.938645,35.4687225,19.4693225,15.9994,54.8,1519.0,1464.2,786.9,732.1,54.8,7.0,16.0,9.0,11.5,4.5,7.0,2.0,4.0,2.0,3.0,1.0,2.0,66.0,139.0,73.0,102.5,36.5,66.0,1.55,3.44,1.89,2.495,0.945,1.55,2.0,2.0,0.0,2.0,0.0,2.0,0.0,4.0,4.0,2.0,2.0,0.0,0.0,5.0,5.0,2.5,2.5,0.0,0.0,0.0,0.0,0.0,0.0,0.0,6.0,7.0,1.0,6.5,0.5,6.0,0.0,0.0,0.0,0.0,0.0,0.0,0.0,2.0,2.0,1.0,1.0,0.0,0.0,5.0,5.0,2.5,2.5,0.0,0.0,0.0,0.0,0.0,0.0,0.0,2.0,5.0,3.0,3.5,1.5,2.0,9.105,10.4875862069,1.3825862068999992,9.796293103450001,0.6912931034499996,9.105,0.0,0.0,0.0,0.0,0.0,0.0,0.0,0.000310120689655,0.000310120689655,0.0001550603448275,0.0001550603448275,0.0,12.0,217.0,205.0,114.5,102.5,12.0,0.0553645387500019,111.34584959689694,4.231658361701393,0.9851,False,False
mp-1086672,MnO3,Mn,8.0,25.0,17.0,12.25,6.375,8.0,52.0,87.0,35.0,78.25,13.125,87.0,15.9994,54.938045,38.938645,25.73406125,14.601991875,15.9994,54.8,1519.0,1464.2,420.85,549.075,54.8,7.0,16.0,9.0,13.75,3.375,16.0,2.0,4.0,2.0,2.5,0.75,2.0,66.0,139.0,73.0,84.25,27.375,66.0,1.55,3.44,1.89,2.9675000000000002,0.7087499999999998,3.44,2.0,2.0,0.0,2.0,0.0,2.0,0.0,4.0,4.0,3.0,1.5,4.0,0.0,5.0,5.0,1.25,1.875,0.0,0.0,0.0,0.0,0.0,0.0,0.0,6.0,7.0,1.0,6.25,0.375,6.0,0.0,0.0,0.0,0.0,0.0,0.0,0.0,2.0,2.0,1.5,0.75,2.0,0.0,5.0,5.0,1.25,1.875,0.0,0.0,0.0,0.0,0.0,0.0,0.0,2.0,5.0,3.0,2.75,1.125,2.0,9.105,10.4875862069,1.3825862068999992,9.450646551725,0.5184698275874999,9.105,0.0,0.0,0.0,0.0,0.0,0.0,0.0,0.000310120689655,0.000310120689655,7.753017241375e-05,0.000116295258620625,0.0,12.0,217.0,205.0,63.25,76.875,12.0,0.4926594585416675,93.06587031718804,3.6733048505936017,0.0,False,True
mp-1221594,MnO4,Mn,8.0,25.0,17.0,11.4,5.44,8.0,52.0,87.0,35.0,80.0,11.2,87.0,15.9994,54.938045,38.938645,23.787129,12.460366400000002,15.9994,54.8,1519.0,1464.2,347.64,468.54400000000004,54.8,7.0,16.0,9.0,14.2,2.8800000000000003,16.0,2.0,4.0,2.0,2.4,0.6399999999999999,2.0,66.0,139.0,73.0,80.6,23.359999999999996,66.0,1.55,3.44,1.89,3.0620000000000003,0.6047999999999998,3.44,2.0,2.0,0.0,2.0,0.0,2.0,0.0,4.0,4.0,3.2,1.2799999999999998,4.0,0.0,5.0,5.0,1.0,1.6,0.0,0.0,0.0,0.0,0.0,0.0,0.0,6.0,7.0,1.0,6.2,0.3200000000000001,6.0,0.0,0.0,0.0,0.0,0.0,0.0,0.0,2.0,2.0,1.6,0.6399999999999999,2.0,0.0,5.0,5.0,1.0,1.6,0.0,0.0,0.0,0.0,0.0,0.0,0.0,2.0,5.0,3.0,2.6,0.9600000000000002,2.0,9.105,10.4875862069,1.3825862068999992,9.38151724138,0.4424275862079991,9.105,0.0,0.0,0.0,0.0,0.0,0.0,0.0,0.000310120689655,0.000310120689655,6.2024137931e-05,9.923862068959999e-05,0.0,12.0,217.0,205.0,53.0,65.6,12.0,0.5201991928333323,163.7800968094913,2.4117373118838494,0.0,False,True
mp-770543,Mn2O3,Mn,8.0,25.0,17.0,14.8,8.16,8.0,52.0,87.0,35.0,73.0,16.8,87.0,15.9994,54.938045,38.938645,31.574858,18.690549600000004,15.9994,54.8,1519.0,1464.2,640.48,702.816,54.8,7.0,16.0,9.0,12.4,4.32,16.0,2.0,4.0,2.0,2.8,0.96,2.0,66.0,139.0,73.0,95.2,35.04,66.0,1.55,3.44,1.89,2.684,0.9071999999999999,3.44,2.0,2.0,0.0,2.0,0.0,2.0,0.0,4.0,4.0,2.4,1.9200000000000004,4.0,0.0,5.0,5.0,2.0,2.4,0.0,0.0,0.0,0.0,0.0,0.0,0.0,6.0,7.0,1.0,6.4,0.4800000000000001,6.0,0.0,0.0,0.0,0.0,0.0,0.0,0.0,2.0,2.0,1.2,0.9600000000000002,2.0,0.0,5.0,5.0,2.0,2.4,0.0,0.0,0.0,0.0,0.0,0.0,0.0,2.0,5.0,3.0,3.2,1.44,2.0,9.105,10.4875862069,1.3825862068999992,9.65803448276,0.6636413793119995,9.105,0.0,0.0,0.0,0.0,0.0,0.0,0.0,0.000310120689655,0.000310120689655,0.000124048275862,0.00014885793103439998,0.0,12.0,217.0,205.0,94.0,98.4,12.0,0.064272060375,107.67545202396182,4.8693814903078625,0.0,False,True
mp-1104282,Mn2O5,Mn,8.0,25.0,17.0,12.857142857142858,6.938775510204081,8.0,52.0,87.0,35.0,77.0,14.285714285714286,87.0,15.9994,54.938045,38.938645,27.124727142857143,15.89332448979592,15.9994,54.8,1519.0,1464.2,473.14285714285717,597.6326530612245,54.8,7.0,16.0,9.0,13.428571428571429,3.673469387755102,16.0,2.0,4.0,2.0,2.5714285714285716,0.816326530612245,2.0,66.0,139.0,73.0,86.85714285714286,29.79591836734694,66.0,1.55,3.44,1.89,2.9,0.7714285714285715,3.44,2.0,2.0,0.0,2.0,0.0,2.0,0.0,4.0,4.0,2.857142857142857,1.6326530612244896,4.0,0.0,5.0,5.0,1.4285714285714286,2.0408163265306123,0.0,0.0,0.0,0.0,0.0,0.0,0.0,6.0,7.0,1.0,6.285714285714286,0.4081632653061224,6.0,0.0,0.0,0.0,0.0,0.0,0.0,0.0,2.0,2.0,1.4285714285714286,0.8163265306122448,2.0,0.0,5.0,5.0,1.4285714285714286,2.0408163265306123,0.0,0.0,0.0,0.0,0.0,0.0,0.0,2.0,5.0,3.0,2.857142857142857,1.2244897959183676,2.0,9.105,10.4875862069,1.3825862068999992,9.500024630542857,0.5643209007755097,9.105,0.0,0.0,0.0,0.0,0.0,0.0,0.0,0.000310120689655,0.000310120689655,8.860591133e-05,0.00012657987332857144,0.0,12.0,217.0,205.0,70.57142857142857,83.6734693877551,12.0,0.4110917261904765,189.94186028482588,3.319875709427822,0.0,False,True
mp-28338,Mn2O7,Mn,8.0,25.0,17.0,11.777777777777779,5.8765432098765435,8.0,52.0,87.0,35.0,79.22222222222223,12.098765432098762,87.0,15.9994,54.938045,38.938645,24.652432222222224,13.460272345679014,15.9994,54.8,1519.0,1464.2,380.17777777777775,506.14320987654315,54.8,7.0,16.0,9.0,14.0,3.111111111111111,16.0,2.0,4.0,2.0,2.4444444444444446,0.6913580246913581,2.0,66.0,139.0,73.0,82.22222222222223,25.23456790123457,66.0,1.55,3.44,1.89,3.02,0.6533333333333332,3.44,2.0,2.0,0.0,2.0,0.0,2.0,0.0,4.0,4.0,3.111111111111111,1.382716049382716,4.0,0.0,5.0,5.0,1.1111111111111112,1.7283950617283952,0.0,0.0,0.0,0.0,0.0,0.0,0.0,6.0,7.0,1.0,6.222222222222222,0.34567901234567905,6.0,0.0,0.0,0.0,0.0,0.0,0.0,0.0,2.0,2.0,1.5555555555555556,0.691358024691358,2.0,0.0,5.0,5.0,1.1111111111111112,1.7283950617283952,0.0,0.0,0.0,0.0,0.0,0.0,0.0,2.0,5.0,3.0,2.6666666666666665,1.037037037037037,2.0,9.105,10.4875862069,1.3825862068999992,9.41224137931111,0.4779310344839498,9.105,0.0,0.0,0.0,0.0,0.0,0.0,0.0,0.000310120689655,0.000310120689655,6.891570881222221e-05,0.00010720221370790124,0.0,12.0,217.0,205.0,57.55555555555556,70.8641975308642,12.0,0.3346113968981488,1246.6199895735654,2.3643255825932927,1.8058000000000003,False,False
mp-1180464,Mn3O4,Mn,8.0,25.0,17.0,15.285714285714286,8.326530612244898,8.0,52.0,87.0,35.0,72.0,17.142857142857142,87.0,15.9994,54.938045,38.938645,32.68739071428572,19.071989387755103,15.9994,54.8,1519.0,1464.2,682.3142857142857,717.1591836734694,54.8,7.0,16.0,9.0,12.142857142857142,4.408163265306123,16.0,2.0,4.0,2.0,2.857142857142857,0.979591836734694,2.0,66.0,139.0,73.0,97.28571428571429,35.755102040816325,66.0,1.55,3.44,1.89,2.63,0.9257142857142856,3.44,2.0,2.0,0.0,2.0,0.0,2.0,0.0,4.0,4.0,2.2857142857142856,1.959183673469388,4.0,0.0,5.0,5.0,2.142857142857143,2.4489795918367347,0.0,0.0,0.0,0.0,0.0,0.0,0.0,6.0,7.0,1.0,6.428571428571429,0.489795918367347,6.0,0.0,0.0,0.0,0.0,0.0,0.0,0.0,2.0,2.0,1.1428571428571428,0.979591836734694,2.0,0.0,5.0,5.0,2.142857142857143,2.4489795918367347,0.0,0.0,0.0,0.0,0.0,0.0,0.0,2.0,5.0,3.0,3.2857142857142856,1.4693877551020407,2.0,9.105,10.4875862069,1.3825862068999992,9.697536945814287,0.677185080930612,9.105,0.0,0.0,0.0,0.0,0.0,0.0,0.0,0.000310120689655,0.000310120689655,0.00013290886699499999,0.0001518958479942857,0.0,12.0,217.0,205.0,99.85714285714286,100.40816326530613,12.0,0.5794239267857133,459.11990023767487,3.3102535977915895,0.0,False,True
mp-1046066,Mn5O7,Mn,8.0,25.0,17.0,15.083333333333334,8.263888888888888,8.0,52.0,87.0,35.0,72.41666666666667,17.01388888888889,87.0,15.9994,54.938045,38.938645,32.22383541666667,18.92850798611111,15.9994,54.8,1519.0,1464.2,664.8833333333333,711.763888888889,54.8,7.0,16.0,9.0,12.25,4.375,16.0,2.0,4.0,2.0,2.8333333333333335,0.9722222222222222,2.0,66.0,139.0,73.0,96.41666666666667,35.48611111111111,66.0,1.55,3.44,1.89,2.6525,0.9187500000000001,3.44,2.0,2.0,0.0,2.0,0.0,2.0,0.0,4.0,4.0,2.3333333333333335,1.9444444444444446,4.0,0.0,5.0,5.0,2.0833333333333335,2.4305555555555554,0.0,0.0,0.0,0.0,0.0,0.0,0.0,6.0,7.0,1.0,6.416666666666667,0.48611111111111116,6.0,0.0,0.0,0.0,0.0,0.0,0.0,0.0,2.0,2.0,1.1666666666666667,0.9722222222222223,2.0,0.0,5.0,5.0,2.0833333333333335,2.4305555555555554,0.0,0.0,0.0,0.0,0.0,0.0,0.0,2.0,5.0,3.0,3.25,1.4583333333333333,2.0,9.105,10.4875862069,1.3825862068999992,9.681077586208334,0.6720905172430552,9.105,0.0,0.0,0.0,0.0,0.0,0.0,0.0,0.000310120689655,0.000310120689655,0.00012921695402291666,0.0001507531130267361,0.0,12.0,217.0,205.0,97.41666666666667,99.65277777777779,12.0,0.2344344430729155,294.95777796339917,4.353892657799678,0.0,False,True
mp-18922,Mn5O8,Mn,8.0,25.0,17.0,14.538461538461538,8.04733727810651,8.0,52.0,87.0,35.0,73.53846153846153,16.56804733727811,87.0,15.9994,54.938045,38.938645,30.975801923076922,18.432494674556214,15.9994,54.8,1519.0,1464.2,617.9538461538461,693.112426035503,54.8,7.0,16.0,9.0,12.538461538461538,4.260355029585799,16.0,2.0,4.0,2.0,2.769230769230769,0.9467455621301775,2.0,66.0,139.0,73.0,94.07692307692308,34.55621301775148,66.0,1.55,3.44,1.89,2.713076923076923,0.8946745562130177,3.44,2.0,2.0,0.0,2.0,0.0,2.0,0.0,4.0,4.0,2.4615384615384617,1.893491124260355,4.0,0.0,5.0,5.0,1.9230769230769231,2.3668639053254434,0.0,0.0,0.0,0.0,0.0,0.0,0.0,6.0,7.0,1.0,6.384615384615385,0.47337278106508884,6.0,0.0,0.0,0.0,0.0,0.0,0.0,0.0,2.0,2.0,1.2307692307692308,0.9467455621301775,2.0,0.0,5.0,5.0,1.9230769230769231,2.3668639053254434,0.0,0.0,0.0,0.0,0.0,0.0,0.0,2.0,5.0,3.0,3.1538461538461537,1.4201183431952662,2.0,9.105,10.4875862069,1.3825862068999992,9.636763925730769,0.6544786778224847,9.105,0.0,0.0,0.0,0.0,0.0,0.0,0.0,0.000310120689655,0.000310120689655,0.00011927718832884613,0.00014680269332781063,0.0,12.0,217.0,205.0,90.84615384615384,97.04142011834318,12.0,0.0131916344551274,135.65833629201595,4.929110137822828,0.6045000000000003,False,False
mp-754430,Mn7O12,Mn,8.0,25.0,17.0,14.263157894736842,7.9113573407202225,8.0,52.0,87.0,35.0,74.10526315789474,16.28808864265928,87.0,15.9994,54.938045,38.938645,30.34521657894737,18.121031468144043,15.9994,54.8,1519.0,1464.2,594.2421052631579,681.4005540166206,54.8,7.0,16.0,9.0,12.68421052631579,4.188365650969529,16.0,2.0,4.0,2.0,2.736842105263158,0.930747922437673,2.0,66.0,139.0,73.0,92.89473684210526,33.97229916897506,66.0,1.55,3.44,1.89,2.743684210526316,0.879556786703601,3.44,2.0,2.0,0.0,2.0,0.0,2.0,0.0,4.0,4.0,2.526315789473684,1.861495844875346,4.0,0.0,5.0,5.0,1.8421052631578947,2.326869806094183,0.0,0.0,0.0,0.0,0.0,0.0,0.0,6.0,7.0,1.0,6.368421052631579,0.4653739612188365,6.0,0.0,0.0,0.0,0.0,0.0,0.0,0.0,2.0,2.0,1.263157894736842,0.930747922437673,2.0,0.0,5.0,5.0,1.8421052631578947,2.326869806094183,0.0,0.0,0.0,0.0,0.0,0.0,0.0,2.0,5.0,3.0,3.1052631578947367,1.3961218836565097,2.0,9.105,10.4875862069,1.3825862068999992,9.6143738657,0.6434196198315784,9.105,0.0,0.0,0.0,0.0,0.0,0.0,0.0,0.000310120689655,0.000310120689655,0.00011425499092552632,0.00014432209380066483,0.0,12.0,217.0,205.0,87.52631578947368,95.40166204986149,12.0,0.0557821250657895,188.3746629432944,5.082418840412951,0.0,False,True
mp-1221945,Mn8O17,Mn,8.0,25.0,17.0,13.44,7.398399999999999,8.0,52.0,87.0,35.0,75.8,15.232000000000001,87.0,15.9994,54.938045,38.938645,28.4597664,16.946098304000003,15.9994,54.8,1519.0,1464.2,523.344,637.21984,54.8,7.0,16.0,9.0,13.12,3.9168000000000007,16.0,2.0,4.0,2.0,2.64,0.8704000000000001,2.0,66.0,139.0,73.0,89.36,31.7696,66.0,1.55,3.44,1.89,2.8352,0.822528,3.44,2.0,2.0,0.0,2.0,0.0,2.0,0.0,4.0,4.0,2.72,1.7408,4.0,0.0,5.0,5.0,1.6,2.176,0.0,0.0,0.0,0.0,0.0,0.0,0.0,6.0,7.0,1.0,6.32,0.4352000000000001,6.0,0.0,0.0,0.0,0.0,0.0,0.0,0.0,2.0,2.0,1.36,0.8704,2.0,0.0,5.0,5.0,1.6,2.176,0.0,0.0,0.0,0.0,0.0,0.0,0.0,2.0,5.0,3.0,2.96,1.3056,2.0,9.105,10.4875862069,1.3825862068999992,9.547427586208,0.6017015172428797,9.105,0.0,0.0,0.0,0.0,0.0,0.0,0.0,0.000310120689655,0.000310120689655,9.923862068959999e-05,0.00013496452413785598,0.0,12.0,217.0,205.0,77.6,89.21599999999998,12.0,0.1086866119333347,287.6009909735257,4.107996450183211,0.3141,False,False
mp-1045833,Mn9O13,Mn,8.0,25.0,17.0,14.954545454545455,8.21900826446281,8.0,52.0,87.0,35.0,72.68181818181819,16.921487603305785,87.0,15.9994,54.938045,38.938645,31.928845681818185,18.825708533057853,15.9994,54.8,1519.0,1464.2,653.790909090909,707.8983471074381,54.8,7.0,16.0,9.0,12.318181818181818,4.351239669421488,16.0,2.0,4.0,2.0,2.8181818181818183,0.9669421487603306,2.0,66.0,139.0,73.0,95.86363636363636,35.29338842975207,66.0,1.55,3.44,1.89,2.666818181818182,0.9137603305785124,3.44,2.0,2.0,0.0,2.0,0.0,2.0,0.0,4.0,4.0,2.3636363636363638,1.9338842975206612,4.0,0.0,5.0,5.0,2.0454545454545454,2.4173553719008263,0.0,0.0,0.0,0.0,0.0,0.0,0.0,6.0,7.0,1.0,6.409090909090909,0.4834710743801653,6.0,0.0,0.0,0.0,0.0,0.0,0.0,0.0,2.0,2.0,1.1818181818181819,0.9669421487603306,2.0,0.0,5.0,5.0,2.0454545454545454,2.4173553719008263,0.0,0.0,0.0,0.0,0.0,0.0,0.0,2.0,5.0,3.0,3.227272727272727,1.4504132231404958,2.0,9.105,10.4875862069,1.3825862068999992,9.670603448277273,0.6684404388731401,9.105,0.0,0.0,0.0,0.0,0.0,0.0,0.0,0.000310120689655,0.000310120689655,0.00012686755485886362,0.00014993438301502066,0.0,12.0,217.0,205.0,95.86363636363636,99.11157024793388,12.0,0.2280900682102249,267.4659775898533,4.361003651658974,0.0,False,True
mp-776603,Mn15O32,Mn,8.0,25.0,17.0,13.425531914893616,7.387958352195563,8.0,52.0,87.0,35.0,75.82978723404256,15.210502489814395,87.0,15.9994,54.938045,38.938645,28.426627127659575,16.922181620642828,15.9994,54.8,1519.0,1464.2,522.0978723404255,636.3205070167497,54.8,7.0,16.0,9.0,13.127659574468085,3.9112720688094162,16.0,2.0,4.0,2.0,2.6382978723404253,0.8691715708465367,2.0,66.0,139.0,73.0,89.29787234042553,31.724762335898596,66.0,1.55,3.44,1.89,2.8368085106382974,0.8213671344499774,3.44,2.0,2.0,0.0,2.0,0.0,2.0,0.0,4.0,4.0,2.723404255319149,1.738343141693074,4.0,0.0,5.0,5.0,1.5957446808510638,2.172928927116342,0.0,0.0,0.0,0.0,0.0,0.0,0.0,6.0,7.0,1.0,6.319148936170213,0.43458578542326837,6.0,0.0,0.0,0.0,0.0,0.0,0.0,0.0,2.0,2.0,1.3617021276595744,0.869171570846537,2.0,0.0,5.0,5.0,1.5957446808510638,2.172928927116342,0.0,0.0,0.0,0.0,0.0,0.0,0.0,2.0,5.0,3.0,2.9574468085106385,1.3037573562698055,2.0,9.105,10.4875862069,1.3825862068999992,9.546250917095744,0.6008523126410134,9.105,0.0,0.0,0.0,0.0,0.0,0.0,0.0,0.000310120689655,0.000310120689655,9.897468818776595e-05,0.00013477404348972386,0.0,12.0,217.0,205.0,77.42553191489361,89.09008601177003,12.0,0.1376911432446803,557.7015489906358,3.9780518385523496,0.0,False,True
mp-1222372,Mn20O43,Mn,8.0,25.0,17.0,13.396825396825397,7.367094986142605,8.0,52.0,87.0,35.0,75.88888888888889,15.167548500881836,87.0,15.9994,54.938045,38.938645,28.3608746031746,16.874393902746284,15.9994,54.8,1519.0,1464.2,519.6253968253968,634.5235575711766,54.8,7.0,16.0,9.0,13.142857142857142,3.9002267573696145,16.0,2.0,4.0,2.0,2.634920634920635,0.8667170571932478,2.0,66.0,139.0,73.0,89.17460317460318,31.63517258755354,66.0,1.55,3.44,1.89,2.84,0.819047619047619,3.44,2.0,2.0,0.0,2.0,0.0,2.0,0.0,4.0,4.0,2.7301587301587302,1.7334341143864955,4.0,0.0,5.0,5.0,1.5873015873015872,2.1667926429831192,0.0,0.0,0.0,0.0,0.0,0.0,0.0,6.0,7.0,1.0,6.317460317460317,0.43335852859662377,6.0,0.0,0.0,0.0,0.0,0.0,0.0,0.0,2.0,2.0,1.3650793650793651,0.8667170571932478,2.0,0.0,5.0,5.0,1.5873015873015872,2.1667926429831192,0.0,0.0,0.0,0.0,0.0,0.0,0.0,2.0,5.0,3.0,2.9523809523809526,1.3000755857898716,2.0,9.105,10.4875862069,1.3825862068999992,9.54391625615873,0.5991555242801706,9.105,0.0,0.0,0.0,0.0,0.0,0.0,0.0,0.000310120689655,0.000310120689655,9.845101258888887e-05,0.00013439344575626102,0.0,12.0,217.0,205.0,77.07936507936508,88.8384983623079,12.0,0.1481496255291006,726.3688102339088,4.084623950752032,0.0509000000000001,False,False
mp-849596,Mn21O40,Mn,8.0,25.0,17.0,13.852459016393443,7.675356087073367,8.0,52.0,87.0,35.0,74.95081967213115,15.802203708680464,87.0,15.9994,54.938045,38.938645,29.40450729508197,17.580468583714055,15.9994,54.8,1519.0,1464.2,558.8688524590164,661.0739048642837,54.8,7.0,16.0,9.0,12.901639344262295,4.063423810803548,16.0,2.0,4.0,2.0,2.6885245901639343,0.902983069067455,2.0,66.0,139.0,73.0,91.1311475409836,32.95888202096211,66.0,1.55,3.44,1.89,2.789344262295082,0.853319000268745,3.44,2.0,2.0,0.0,2.0,0.0,2.0,0.0,4.0,4.0,2.622950819672131,1.8059661381349101,4.0,0.0,5.0,5.0,1.721311475409836,2.2574576726686373,0.0,0.0,0.0,0.0,0.0,0.0,0.0,6.0,7.0,1.0,6.344262295081967,0.45149153453372753,6.0,0.0,0.0,0.0,0.0,0.0,0.0,0.0,2.0,2.0,1.3114754098360655,0.9029830690674551,2.0,0.0,5.0,5.0,1.721311475409836,2.2574576726686373,0.0,0.0,0.0,0.0,0.0,0.0,0.0,2.0,5.0,3.0,3.0327868852459017,1.3544746036011823,2.0,9.105,10.4875862069,1.3825862068999992,9.580972300736066,0.6242259681784464,9.105,0.0,0.0,0.0,0.0,0.0,0.0,0.0,0.000310120689655,0.000310120689655,0.00010676286037303278,0.0001400168660629938,0.0,12.0,217.0,205.0,82.57377049180327,92.55576457941415,12.0,0.0576284699112044,720.1760571895777,4.135748881653512,0.3699999999999999,False,False
mp-1974703,FeO,Fe,8.0,26.0,18.0,17.0,9.0,8.0,55.0,87.0,32.0,71.0,16.0,55.0,15.9994,55.845,39.8456,35.9222,19.9228,15.9994,54.8,1811.0,1756.2,932.9,878.1,54.8,8.0,16.0,8.0,12.0,4.0,8.0,2.0,4.0,2.0,3.0,1.0,2.0,66.0,132.0,66.0,99.0,33.0,66.0,1.83,3.44,1.6099999999999999,2.635,0.8049999999999999,1.83,2.0,2.0,0.0,2.0,0.0,2.0,0.0,4.0,4.0,2.0,2.0,0.0,0.0,6.0,6.0,3.0,3.0,0.0,0.0,0.0,0.0,0.0,0.0,0.0,6.0,8.0,2.0,7.0,1.0,6.0,0.0,0.0,0.0,0.0,0.0,0.0,0.0,2.0,2.0,1.0,1.0,0.0,0.0,4.0,4.0,2.0,2.0,0.0,0.0,0.0,0.0,0.0,0.0,0.0,2.0,4.0,2.0,3.0,1.0,2.0,9.105,10.73,1.625,9.9175,0.8125,9.105,0.0,0.0,0.0,0.0,0.0,0.0,0.0,2.1106628,2.1106628,1.0553314,1.0553314,0.0,12.0,229.0,217.0,120.5,108.5,12.0,0.1682073175000003,81.33221341667618,5.867315203727379,0.5488999999999997,False,False
mp-796324,FeO2,Fe,8.0,26.0,18.0,14.0,8.0,8.0,55.0,87.0,32.0,76.33333333333333,14.222222222222223,87.0,15.9994,55.845,39.8456,29.281266666666667,17.709155555555554,15.9994,54.8,1811.0,1756.2,640.1999999999999,780.5333333333334,54.8,8.0,16.0,8.0,13.333333333333334,3.5555555555555554,16.0,2.0,4.0,2.0,2.6666666666666665,0.8888888888888888,2.0,66.0,132.0,66.0,88.0,29.333333333333332,66.0,1.83,3.44,1.6099999999999999,2.9033333333333338,0.7155555555555554,3.44,2.0,2.0,0.0,2.0,0.0,2.0,0.0,4.0,4.0,2.6666666666666665,1.777777777777778,4.0,0.0,6.0,6.0,2.0,2.6666666666666665,0.0,0.0,0.0,0.0,0.0,0.0,0.0,6.0,8.0,2.0,6.666666666666667,0.888888888888889,6.0,0.0,0.0,0.0,0.0,0.0,0.0,0.0,2.0,2.0,1.3333333333333333,0.888888888888889,2.0,0.0,4.0,4.0,1.3333333333333333,1.777777777777778,0.0,0.0,0.0,0.0,0.0,0.0,0.0,2.0,4.0,2.0,2.6666666666666665,0.8888888888888888,2.0,9.105,10.73,1.625,9.646666666666667,0.722222222222222,9.105,0.0,0.0,0.0,0.0,0.0,0.0,0.0,2.1106628,2.1106628,0.7035542666666667,0.9380723555555557,0.0,12.0,229.0,217.0,84.33333333333333,96.44444444444446,12.0,0.1798254058333332,153.9825826946548,3.789209384847087,1.1543,False,False
mp-863316,FeO3,Fe,8.0,26.0,18.0,12.5,6.75,8.0,55.0,87.0,32.0,79.0,12.0,87.0,15.9994,55.845,39.8456,25.9608,14.9421,15.9994,54.8,1811.0,1756.2,493.85,658.575,54.8,8.0,16.0,8.0,14.0,3.0,16.0,2.0,4.0,2.0,2.5,0.75,2.0,66.0,132.0,66.0,82.5,24.75,66.0,1.83,3.44,1.6099999999999999,3.0375,0.6037499999999999,3.44,2.0,2.0,0.0,2.0,0.0,2.0,0.0,4.0,4.0,3.0,1.5,4.0,0.0,6.0,6.0,1.5,2.25,0.0,0.0,0.0,0.0,0.0,0.0,0.0,6.0,8.0,2.0,6.5,0.75,6.0,0.0,0.0,0.0,0.0,0.0,0.0,0.0,2.0,2.0,1.5,0.75,2.0,0.0,4.0,4.0,1.0,1.5,0.0,0.0,0.0,0.0,0.0,0.0,0.0,2.0,4.0,2.0,2.5,0.75,2.0,9.105,10.73,1.625,9.51125,0.609375,9.105,0.0,0.0,0.0,0.0,0.0,0.0,0.0,2.1106628,2.1106628,0.5276657,0.79149855,0.0,12.0,229.0,217.0,66.25,81.375,12.0,0.5403715906249991,122.93865159799668,2.805231526461336,0.3050999999999999,False,False
mp-776606,Fe2O3,Fe,8.0,26.0,18.0,15.2,8.64,8.0,55.0,87.0,32.0,74.2,15.36,87.0,15.9994,55.845,39.8456,31.93764,19.125887999999996,15.9994,54.8,1811.0,1756.2,757.28,842.976,54.8,8.0,16.0,8.0,12.8,3.84,16.0,2.0,4.0,2.0,2.8,0.96,2.0,66.0,132.0,66.0,92.4,31.68,66.0,1.83,3.44,1.6099999999999999,2.7960000000000003,0.7727999999999999,3.44,2.0,2.0,0.0,2.0,0.0,2.0,0.0,4.0,4.0,2.4,1.9200000000000004,4.0,0.0,6.0,6.0,2.4,2.88,0.0,0.0,0.0,0.0,0.0,0.0,0.0,6.0,8.0,2.0,6.8,0.96,6.0,0.0,0.0,0.0,0.0,0.0,0.0,0.0,2.0,2.0,1.2,0.9600000000000002,2.0,0.0,4.0,4.0,1.6,1.9200000000000004,0.0,0.0,0.0,0.0,0.0,0.0,0.0,2.0,4.0,2.0,2.8,0.96,2.0,9.105,10.73,1.625,9.755,0.78,9.105,0.0,0.0,0.0,0.0,0.0,0.0,0.0,2.1106628,2.1106628,0.84426512,1.0131181439999999,0.0,12.0,229.0,217.0,98.8,104.16,12.0,0.1230215537500001,412.5212429663978,5.142396896483901,0.0,False,True
mp-1147691,Fe2O5,Fe,8.0,26.0,18.0,13.142857142857142,7.346938775510204,8.0,55.0,87.0,32.0,77.85714285714286,13.061224489795917,87.0,15.9994,55.845,39.8456,27.383857142857146,16.263510204081634,15.9994,54.8,1811.0,1756.2,556.5714285714286,716.8163265306123,54.8,8.0,16.0,8.0,13.714285714285714,3.26530612244898,16.0,2.0,4.0,2.0,2.5714285714285716,0.816326530612245,2.0,66.0,132.0,66.0,84.85714285714286,26.938775510204085,66.0,1.83,3.44,1.6099999999999999,2.98,0.6571428571428571,3.44,2.0,2.0,0.0,2.0,0.0,2.0,0.0,4.0,4.0,2.857142857142857,1.6326530612244896,4.0,0.0,6.0,6.0,1.7142857142857142,2.4489795918367347,0.0,0.0,0.0,0.0,0.0,0.0,0.0,6.0,8.0,2.0,6.571428571428571,0.8163265306122448,6.0,0.0,0.0,0.0,0.0,0.0,0.0,0.0,2.0,2.0,1.4285714285714286,0.8163265306122448,2.0,0.0,4.0,4.0,1.1428571428571428,1.6326530612244896,0.0,0.0,0.0,0.0,0.0,0.0,0.0,2.0,4.0,2.0,2.5714285714285716,0.816326530612245,2.0,9.105,10.73,1.625,9.569285714285716,0.6632653061224494,9.105,0.0,0.0,0.0,0.0,0.0,0.0,0.0,2.1106628,2.1106628,0.6030465142857143,0.8614950204081632,0.0,12.0,229.0,217.0,74.0,88.57142857142857,12.0,0.3745702499999996,287.2863301226924,4.431867710073485,0.0,False,True
mp-2903347,Fe3O4,Fe,8.0,26.0,18.0,15.714285714285714,8.816326530612246,8.0,55.0,87.0,32.0,73.28571428571429,15.673469387755102,87.0,15.9994,55.845,39.8456,33.07608571428572,19.516212244897957,15.9994,54.8,1811.0,1756.2,807.4571428571428,860.1795918367346,54.8,8.0,16.0,8.0,12.571428571428571,3.918367346938776,16.0,2.0,4.0,2.0,2.857142857142857,0.979591836734694,2.0,66.0,132.0,66.0,94.28571428571429,32.326530612244895,66.0,1.83,3.44,1.6099999999999999,2.75,0.7885714285714285,3.44,2.0,2.0,0.0,2.0,0.0,2.0,0.0,4.0,4.0,2.2857142857142856,1.959183673469388,4.0,0.0,6.0,6.0,2.5714285714285716,2.9387755102040813,0.0,0.0,0.0,0.0,0.0,0.0,0.0,6.0,8.0,2.0,6.857142857142857,0.9795918367346939,6.0,0.0,0.0,0.0,0.0,0.0,0.0,0.0,2.0,2.0,1.1428571428571428,0.979591836734694,2.0,0.0,4.0,4.0,1.7142857142857142,1.9591836734693877,0.0,0.0,0.0,0.0,0.0,0.0,0.0,2.0,4.0,2.0,2.857142857142857,0.979591836734694,2.0,9.105,10.73,1.625,9.801428571428572,0.7959183673469388,9.105,0.0,0.0,0.0,0.0,0.0,0.0,0.0,2.1106628,2.1106628,0.9045697714285714,1.0337940244897958,0.0,12.0,229.0,217.0,105.0,106.28571428571429,12.0,0.1034685142857139,73.29436863416122,5.24554526075053,0.0,False,True
mp-1181334,Fe4O13,Fe,8.0,26.0,18.0,12.235294117647058,6.477508650519031,8.0,55.0,87.0,32.0,79.47058823529412,11.515570934256056,87.0,15.9994,55.845,39.8456,25.37483529411765,14.338901038062284,15.9994,54.8,1811.0,1756.2,468.0235294117647,631.9889273356401,54.8,8.0,16.0,8.0,14.117647058823529,2.878892733564014,16.0,2.0,4.0,2.0,2.4705882352941178,0.7197231833910035,2.0,66.0,132.0,66.0,81.52941176470588,23.750865051903112,66.0,1.83,3.44,1.6099999999999999,3.061176470588235,0.5793771626297578,3.44,2.0,2.0,0.0,2.0,0.0,2.0,0.0,4.0,4.0,3.0588235294117645,1.439446366782007,4.0,0.0,6.0,6.0,1.411764705882353,2.15916955017301,0.0,0.0,0.0,0.0,0.0,0.0,0.0,6.0,8.0,2.0,6.470588235294118,0.7197231833910035,6.0,0.0,0.0,0.0,0.0,0.0,0.0,0.0,2.0,2.0,1.5294117647058822,0.7197231833910035,2.0,0.0,4.0,4.0,0.9411764705882353,1.4394463667820068,0.0,0.0,0.0,0.0,0.0,0.0,0.0,2.0,4.0,2.0,2.4705882352941178,0.7197231833910035,2.0,9.105,10.73,1.625,9.487352941176471,0.5847750865051905,9.105,0.0,0.0,0.0,0.0,0.0,0.0,0.0,2.1106628,2.1106628,0.4966265411764706,0.7595464747404845,0.0,12.0,229.0,217.0,63.05882352941177,78.08996539792388,12.0,0.6938011720588229,195.0501848590246,3.672441489166984,0.0,False,True
mp-1188678,Fe4O5,Fe,8.0,26.0,18.0,16.0,8.88888888888889,8.0,55.0,87.0,32.0,72.77777777777777,15.80246913580247,87.0,15.9994,55.845,39.8456,33.708555555555556,19.67683950617284,15.9994,54.8,1811.0,1756.2,835.3333333333334,867.2592592592594,54.8,8.0,16.0,8.0,12.444444444444445,3.9506172839506175,16.0,2.0,4.0,2.0,2.888888888888889,0.9876543209876544,2.0,66.0,132.0,66.0,95.33333333333333,32.59259259259259,66.0,1.83,3.44,1.6099999999999999,2.7244444444444444,0.7950617283950616,3.44,2.0,2.0,0.0,2.0,0.0,2.0,0.0,4.0,4.0,2.2222222222222223,1.9753086419753088,4.0,0.0,6.0,6.0,2.6666666666666665,2.962962962962963,0.0,0.0,0.0,0.0,0.0,0.0,0.0,6.0,8.0,2.0,6.888888888888889,0.9876543209876544,6.0,0.0,0.0,0.0,0.0,0.0,0.0,0.0,2.0,2.0,1.1111111111111112,0.9876543209876544,2.0,0.0,4.0,4.0,1.7777777777777777,1.9753086419753088,0.0,0.0,0.0,0.0,0.0,0.0,0.0,2.0,4.0,2.0,2.888888888888889,0.9876543209876544,2.0,9.105,10.73,1.625,9.827222222222224,0.8024691358024693,9.105,0.0,0.0,0.0,0.0,0.0,0.0,0.0,2.1106628,2.1106628,0.9380723555555556,1.0423026172839505,0.0,12.0,229.0,217.0,108.44444444444444,107.1604938271605,12.0,0.0875999816666652,189.26723233246904,5.323365855816135,0.0,False,True
mp-1095382,Fe5O7,Fe,8.0,26.0,18.0,15.5,8.75,8.0,55.0,87.0,32.0,73.66666666666667,15.555555555555555,87.0,15.9994,55.845,39.8456,32.601733333333335,19.36938888888889,15.9994,54.8,1811.0,1756.2,786.5500000000001,853.7083333333334,54.8,8.0,16.0,8.0,12.666666666666666,3.888888888888889,16.0,2.0,4.0,2.0,2.8333333333333335,0.9722222222222222,2.0,66.0,132.0,66.0,93.5,32.083333333333336,66.0,1.83,3.44,1.6099999999999999,2.7691666666666666,0.7826388888888888,3.44,2.0,2.0,0.0,2.0,0.0,2.0,0.0,4.0,4.0,2.3333333333333335,1.9444444444444446,4.0,0.0,6.0,6.0,2.5,2.9166666666666665,0.0,0.0,0.0,0.0,0.0,0.0,0.0,6.0,8.0,2.0,6.833333333333333,0.9722222222222222,6.0,0.0,0.0,0.0,0.0,0.0,0.0,0.0,2.0,2.0,1.1666666666666667,0.9722222222222223,2.0,0.0,4.0,4.0,1.6666666666666667,1.9444444444444444,0.0,0.0,0.0,0.0,0.0,0.0,0.0,2.0,4.0,2.0,2.8333333333333335,0.9722222222222222,2.0,9.105,10.73,1.625,9.782083333333334,0.7899305555555557,9.105,0.0,0.0,0.0,0.0,0.0,0.0,0.0,2.1106628,2.1106628,0.8794428333333334,1.026016638888889,0.0,12.0,229.0,217.0,102.41666666666667,105.48611111111113,12.0,0.1695247491666665,121.72601544467996,5.336882346809207,0.0,False,True
mp-1225007,Fe5O8,Fe,8.0,26.0,18.0,14.923076923076923,8.520710059171599,8.0,55.0,87.0,32.0,74.6923076923077,15.14792899408284,87.0,15.9994,55.845,39.8456,31.324630769230772,18.861822485207103,15.9994,54.8,1811.0,1756.2,730.2615384615384,831.337278106509,54.8,8.0,16.0,8.0,12.923076923076923,3.78698224852071,16.0,2.0,4.0,2.0,2.769230769230769,0.9467455621301775,2.0,66.0,132.0,66.0,91.38461538461539,31.24260355029586,66.0,1.83,3.44,1.6099999999999999,2.8207692307692307,0.762130177514793,3.44,2.0,2.0,0.0,2.0,0.0,2.0,0.0,4.0,4.0,2.4615384615384617,1.893491124260355,4.0,0.0,6.0,6.0,2.3076923076923075,2.8402366863905324,0.0,0.0,0.0,0.0,0.0,0.0,0.0,6.0,8.0,2.0,6.769230769230769,0.9467455621301775,6.0,0.0,0.0,0.0,0.0,0.0,0.0,0.0,2.0,2.0,1.2307692307692308,0.9467455621301775,2.0,0.0,4.0,4.0,1.5384615384615385,1.8934911242603552,0.0,0.0,0.0,0.0,0.0,0.0,0.0,2.0,4.0,2.0,2.769230769230769,0.9467455621301775,2.0,9.105,10.73,1.625,9.73,0.7692307692307693,9.105,0.0,0.0,0.0,0.0,0.0,0.0,0.0,2.1106628,2.1106628,0.8117933846153846,0.9991303195266272,0.0,12.0,229.0,217.0,95.46153846153847,102.72189349112426,12.0,0.1817684509615373,153.71957432329117,4.398952148613642,0.0,False,True
mp-32939,Fe7O8,Fe,8.0,26.0,18.0,16.4,8.96,8.0,55.0,87.0,32.0,72.06666666666666,15.928888888888888,87.0,15.9994,55.845,39.8456,34.59401333333333,19.83425422222222,15.9994,54.8,1811.0,1756.2,874.36,874.1973333333333,54.8,8.0,16.0,8.0,12.266666666666667,3.982222222222222,16.0,2.0,4.0,2.0,2.933333333333333,0.9955555555555555,2.0,66.0,132.0,66.0,96.8,32.85333333333333,66.0,1.83,3.44,1.6099999999999999,2.6886666666666668,0.8014222222222221,3.44,2.0,2.0,0.0,2.0,0.0,2.0,0.0,4.0,4.0,2.1333333333333333,1.991111111111111,4.0,0.0,6.0,6.0,2.8,2.9866666666666664,0.0,0.0,0.0,0.0,0.0,0.0,0.0,6.0,8.0,2.0,6.933333333333334,0.9955555555555555,6.0,0.0,0.0,0.0,0.0,0.0,0.0,0.0,2.0,2.0,1.0666666666666667,0.9955555555555555,2.0,0.0,4.0,4.0,1.8666666666666667,1.991111111111111,0.0,0.0,0.0,0.0,0.0,0.0,0.0,2.0,4.0,2.0,2.933333333333333,0.9955555555555555,2.0,9.105,10.73,1.625,9.863333333333333,0.8088888888888889,9.105,0.0,0.0,0.0,0.0,0.0,0.0,0.0,2.1106628,2.1106628,0.9849759733333333,1.0506410382222222,0.0,12.0,229.0,217.0,113.26666666666667,108.01777777777778,12.0,0.0979422586666665,163.17034064833177,5.280804446061566,0.0,False,True
mp-705558,Fe7O9,Fe,8.0,26.0,18.0,15.875,8.859375,8.0,55.0,87.0,32.0,73.0,15.75,87.0,15.9994,55.845,39.8456,33.43185,19.611506249999998,15.9994,54.8,1811.0,1756.2,823.1375,864.3796875,54.8,8.0,16.0,8.0,12.5,3.9375,16.0,2.0,4.0,2.0,2.875,0.984375,2.0,66.0,132.0,66.0,94.875,32.484375,66.0,1.83,3.44,1.6099999999999999,2.735625,0.7924218749999998,3.44,2.0,2.0,0.0,2.0,0.0,2.0,0.0,4.0,4.0,2.25,1.96875,4.0,0.0,6.0,6.0,2.625,2.953125,0.0,0.0,0.0,0.0,0.0,0.0,0.0,6.0,8.0,2.0,6.875,0.984375,6.0,0.0,0.0,0.0,0.0,0.0,0.0,0.0,2.0,2.0,1.125,0.984375,2.0,0.0,4.0,4.0,1.75,1.96875,0.0,0.0,0.0,0.0,0.0,0.0,0.0,2.0,4.0,2.0,2.875,0.984375,2.0,9.105,10.73,1.625,9.8159375,0.7998046875,9.105,0.0,0.0,0.0,0.0,0.0,0.0,0.0,2.1106628,2.1106628,0.923414975,1.038841846875,0.0,12.0,229.0,217.0,106.9375,106.8046875,12.0,0.2177308499999997,649.3866031681804,4.103433693304866,1.1386999999999998,False,False
mp-1182503,Fe8O17,Fe,8.0,26.0,18.0,13.76,7.833600000000001,8.0,55.0,87.0,32.0,76.76,13.9264,87.0,15.9994,55.845,39.8456,28.749992000000002,17.34080512,15.9994,54.8,1811.0,1756.2,616.784,764.29824,54.8,8.0,16.0,8.0,13.44,3.4816000000000003,16.0,2.0,4.0,2.0,2.64,0.8704000000000001,2.0,66.0,132.0,66.0,87.12,28.723200000000002,66.0,1.83,3.44,1.6099999999999999,2.9248000000000003,0.7006719999999999,3.44,2.0,2.0,0.0,2.0,0.0,2.0,0.0,4.0,4.0,2.72,1.7408,4.0,0.0,6.0,6.0,1.92,2.6112,0.0,0.0,0.0,0.0,0.0,0.0,0.0,6.0,8.0,2.0,6.64,0.8704,6.0,0.0,0.0,0.0,0.0,0.0,0.0,0.0,2.0,2.0,1.36,0.8704,2.0,0.0,4.0,4.0,1.28,1.7408,0.0,0.0,0.0,0.0,0.0,0.0,0.0,2.0,4.0,2.0,2.64,0.8704000000000001,2.0,9.105,10.73,1.625,9.625,0.7071999999999998,9.105,0.0,0.0,0.0,0.0,0.0,0.0,0.0,2.1106628,2.1106628,0.6754120960000001,0.91856045056,0.0,12.0,229.0,217.0,81.44,94.4384,12.0,0.250517038399999,622.3510958894612,3.8354945674922423,0.0,False,True
mp-705588,Fe8O9,Fe,8.0,26.0,18.0,16.470588235294116,8.96885813148789,8.0,55.0,87.0,32.0,71.94117647058823,15.944636678200693,87.0,15.9994,55.845,39.8456,34.750270588235296,19.853862975778544,15.9994,54.8,1811.0,1756.2,881.2470588235294,875.0615916955018,54.8,8.0,16.0,8.0,12.235294117647058,3.9861591695501732,16.0,2.0,4.0,2.0,2.9411764705882355,0.9965397923875433,2.0,66.0,132.0,66.0,97.05882352941177,32.88581314878893,66.0,1.83,3.44,1.6099999999999999,2.682352941176471,0.8022145328719723,3.44,2.0,2.0,0.0,2.0,0.0,2.0,0.0,4.0,4.0,2.1176470588235294,1.9930795847750866,4.0,0.0,6.0,6.0,2.823529411764706,2.98961937716263,0.0,0.0,0.0,0.0,0.0,0.0,0.0,6.0,8.0,2.0,6.9411764705882355,0.9965397923875433,6.0,0.0,0.0,0.0,0.0,0.0,0.0,0.0,2.0,2.0,1.0588235294117647,0.9965397923875433,2.0,0.0,4.0,4.0,1.8823529411764706,1.9930795847750866,0.0,0.0,0.0,0.0,0.0,0.0,0.0,2.0,4.0,2.0,2.9411764705882355,0.9965397923875433,2.0,9.105,10.73,1.625,9.869705882352942,0.809688581314879,9.105,0.0,0.0,0.0,0.0,0.0,0.0,0.0,2.1106628,2.1106628,0.9932530823529412,1.0516797342560555,0.0,12.0,229.0,217.0,114.11764705882354,108.12456747404843,12.0,0.0485509026470598,370.3831694353669,5.297060851548167,1.1978000000000004,False,False
mp-1342828,Fe9O13,Fe,8.0,26.0,18.0,15.363636363636363,8.702479338842975,8.0,55.0,87.0,32.0,73.9090909090909,15.47107438016529,87.0,15.9994,55.845,39.8456,32.29987272727273,19.26419504132231,15.9994,54.8,1811.0,1756.2,773.2454545454547,849.0719008264463,54.8,8.0,16.0,8.0,12.727272727272727,3.8677685950413223,16.0,2.0,4.0,2.0,2.8181818181818183,0.9669421487603306,2.0,66.0,132.0,66.0,93.0,31.90909090909091,66.0,1.83,3.44,1.6099999999999999,2.7813636363636363,0.7783884297520661,3.44,2.0,2.0,0.0,2.0,0.0,2.0,0.0,4.0,4.0,2.3636363636363638,1.9338842975206612,4.0,0.0,6.0,6.0,2.4545454545454546,2.9008264462809916,0.0,0.0,0.0,0.0,0.0,0.0,0.0,6.0,8.0,2.0,6.818181818181818,0.9669421487603306,6.0,0.0,0.0,0.0,0.0,0.0,0.0,0.0,2.0,2.0,1.1818181818181819,0.9669421487603306,2.0,0.0,4.0,4.0,1.6363636363636365,1.9338842975206612,0.0,0.0,0.0,0.0,0.0,0.0,0.0,2.0,4.0,2.0,2.8181818181818183,0.9669421487603306,2.0,9.105,10.73,1.625,9.769772727272727,0.7856404958677685,9.105,0.0,0.0,0.0,0.0,0.0,0.0,0.0,2.1106628,2.1106628,0.8634529636363637,1.020444411570248,0.0,12.0,229.0,217.0,100.77272727272727,104.91322314049586,12.0,0.263188419090909,260.120784210012,4.53625578766705,0.0,False,True
mp-759037,Fe9O10,Fe,8.0,26.0,18.0,16.526315789473685,8.975069252077564,8.0,55.0,87.0,32.0,71.84210526315789,15.95567867036011,87.0,15.9994,55.845,39.8456,34.87363157894737,19.867612188365648,15.9994,54.8,1811.0,1756.2,886.6842105263158,875.6675900277007,54.8,8.0,16.0,8.0,12.210526315789474,3.9889196675900274,16.0,2.0,4.0,2.0,2.9473684210526314,0.9972299168975068,2.0,66.0,132.0,66.0,97.26315789473684,32.90858725761773,66.0,1.83,3.44,1.6099999999999999,2.6773684210526314,0.802770083102493,3.44,2.0,2.0,0.0,2.0,0.0,2.0,0.0,4.0,4.0,2.1052631578947367,1.9944598337950137,4.0,0.0,6.0,6.0,2.8421052631578947,2.9916897506925206,0.0,0.0,0.0,0.0,0.0,0.0,0.0,6.0,8.0,2.0,6.947368421052632,0.9972299168975068,6.0,0.0,0.0,0.0,0.0,0.0,0.0,0.0,2.0,2.0,1.0526315789473684,0.9972299168975068,2.0,0.0,4.0,4.0,1.894736842105263,1.9944598337950137,0.0,0.0,0.0,0.0,0.0,0.0,0.0,2.0,4.0,2.0,2.9473684210526314,0.9972299168975068,2.0,9.105,10.73,1.625,9.874736842105264,0.8102493074792244,9.105,0.0,0.0,0.0,0.0,0.0,0.0,0.0,2.1106628,2.1106628,0.9997876421052632,1.0524080443213295,0.0,12.0,229.0,217.0,114.78947368421052,108.19944598337952,12.0,0.0387845999999996,205.6335180267732,5.350642916025339,1.6011999999999995,False,False
mp-799417,Fe10O11,Fe,8.0,26.0,18.0,16.571428571428573,8.979591836734695,8.0,55.0,87.0,32.0,71.76190476190476,15.963718820861677,87.0,15.9994,55.845,39.8456,34.973495238095246,19.87762358276644,15.9994,54.8,1811.0,1756.2,891.0857142857143,876.1088435374149,54.8,8.0,16.0,8.0,12.19047619047619,3.9909297052154193,16.0,2.0,4.0,2.0,2.9523809523809526,0.9977324263038548,2.0,66.0,132.0,66.0,97.42857142857143,32.92517006802721,66.0,1.83,3.44,1.6099999999999999,2.6733333333333333,0.8031746031746032,3.44,2.0,2.0,0.0,2.0,0.0,2.0,0.0,4.0,4.0,2.0952380952380953,1.9954648526077097,4.0,0.0,6.0,6.0,2.857142857142857,2.993197278911565,0.0,0.0,0.0,0.0,0.0,0.0,0.0,6.0,8.0,2.0,6.9523809523809526,0.9977324263038548,6.0,0.0,0.0,0.0,0.0,0.0,0.0,0.0,2.0,2.0,1.0476190476190477,0.9977324263038548,2.0,0.0,4.0,4.0,1.9047619047619047,1.9954648526077097,0.0,0.0,0.0,0.0,0.0,0.0,0.0,2.0,4.0,2.0,2.9523809523809526,0.9977324263038548,2.0,9.105,10.73,1.625,9.878809523809524,0.8106575963718822,9.105,0.0,0.0,0.0,0.0,0.0,0.0,0.0,2.1106628,2.1106628,1.0050775238095238,1.052938358276644,0.0,12.0,229.0,217.0,115.33333333333333,108.25396825396824,12.0,0.7118553790476199,224.47394727369615,5.433022292441989,0.0,False,True
mp-705417,Fe11O12,Fe,8.0,26.0,18.0,16.608695652173914,8.982986767485823,8.0,55.0,87.0,32.0,71.69565217391305,15.969754253308128,87.0,15.9994,55.845,39.8456,35.05599130434782,19.885138752362945,15.9994,54.8,1811.0,1756.2,894.7217391304347,876.4400756143668,54.8,8.0,16.0,8.0,12.173913043478262,3.992438563327032,16.0,2.0,4.0,2.0,2.9565217391304346,0.998109640831758,2.0,66.0,132.0,66.0,97.56521739130434,32.93761814744801,66.0,1.83,3.44,1.6099999999999999,2.6700000000000004,0.8034782608695651,3.44,2.0,2.0,0.0,2.0,0.0,2.0,0.0,4.0,4.0,2.0869565217391304,1.9962192816635163,4.0,0.0,6.0,6.0,2.869565217391304,2.9943289224952743,0.0,0.0,0.0,0.0,0.0,0.0,0.0,6.0,8.0,2.0,6.956521739130435,0.998109640831758,6.0,0.0,0.0,0.0,0.0,0.0,0.0,0.0,2.0,2.0,1.0434782608695652,0.9981096408317581,2.0,0.0,4.0,4.0,1.9130434782608696,1.9962192816635163,0.0,0.0,0.0,0.0,0.0,0.0,0.0,2.0,4.0,2.0,2.9565217391304346,0.998109640831758,2.0,9.105,10.73,1.625,9.882173913043479,0.8109640831758034,9.105,0.0,0.0,0.0,0.0,0.0,0.0,0.0,2.1106628,2.1106628,1.0094474260869566,1.0533364446124764,0.0,12.0,229.0,217.0,115.78260869565217,108.29489603024574,12.0,0.0488238395652178,248.9952841598182,5.377099398533975,1.3876,False,False
mp-764326,Fe12O13,Fe,8.0,26.0,18.0,16.64,8.9856,8.0,55.0,87.0,32.0,71.64,15.974400000000001,87.0,15.9994,55.845,39.8456,35.125288,19.890923519999998,15.9994,54.8,1811.0,1756.2,897.7760000000001,876.6950400000001,54.8,8.0,16.0,8.0,12.16,3.9936000000000003,16.0,2.0,4.0,2.0,2.96,0.9984000000000001,2.0,66.0,132.0,66.0,97.68,32.9472,66.0,1.83,3.44,1.6099999999999999,2.6672000000000002,0.8037119999999999,3.44,2.0,2.0,0.0,2.0,0.0,2.0,0.0,4.0,4.0,2.08,1.9968000000000001,4.0,0.0,6.0,6.0,2.88,2.9951999999999996,0.0,0.0,0.0,0.0,0.0,0.0,0.0,6.0,8.0,2.0,6.96,0.9984000000000001,6.0,0.0,0.0,0.0,0.0,0.0,0.0,0.0,2.0,2.0,1.04,0.9984000000000001,2.0,0.0,4.0,4.0,1.92,1.9968000000000001,0.0,0.0,0.0,0.0,0.0,0.0,0.0,2.0,4.0,2.0,2.96,0.9984000000000001,2.0,9.105,10.73,1.625,9.885,0.8112,9.105,0.0,0.0,0.0,0.0,0.0,0.0,0.0,2.1106628,2.1106628,1.013118144,1.05364286976,0.0,12.0,229.0,217.0,116.16,108.32639999999999,12.0,0.0824289684000021,267.6757729678826,5.447533819026765,0.0,False,True
mp-1195927,Fe13O19,Fe,8.0,26.0,18.0,15.3125,8.68359375,8.0,55.0,87.0,32.0,74.0,15.4375,87.0,15.9994,55.845,39.8456,32.186675,19.2223890625,15.9994,54.8,1811.0,1756.2,768.25625,847.229296875,54.8,8.0,16.0,8.0,12.75,3.859375,16.0,2.0,4.0,2.0,2.8125,0.96484375,2.0,66.0,132.0,66.0,92.8125,31.83984375,66.0,1.83,3.44,1.6099999999999999,2.7859375,0.7766992187499999,3.44,2.0,2.0,0.0,2.0,0.0,2.0,0.0,4.0,4.0,2.375,1.9296875,4.0,0.0,6.0,6.0,2.4375,2.89453125,0.0,0.0,0.0,0.0,0.0,0.0,0.0,6.0,8.0,2.0,6.8125,0.96484375,6.0,0.0,0.0,0.0,0.0,0.0,0.0,0.0,2.0,2.0,1.1875,0.96484375,2.0,0.0,4.0,4.0,1.625,1.9296875,0.0,0.0,0.0,0.0,0.0,0.0,0.0,2.0,4.0,2.0,2.8125,0.96484375,2.0,9.105,10.73,1.625,9.76515625,0.783935546875,9.105,0.0,0.0,0.0,0.0,0.0,0.0,0.0,2.1106628,2.1106628,0.8574567625,1.01822990546875,0.0,12.0,229.0,217.0,100.15625,104.685546875,12.0,0.301966283125,312.890144152912,5.466172184446745,0.0,False,True
mp-705414,Fe13O14,Fe,8.0,26.0,18.0,16.666666666666668,8.987654320987653,8.0,55.0,87.0,32.0,71.5925925925926,15.978052126200273,87.0,15.9994,55.845,39.8456,35.184318518518516,19.895471056241426,15.9994,54.8,1811.0,1756.2,900.3777777777779,876.8954732510289,54.8,8.0,16.0,8.0,12.148148148148149,3.9945130315500683,16.0,2.0,4.0,2.0,2.962962962962963,0.9986282578875171,2.0,66.0,132.0,66.0,97.77777777777777,32.95473251028807,66.0,1.83,3.44,1.6099999999999999,2.6648148148148145,0.8038957475994514,3.44,2.0,2.0,0.0,2.0,0.0,2.0,0.0,4.0,4.0,2.074074074074074,1.9972565157750342,4.0,0.0,6.0,6.0,2.888888888888889,2.995884773662551,0.0,0.0,0.0,0.0,0.0,0.0,0.0,6.0,8.0,2.0,6.962962962962963,0.9986282578875171,6.0,0.0,0.0,0.0,0.0,0.0,0.0,0.0,2.0,2.0,1.037037037037037,0.9986282578875171,2.0,0.0,4.0,4.0,1.9259259259259258,1.9972565157750344,0.0,0.0,0.0,0.0,0.0,0.0,0.0,2.0,4.0,2.0,2.962962962962963,0.9986282578875171,2.0,9.105,10.73,1.625,9.887407407407409,0.8113854595336077,9.105,0.0,0.0,0.0,0.0,0.0,0.0,0.0,2.1106628,2.1106628,1.016245051851852,1.0538837574759947,0.0,12.0,229.0,217.0,116.48148148148148,108.3511659807956,12.0,0.0712161522222221,288.40212059445474,5.46970062358868,0.0,False,True
mp-756693,Fe13O15,Fe,8.0,26.0,18.0,16.357142857142858,8.954081632653061,8.0,55.0,87.0,32.0,72.14285714285714,15.918367346938776,87.0,15.9994,55.845,39.8456,34.49914285714286,19.82115306122449,15.9994,54.8,1811.0,1756.2,870.1785714285714,873.6198979591837,54.8,8.0,16.0,8.0,12.285714285714286,3.9795918367346936,16.0,2.0,4.0,2.0,2.9285714285714284,0.9948979591836734,2.0,66.0,132.0,66.0,96.64285714285714,32.83163265306123,66.0,1.83,3.44,1.6099999999999999,2.6925,0.8008928571428571,3.44,2.0,2.0,0.0,2.0,0.0,2.0,0.0,4.0,4.0,2.142857142857143,1.989795918367347,4.0,0.0,6.0,6.0,2.7857142857142856,2.9846938775510203,0.0,0.0,0.0,0.0,0.0,0.0,0.0,6.0,8.0,2.0,6.928571428571429,0.9948979591836735,6.0,0.0,0.0,0.0,0.0,0.0,0.0,0.0,2.0,2.0,1.0714285714285714,0.9948979591836735,2.0,0.0,4.0,4.0,1.8571428571428572,1.989795918367347,0.0,0.0,0.0,0.0,0.0,0.0,0.0,2.0,4.0,2.0,2.9285714285714284,0.9948979591836734,2.0,9.105,10.73,1.625,9.859464285714287,0.8083545918367347,9.105,0.0,0.0,0.0,0.0,0.0,0.0,0.0,2.1106628,2.1106628,0.9799505857142857,1.049947056122449,0.0,12.0,229.0,217.0,112.75,107.94642857142857,12.0,0.076544280000002,303.6833894363142,5.281951346158334,1.2639,False,False
mp-764417,Fe14O15,Fe,8.0,26.0,18.0,16.689655172413794,8.989298454221167,8.0,55.0,87.0,32.0,71.55172413793103,15.980975029726515,87.0,15.9994,55.845,39.8456,35.23520689655172,19.899110582639715,15.9994,54.8,1811.0,1756.2,902.6206896551724,877.0558858501784,54.8,8.0,16.0,8.0,12.137931034482758,3.995243757431629,16.0,2.0,4.0,2.0,2.9655172413793105,0.9988109393579072,2.0,66.0,132.0,66.0,97.86206896551724,32.96076099881094,66.0,1.83,3.44,1.6099999999999999,2.662758620689655,0.8040428061831154,3.44,2.0,2.0,0.0,2.0,0.0,2.0,0.0,4.0,4.0,2.0689655172413794,1.9976218787158144,4.0,0.0,6.0,6.0,2.896551724137931,2.996432818073722,0.0,0.0,0.0,0.0,0.0,0.0,0.0,6.0,8.0,2.0,6.9655172413793105,0.9988109393579072,6.0,0.0,0.0,0.0,0.0,0.0,0.0,0.0,2.0,2.0,1.0344827586206897,0.9988109393579072,2.0,0.0,4.0,4.0,1.9310344827586208,1.9976218787158144,0.0,0.0,0.0,0.0,0.0,0.0,0.0,2.0,4.0,2.0,2.9655172413793105,0.9988109393579072,2.0,9.105,10.73,1.625,9.88948275862069,0.8115338882282996,9.105,0.0,0.0,0.0,0.0,0.0,0.0,0.0,2.1106628,2.1106628,1.0189406620689656,1.0540765469678954,0.0,12.0,229.0,217.0,116.75862068965517,108.37098692033292,12.0,0.0582812179310341,306.5112489771459,5.5357631982681905,1.0187,False,False
mp-1224936,Fe15O16,Fe,8.0,26.0,18.0,16.70967741935484,8.990634755463061,8.0,55.0,87.0,32.0,71.51612903225806,15.983350676378773,87.0,15.9994,55.845,39.8456,35.27952903225806,19.902068678459937,15.9994,54.8,1811.0,1756.2,904.574193548387,877.1862643080125,54.8,8.0,16.0,8.0,12.129032258064516,3.9958376690946933,16.0,2.0,4.0,2.0,2.967741935483871,0.9989594172736733,2.0,66.0,132.0,66.0,97.93548387096774,32.96566077003122,66.0,1.83,3.44,1.6099999999999999,2.660967741935484,0.8041623309053069,3.44,2.0,2.0,0.0,2.0,0.0,2.0,0.0,4.0,4.0,2.064516129032258,1.9979188345473466,4.0,0.0,6.0,6.0,2.903225806451613,2.9968782518210197,0.0,0.0,0.0,0.0,0.0,0.0,0.0,6.0,8.0,2.0,6.967741935483871,0.9989594172736733,6.0,0.0,0.0,0.0,0.0,0.0,0.0,0.0,2.0,2.0,1.032258064516129,0.9989594172736733,2.0,0.0,4.0,4.0,1.935483870967742,1.9979188345473466,0.0,0.0,0.0,0.0,0.0,0.0,0.0,2.0,4.0,2.0,2.967741935483871,0.9989594172736733,2.0,9.105,10.73,1.625,9.891290322580645,0.8116545265348595,9.105,0.0,0.0,0.0,0.0,0.0,0.0,0.0,2.1106628,2.1106628,1.0212884516129033,1.0542332403746097,0.0,12.0,229.0,217.0,117.0,108.38709677419355,12.0,0.0834387719354836,344.0009897000486,5.279270058523795,1.4826,False,False
mp-705424,Fe17O18,Fe,8.0,26.0,18.0,16.742857142857144,8.99265306122449,8.0,55.0,87.0,32.0,71.45714285714286,15.986938775510206,87.0,15.9994,55.845,39.8456,35.35297714285714,19.90653648979592,15.9994,54.8,1811.0,1756.2,907.8114285714286,877.3831836734695,54.8,8.0,16.0,8.0,12.114285714285714,3.9967346938775514,16.0,2.0,4.0,2.0,2.9714285714285715,0.9991836734693879,2.0,66.0,132.0,66.0,98.05714285714286,32.9730612244898,66.0,1.83,3.44,1.6099999999999999,2.658,0.804342857142857,3.44,2.0,2.0,0.0,2.0,0.0,2.0,0.0,4.0,4.0,2.057142857142857,1.9983673469387757,4.0,0.0,6.0,6.0,2.914285714285714,2.9975510204081632,0.0,0.0,0.0,0.0,0.0,0.0,0.0,6.0,8.0,2.0,6.9714285714285715,0.9991836734693879,6.0,0.0,0.0,0.0,0.0,0.0,0.0,0.0,2.0,2.0,1.0285714285714285,0.9991836734693879,2.0,0.0,4.0,4.0,1.9428571428571428,1.9983673469387753,0.0,0.0,0.0,0.0,0.0,0.0,0.0,2.0,4.0,2.0,2.9714285714285715,0.9991836734693879,2.0,9.105,10.73,1.625,9.894285714285715,0.8118367346938775,9.105,0.0,0.0,0.0,0.0,0.0,0.0,0.0,2.1106628,2.1106628,1.0251790742857143,1.054469904979592,0.0,12.0,229.0,217.0,117.4,108.41142857142856,12.0,0.0396876154285728,377.9556721781888,5.436285634638037,1.5382999999999996,False,False
mp-530048,Fe21O32,Fe,8.0,26.0,18.0,15.132075471698114,8.612317550729799,8.0,55.0,87.0,32.0,74.32075471698113,15.310786756852973,87.0,15.9994,55.845,39.8456,31.787279245283017,19.0646088999644,15.9994,54.8,1811.0,1756.2,750.6528301886792,840.2751156995372,54.8,8.0,16.0,8.0,12.830188679245284,3.8276966892132434,16.0,2.0,4.0,2.0,2.792452830188679,0.9569241723033108,2.0,66.0,132.0,66.0,92.15094339622641,31.578497686009253,66.0,1.83,3.44,1.6099999999999999,2.802075471698113,0.7703239587041653,3.44,2.0,2.0,0.0,2.0,0.0,2.0,0.0,4.0,4.0,2.4150943396226414,1.9138483446066217,4.0,0.0,6.0,6.0,2.3773584905660377,2.8707725169099323,0.0,0.0,0.0,0.0,0.0,0.0,0.0,6.0,8.0,2.0,6.7924528301886795,0.9569241723033108,6.0,0.0,0.0,0.0,0.0,0.0,0.0,0.0,2.0,2.0,1.2075471698113207,0.9569241723033108,2.0,0.0,4.0,4.0,1.5849056603773586,1.9138483446066217,0.0,0.0,0.0,0.0,0.0,0.0,0.0,2.0,4.0,2.0,2.792452830188679,0.9569241723033108,2.0,9.105,10.73,1.625,9.748867924528303,0.7775008899964403,9.105,0.0,0.0,0.0,0.0,0.0,0.0,0.0,2.1106628,2.1106628,0.8363003547169812,1.0098721264506942,0.0,12.0,229.0,217.0,97.98113207547169,103.8262726949092,12.0,0.1947037255188677,570.0575742870437,4.907492045547028,0.0,False,True
mp-706875,Fe21O23,Fe,8.0,26.0,18.0,16.59090909090909,8.981404958677686,8.0,55.0,87.0,32.0,71.72727272727273,15.96694214876033,87.0,15.9994,55.845,39.8456,35.01661818181818,19.881637190082643,15.9994,54.8,1811.0,1756.2,892.9863636363636,876.2857438016528,54.8,8.0,16.0,8.0,12.181818181818182,3.9917355371900825,16.0,2.0,4.0,2.0,2.9545454545454546,0.9979338842975206,2.0,66.0,132.0,66.0,97.5,32.93181818181818,66.0,1.83,3.44,1.6099999999999999,2.6715909090909093,0.8033367768595041,3.44,2.0,2.0,0.0,2.0,0.0,2.0,0.0,4.0,4.0,2.090909090909091,1.9958677685950412,4.0,0.0,6.0,6.0,2.8636363636363638,2.9938016528925617,0.0,0.0,0.0,0.0,0.0,0.0,0.0,6.0,8.0,2.0,6.954545454545454,0.9979338842975206,6.0,0.0,0.0,0.0,0.0,0.0,0.0,0.0,2.0,2.0,1.0454545454545454,0.9979338842975206,2.0,0.0,4.0,4.0,1.9090909090909092,1.9958677685950412,0.0,0.0,0.0,0.0,0.0,0.0,0.0,2.0,4.0,2.0,2.9545454545454546,0.9979338842975206,2.0,9.105,10.73,1.625,9.880568181818182,0.8108212809917356,9.105,0.0,0.0,0.0,0.0,0.0,0.0,0.0,2.1106628,2.1106628,1.0073617909090908,1.0531509632231406,0.0,12.0,229.0,217.0,115.56818181818181,108.275826446281,12.0,0.0523055902272719,474.7232023530413,5.389339176224495,1.3487,False,False
mp-774295,Fe23O32,Fe,8.0,26.0,18.0,15.527272727272727,8.75900826446281,8.0,55.0,87.0,32.0,73.61818181818182,15.571570247933883,87.0,15.9994,55.845,39.8456,32.662105454545454,19.38932998347107,15.9994,54.8,1811.0,1756.2,789.210909090909,854.5872396694216,54.8,8.0,16.0,8.0,12.654545454545454,3.8928925619834716,16.0,2.0,4.0,2.0,2.8363636363636364,0.9732231404958679,2.0,66.0,132.0,66.0,93.6,32.11636363636364,66.0,1.83,3.44,1.6099999999999999,2.766727272727273,0.7834446280991734,3.44,2.0,2.0,0.0,2.0,0.0,2.0,0.0,4.0,4.0,2.327272727272727,1.9464462809917358,4.0,0.0,6.0,6.0,2.5090909090909093,2.919669421487603,0.0,0.0,0.0,0.0,0.0,0.0,0.0,6.0,8.0,2.0,6.836363636363636,0.9732231404958677,6.0,0.0,0.0,0.0,0.0,0.0,0.0,0.0,2.0,2.0,1.1636363636363636,0.9732231404958679,2.0,0.0,4.0,4.0,1.6727272727272726,1.9464462809917353,0.0,0.0,0.0,0.0,0.0,0.0,0.0,2.0,4.0,2.0,2.8363636363636364,0.9732231404958679,2.0,9.105,10.73,1.625,9.784545454545457,0.7907438016528928,9.105,0.0,0.0,0.0,0.0,0.0,0.0,0.0,2.1106628,2.1106628,0.8826408072727273,1.027072939371901,0.0,12.0,229.0,217.0,102.74545454545455,105.59471074380166,12.0,0.1866041876363633,576.5993794245261,5.173468315041151,0.0095999999999998,False,False
mp-705553,Fe23O25,Fe,8.0,26.0,18.0,16.625,8.984375,8.0,55.0,87.0,32.0,71.66666666666667,15.972222222222221,87.0,15.9994,55.845,39.8456,35.092083333333335,19.888211805555553,15.9994,54.8,1811.0,1756.2,896.3125,876.5755208333334,54.8,8.0,16.0,8.0,12.166666666666666,3.9930555555555554,16.0,2.0,4.0,2.0,2.9583333333333335,0.9982638888888888,2.0,66.0,132.0,66.0,97.625,32.942708333333336,66.0,1.83,3.44,1.6099999999999999,2.6685416666666666,0.8036024305555555,3.44,2.0,2.0,0.0,2.0,0.0,2.0,0.0,4.0,4.0,2.0833333333333335,1.996527777777778,4.0,0.0,6.0,6.0,2.875,2.9947916666666665,0.0,0.0,0.0,0.0,0.0,0.0,0.0,6.0,8.0,2.0,6.958333333333333,0.9982638888888888,6.0,0.0,0.0,0.0,0.0,0.0,0.0,0.0,2.0,2.0,1.0416666666666667,0.998263888888889,2.0,0.0,4.0,4.0,1.9166666666666667,1.9965277777777777,0.0,0.0,0.0,0.0,0.0,0.0,0.0,2.0,4.0,2.0,2.9583333333333335,0.9982638888888888,2.0,9.105,10.73,1.625,9.883645833333334,0.8110894097222223,9.105,0.0,0.0,0.0,0.0,0.0,0.0,0.0,2.1106628,2.1106628,1.0113592583333333,1.0534992274305557,0.0,12.0,229.0,217.0,115.97916666666667,108.31163194444446,12.0,0.049515041666666,516.4686557619616,5.415711461412236,1.2771000000000003,False,False
mp-1194978,Fe25O32,Fe,8.0,26.0,18.0,15.894736842105264,8.86426592797784,8.0,55.0,87.0,32.0,72.96491228070175,15.758694983071715,87.0,15.9994,55.845,39.8456,33.475540350877196,19.62233302554632,15.9994,54.8,1811.0,1756.2,825.0631578947368,864.8568790397046,54.8,8.0,16.0,8.0,12.491228070175438,3.9396737457679287,16.0,2.0,4.0,2.0,2.8771929824561404,0.9849184364419822,2.0,66.0,132.0,66.0,94.94736842105263,32.502308402585406,66.0,1.83,3.44,1.6099999999999999,2.733859649122807,0.7928593413357956,3.44,2.0,2.0,0.0,2.0,0.0,2.0,0.0,4.0,4.0,2.245614035087719,1.9698368728839644,4.0,0.0,6.0,6.0,2.6315789473684212,2.9547553093259467,0.0,0.0,0.0,0.0,0.0,0.0,0.0,6.0,8.0,2.0,6.87719298245614,0.9849184364419822,6.0,0.0,0.0,0.0,0.0,0.0,0.0,0.0,2.0,2.0,1.1228070175438596,0.9849184364419822,2.0,0.0,4.0,4.0,1.7543859649122806,1.9698368728839641,0.0,0.0,0.0,0.0,0.0,0.0,0.0,2.0,4.0,2.0,2.8771929824561404,0.9849184364419822,2.0,9.105,10.73,1.625,9.817719298245613,0.8002462296091103,9.105,0.0,0.0,0.0,0.0,0.0,0.0,0.0,2.1106628,2.1106628,0.925729298245614,1.039415352416128,0.0,12.0,229.0,217.0,107.17543859649123,106.86365035395507,12.0,0.1830700547368424,578.6279415763722,5.47585762951727,0.0,False,True
mp-863766,Fe32O35,Fe,8.0,26.0,18.0,16.597014925373134,8.981955892180887,8.0,55.0,87.0,32.0,71.71641791044776,15.967921586099353,87.0,15.9994,55.845,39.8456,35.030134328358216,19.88285676097126,15.9994,54.8,1811.0,1756.2,893.5820895522388,876.3394965471151,54.8,8.0,16.0,8.0,12.17910447761194,3.991980396524838,16.0,2.0,4.0,2.0,2.955223880597015,0.9979950991312095,2.0,66.0,132.0,66.0,97.5223880597015,32.93383827132992,66.0,1.83,3.44,1.6099999999999999,2.6710447761194027,0.8033860548006236,3.44,2.0,2.0,0.0,2.0,0.0,2.0,0.0,4.0,4.0,2.08955223880597,1.995990198262419,4.0,0.0,6.0,6.0,2.8656716417910446,2.9939852973936287,0.0,0.0,0.0,0.0,0.0,0.0,0.0,6.0,8.0,2.0,6.955223880597015,0.9979950991312095,6.0,0.0,0.0,0.0,0.0,0.0,0.0,0.0,2.0,2.0,1.044776119402985,0.9979950991312095,2.0,0.0,4.0,4.0,1.9104477611940298,1.995990198262419,0.0,0.0,0.0,0.0,0.0,0.0,0.0,2.0,4.0,2.0,2.955223880597015,0.9979950991312095,2.0,9.105,10.73,1.625,9.881119402985076,0.8108710180441079,9.105,0.0,0.0,0.0,0.0,0.0,0.0,0.0,2.1106628,2.1106628,1.0080777552238807,1.0532155651592783,0.0,12.0,229.0,217.0,115.64179104477611,108.28246825573625,12.0,0.0568135191044785,732.2937948818808,5.32206714331942,0.5078999999999998,False,False
mp-694910,Fe35O36,Fe,8.0,26.0,18.0,16.87323943661972,8.99821463995239,8.0,55.0,87.0,32.0,71.22535211267606,15.996826026582028,87.0,15.9994,55.845,39.8456,35.64159718309859,19.918847847649275,15.9994,54.8,1811.0,1756.2,920.5323943661972,877.925808371355,54.8,8.0,16.0,8.0,12.056338028169014,3.999206506645507,16.0,2.0,4.0,2.0,2.9859154929577465,0.9998016266613767,2.0,66.0,132.0,66.0,98.53521126760563,32.99345367982543,66.0,1.83,3.44,1.6099999999999999,2.646338028169014,0.8048403094624081,3.44,2.0,2.0,0.0,2.0,0.0,2.0,0.0,4.0,4.0,2.028169014084507,1.9996032533227535,4.0,0.0,6.0,6.0,2.9577464788732395,2.99940487998413,0.0,0.0,0.0,0.0,0.0,0.0,0.0,6.0,8.0,2.0,6.985915492957746,0.9998016266613767,6.0,0.0,0.0,0.0,0.0,0.0,0.0,0.0,2.0,2.0,1.0140845070422535,0.9998016266613767,2.0,0.0,4.0,4.0,1.971830985915493,1.9996032533227535,0.0,0.0,0.0,0.0,0.0,0.0,0.0,2.0,4.0,2.0,2.9859154929577465,0.9998016266613767,2.0,9.105,10.73,1.625,9.90605633802817,0.8123388216623686,9.105,0.0,0.0,0.0,0.0,0.0,0.0,0.0,2.1106628,2.1106628,1.0404675774647887,1.0551220503868282,0.0,12.0,229.0,217.0,118.97183098591549,108.47847649275937,12.0,0.7833586849295777,751.1078958069701,5.59451286578972,0.2105000000000001,False,False
mp-705753,Fe38O39,Fe,8.0,26.0,18.0,16.883116883116884,8.998482037443075,8.0,55.0,87.0,32.0,71.20779220779221,15.997301399898802,87.0,15.9994,55.845,39.8456,35.66346233766234,19.91943977061899,15.9994,54.8,1811.0,1756.2,921.4961038961038,877.9518974531962,54.8,8.0,16.0,8.0,12.051948051948052,3.9993253499747006,16.0,2.0,4.0,2.0,2.987012987012987,0.9998313374936751,2.0,66.0,132.0,66.0,98.57142857142857,32.99443413729128,66.0,1.83,3.44,1.6099999999999999,2.6454545454545455,0.8048642266824084,3.44,2.0,2.0,0.0,2.0,0.0,2.0,0.0,4.0,4.0,2.0259740259740258,1.99966267498735,4.0,0.0,6.0,6.0,2.961038961038961,2.999494012481026,0.0,0.0,0.0,0.0,0.0,0.0,0.0,6.0,8.0,2.0,6.987012987012987,0.9998313374936751,6.0,0.0,0.0,0.0,0.0,0.0,0.0,0.0,2.0,2.0,1.0129870129870129,0.999831337493675,2.0,0.0,4.0,4.0,1.974025974025974,1.9996626749873507,0.0,0.0,0.0,0.0,0.0,0.0,0.0,2.0,4.0,2.0,2.987012987012987,0.9998313374936751,2.0,9.105,10.73,1.625,9.906948051948053,0.8123629617136111,9.105,0.0,0.0,0.0,0.0,0.0,0.0,0.0,2.1106628,2.1106628,1.0416257974025975,1.0551534051610727,0.0,12.0,229.0,217.0,119.0909090909091,108.48170011806374,12.0,0.0708972445454545,817.9429909710078,5.574941207729374,1.3910999999999998,False,False
mp-757565,Fe41O56,Fe,8.0,26.0,18.0,15.608247422680412,8.784780529280477,8.0,55.0,87.0,32.0,73.47422680412372,15.617387607609736,87.0,15.9994,55.845,39.8456,32.84135463917526,19.44638061430545,15.9994,54.8,1811.0,1756.2,797.1113402061856,857.1017536401317,54.8,8.0,16.0,8.0,12.618556701030927,3.904346901902434,16.0,2.0,4.0,2.0,2.845360824742268,0.9760867254756085,2.0,66.0,132.0,66.0,93.89690721649484,32.210861940695075,66.0,1.83,3.44,1.6099999999999999,2.759484536082474,0.7857498140078648,3.44,2.0,2.0,0.0,2.0,0.0,2.0,0.0,4.0,4.0,2.3092783505154637,1.952173450951217,4.0,0.0,6.0,6.0,2.536082474226804,2.9282601764268255,0.0,0.0,0.0,0.0,0.0,0.0,0.0,6.0,8.0,2.0,6.845360824742268,0.9760867254756085,6.0,0.0,0.0,0.0,0.0,0.0,0.0,0.0,2.0,2.0,1.1546391752577319,0.9760867254756085,2.0,0.0,4.0,4.0,1.690721649484536,1.952173450951217,0.0,0.0,0.0,0.0,0.0,0.0,0.0,2.0,4.0,2.0,2.845360824742268,0.9760867254756085,2.0,9.105,10.73,1.625,9.791855670103093,0.7930704644489319,9.105,0.0,0.0,0.0,0.0,0.0,0.0,0.0,2.1106628,2.1106628,0.8921358226804124,1.0300949705175895,0.0,12.0,229.0,217.0,103.72164948453609,105.90540971410353,12.0,0.0848202781443294,1083.478033687803,4.882269897149725,0.0154,False,False
mp-530050,Fe43O64,Fe,8.0,26.0,18.0,15.233644859813085,8.653332168748364,8.0,55.0,87.0,32.0,74.14018691588785,15.383701633330421,87.0,15.9994,55.845,39.8456,32.01211775700935,19.155400681282206,15.9994,54.8,1811.0,1756.2,760.5626168224298,844.2767752642152,54.8,8.0,16.0,8.0,12.785046728971963,3.8459254083326053,16.0,2.0,4.0,2.0,2.803738317757009,0.9614813520831513,2.0,66.0,132.0,66.0,92.5233644859813,31.728884618743994,66.0,1.83,3.44,1.6099999999999999,2.7929906542056075,0.7739924884269367,3.44,2.0,2.0,0.0,2.0,0.0,2.0,0.0,4.0,4.0,2.392523364485981,1.9229627041663029,4.0,0.0,6.0,6.0,2.411214953271028,2.884444056249454,0.0,0.0,0.0,0.0,0.0,0.0,0.0,6.0,8.0,2.0,6.803738317757009,0.9614813520831513,6.0,0.0,0.0,0.0,0.0,0.0,0.0,0.0,2.0,2.0,1.1962616822429906,0.9614813520831514,2.0,0.0,4.0,4.0,1.6074766355140186,1.9229627041663029,0.0,0.0,0.0,0.0,0.0,0.0,0.0,2.0,4.0,2.0,2.803738317757009,0.9614813520831513,2.0,9.105,10.73,1.625,9.758037383177571,0.7812035985675606,9.105,0.0,0.0,0.0,0.0,0.0,0.0,0.0,2.1106628,2.1106628,0.8482102841121496,1.014681461367805,0.0,12.0,229.0,217.0,99.20560747663552,104.32072670102193,12.0,0.1161095049532718,1241.3194350304952,4.582091173654353,0.8886999999999996,False,False
mp-796278,CoO2,Co,8.0,27.0,19.0,14.333333333333334,8.444444444444445,8.0,58.0,87.0,29.0,77.33333333333333,12.888888888888891,87.0,15.9994,58.933195,42.933794999999996,30.310665,19.081686666666666,15.9994,54.8,1768.0,1713.2,625.8666666666667,761.4222222222221,54.8,9.0,16.0,7.0,13.666666666666666,3.111111111111111,16.0,2.0,4.0,2.0,2.6666666666666665,0.8888888888888888,2.0,66.0,126.0,60.0,86.0,26.666666666666668,66.0,1.88,3.44,1.56,2.92,0.6933333333333334,3.44,2.0,2.0,0.0,2.0,0.0,2.0,0.0,4.0,4.0,2.6666666666666665,1.777777777777778,4.0,0.0,7.0,7.0,2.3333333333333335,3.1111111111111107,0.0,0.0,0.0,0.0,0.0,0.0,0.0,6.0,9.0,3.0,7.0,1.3333333333333333,6.0,0.0,0.0,0.0,0.0,0.0,0.0,0.0,2.0,2.0,1.3333333333333333,0.888888888888889,2.0,0.0,3.0,3.0,1.0,1.3333333333333333,0.0,0.0,0.0,0.0,0.0,0.0,0.0,2.0,3.0,1.0,2.3333333333333335,0.4444444444444445,2.0,9.105,10.245,1.1399999999999988,9.485,0.5066666666666659,9.105,0.0,0.0,0.0,0.0,0.0,0.0,0.0,1.5484712,1.5484712,0.5161570666666667,0.6882094222222221,0.0,12.0,194.0,182.0,72.66666666666667,80.8888888888889,12.0,0.1642942700000018,124.29623775597088,2.429617067071438,0.7414999999999998,False,False
mp-1079523,CoO4,Co,8.0,27.0,19.0,11.8,6.08,8.0,58.0,87.0,29.0,81.2,9.279999999999998,87.0,15.9994,58.933195,42.933794999999996,24.586159,13.7388144,15.9994,54.8,1768.0,1713.2,397.44,548.2239999999999,54.8,9.0,16.0,7.0,14.6,2.24,16.0,2.0,4.0,2.0,2.4,0.6399999999999999,2.0,66.0,126.0,60.0,78.0,19.2,66.0,1.88,3.44,1.56,3.128,0.4991999999999999,3.44,2.0,2.0,0.0,2.0,0.0,2.0,0.0,4.0,4.0,3.2,1.2799999999999998,4.0,0.0,7.0,7.0,1.4,2.2399999999999998,0.0,0.0,0.0,0.0,0.0,0.0,0.0,6.0,9.0,3.0,6.6,0.9599999999999997,6.0,0.0,0.0,0.0,0.0,0.0,0.0,0.0,2.0,2.0,1.6,0.6399999999999999,2.0,0.0,3.0,3.0,0.6,0.96,0.0,0.0,0.0,0.0,0.0,0.0,0.0,2.0,3.0,1.0,2.2,0.3200000000000001,2.0,9.105,10.245,1.1399999999999988,9.333,0.3647999999999996,9.105,0.0,0.0,0.0,0.0,0.0,0.0,0.0,1.5484712,1.5484712,0.30969424,0.49551078400000004,0.0,12.0,194.0,182.0,48.4,58.239999999999995,12.0,0.5991084150000008,196.48956487420548,2.0777834996131443,0.0121999999999999,False,False
mp-1244882,CoO,Co,8.0,27.0,19.0,17.5,9.5,8.0,58.0,87.0,29.0,72.5,14.5,58.0,15.9994,58.933195,42.933794999999996,37.466297499999996,21.466897499999998,15.9994,54.8,1768.0,1713.2,911.4,856.6,54.8,9.0,16.0,7.0,12.5,3.5,9.0,2.0,4.0,2.0,3.0,1.0,2.0,66.0,126.0,60.0,96.0,30.0,66.0,1.88,3.44,1.56,2.66,0.78,1.88,2.0,2.0,0.0,2.0,0.0,2.0,0.0,4.0,4.0,2.0,2.0,0.0,0.0,7.0,7.0,3.5,3.5,0.0,0.0,0.0,0.0,0.0,0.0,0.0,6.0,9.0,3.0,7.5,1.5,6.0,0.0,0.0,0.0,0.0,0.0,0.0,0.0,2.0,2.0,1.0,1.0,0.0,0.0,3.0,3.0,1.5,1.5,0.0,0.0,0.0,0.0,0.0,0.0,0.0,2.0,3.0,1.0,2.5,0.5,2.0,9.105,10.245,1.1399999999999988,9.675,0.5699999999999994,9.105,0.0,0.0,0.0,0.0,0.0,0.0,0.0,1.5484712,1.5484712,0.7742356,0.7742356,0.0,12.0,194.0,182.0,103.0,91.0,12.0,0.4017379017500007,1044.2359862327437,4.76629816147042,0.2197,False,False
mp-1043418,Co2O3,Co,8.0,27.0,19.0,15.6,9.12,8.0,58.0,87.0,29.0,75.4,13.919999999999998,87.0,15.9994,58.933195,42.933794999999996,33.172917999999996,20.608221599999997,15.9994,54.8,1768.0,1713.2,740.08,822.336,54.8,9.0,16.0,7.0,13.2,3.3600000000000003,16.0,2.0,4.0,2.0,2.8,0.96,2.0,66.0,126.0,60.0,90.0,28.8,66.0,1.88,3.44,1.56,2.816,0.7488,3.44,2.0,2.0,0.0,2.0,0.0,2.0,0.0,4.0,4.0,2.4,1.9200000000000004,4.0,0.0,7.0,7.0,2.8,3.3599999999999994,0.0,0.0,0.0,0.0,0.0,0.0,0.0,6.0,9.0,3.0,7.2,1.44,6.0,0.0,0.0,0.0,0.0,0.0,0.0,0.0,2.0,2.0,1.2,0.9600000000000002,2.0,0.0,3.0,3.0,1.2,1.44,0.0,0.0,0.0,0.0,0.0,0.0,0.0,2.0,3.0,1.0,2.4,0.48,2.0,9.105,10.245,1.1399999999999988,9.561,0.5471999999999995,9.105,0.0,0.0,0.0,0.0,0.0,0.0,0.0,1.5484712,1.5484712,0.61938848,0.743266176,0.0,12.0,194.0,182.0,84.8,87.35999999999999,12.0,0.3006020434285723,226.18613795884957,4.8707605926850555,0.1538000000000001,False,False
mp-1271940,Co3O4,Co,8.0,27.0,19.0,16.142857142857142,9.306122448979592,8.0,58.0,87.0,29.0,74.57142857142857,14.204081632653061,87.0,15.9994,58.933195,42.933794999999996,34.39959785714286,21.028797551020407,15.9994,54.8,1768.0,1713.2,789.0285714285714,839.1183673469388,54.8,9.0,16.0,7.0,13.0,3.4285714285714284,16.0,2.0,4.0,2.0,2.857142857142857,0.979591836734694,2.0,66.0,126.0,60.0,91.71428571428571,29.387755102040817,66.0,1.88,3.44,1.56,2.7714285714285714,0.7640816326530613,3.44,2.0,2.0,0.0,2.0,0.0,2.0,0.0,4.0,4.0,2.2857142857142856,1.959183673469388,4.0,0.0,7.0,7.0,3.0,3.4285714285714284,0.0,0.0,0.0,0.0,0.0,0.0,0.0,6.0,9.0,3.0,7.285714285714286,1.4693877551020407,6.0,0.0,0.0,0.0,0.0,0.0,0.0,0.0,2.0,2.0,1.1428571428571428,0.979591836734694,2.0,0.0,3.0,3.0,1.2857142857142858,1.4693877551020407,0.0,0.0,0.0,0.0,0.0,0.0,0.0,2.0,3.0,1.0,2.4285714285714284,0.4897959183673469,2.0,9.105,10.245,1.1399999999999988,9.593571428571428,0.5583673469387749,9.105,0.0,0.0,0.0,0.0,0.0,0.0,0.0,1.5484712,1.5484712,0.6636305142857143,0.7584348734693878,0.0,12.0,194.0,182.0,90.0,89.14285714285714,12.0,0.0898981007142856,146.7422048629406,5.44973593318876,0.0,False,True
mp-2215229,Co7O12,Co,8.0,27.0,19.0,15.0,8.842105263157896,8.0,58.0,87.0,29.0,76.3157894736842,13.495844875346261,87.0,15.9994,58.933195,42.933794999999996,31.817113947368423,19.980270249307477,15.9994,54.8,1768.0,1713.2,685.978947368421,797.2786703601108,54.8,9.0,16.0,7.0,13.421052631578947,3.2576177285318564,16.0,2.0,4.0,2.0,2.736842105263158,0.930747922437673,2.0,66.0,126.0,60.0,88.10526315789474,27.922437673130197,66.0,1.88,3.44,1.56,2.8652631578947365,0.7259833795013851,3.44,2.0,2.0,0.0,2.0,0.0,2.0,0.0,4.0,4.0,2.526315789473684,1.861495844875346,4.0,0.0,7.0,7.0,2.5789473684210527,3.257617728531856,0.0,0.0,0.0,0.0,0.0,0.0,0.0,6.0,9.0,3.0,7.105263157894737,1.3961218836565097,6.0,0.0,0.0,0.0,0.0,0.0,0.0,0.0,2.0,2.0,1.263157894736842,0.930747922437673,2.0,0.0,3.0,3.0,1.105263157894737,1.3961218836565097,0.0,0.0,0.0,0.0,0.0,0.0,0.0,2.0,3.0,1.0,2.3684210526315788,0.4653739612188365,2.0,9.105,10.245,1.1399999999999988,9.525,0.5305263157894732,9.105,0.0,0.0,0.0,0.0,0.0,0.0,0.0,1.5484712,1.5484712,0.5704893894736842,0.7206181761772853,0.0,12.0,194.0,182.0,79.05263157894737,84.69806094182826,12.0,0.1520646781203014,198.02074721820347,5.069355957543469,0.4031,False,False
mp-1343966,Co9O13,Co,8.0,27.0,19.0,15.772727272727273,9.185950413223141,8.0,58.0,87.0,29.0,75.13636363636364,14.020661157024792,87.0,15.9994,58.933195,42.933794999999996,33.563225227272724,20.75724799586777,15.9994,54.8,1768.0,1713.2,755.6545454545455,828.2826446280993,54.8,9.0,16.0,7.0,13.136363636363637,3.384297520661157,16.0,2.0,4.0,2.0,2.8181818181818183,0.9669421487603306,2.0,66.0,126.0,60.0,90.54545454545455,29.00826446280992,66.0,1.88,3.44,1.56,2.8018181818181818,0.7542148760330579,3.44,2.0,2.0,0.0,2.0,0.0,2.0,0.0,4.0,4.0,2.3636363636363638,1.9338842975206612,4.0,0.0,7.0,7.0,2.8636363636363638,3.3842975206611574,0.0,0.0,0.0,0.0,0.0,0.0,0.0,6.0,9.0,3.0,7.2272727272727275,1.4504132231404958,6.0,0.0,0.0,0.0,0.0,0.0,0.0,0.0,2.0,2.0,1.1818181818181819,0.9669421487603306,2.0,0.0,3.0,3.0,1.2272727272727273,1.4504132231404958,0.0,0.0,0.0,0.0,0.0,0.0,0.0,2.0,3.0,1.0,2.409090909090909,0.4834710743801653,2.0,9.105,10.245,1.1399999999999988,9.571363636363635,0.5511570247933877,9.105,0.0,0.0,0.0,0.0,0.0,0.0,0.0,1.5484712,1.5484712,0.6334654909090909,0.7486410347107437,0.0,12.0,194.0,182.0,86.45454545454545,87.99173553719008,12.0,0.247499506396104,247.08745660224707,4.962320005132541,0.0,False,True
mp-766681,Co15O28,Co,8.0,27.0,19.0,14.627906976744185,8.63169280692266,8.0,58.0,87.0,29.0,76.88372093023256,13.174689021092483,87.0,15.9994,58.933195,42.933794999999996,30.97630523255814,19.504806814494323,15.9994,54.8,1768.0,1713.2,652.4279069767442,778.306111411574,54.8,9.0,16.0,7.0,13.55813953488372,3.180097349918875,16.0,2.0,4.0,2.0,2.697674418604651,0.9085992428339643,2.0,66.0,126.0,60.0,86.93023255813954,27.257977285018928,66.0,1.88,3.44,1.56,2.895813953488372,0.7087074094104923,3.44,2.0,2.0,0.0,2.0,0.0,2.0,0.0,4.0,4.0,2.604651162790698,1.8171984856679286,4.0,0.0,7.0,7.0,2.441860465116279,3.180097349918875,0.0,0.0,0.0,0.0,0.0,0.0,0.0,6.0,9.0,3.0,7.046511627906977,1.3628988642509465,6.0,0.0,0.0,0.0,0.0,0.0,0.0,0.0,2.0,2.0,1.302325581395349,0.9085992428339643,2.0,0.0,3.0,3.0,1.0465116279069768,1.3628988642509465,0.0,0.0,0.0,0.0,0.0,0.0,0.0,2.0,3.0,1.0,2.3488372093023258,0.4542996214169822,2.0,9.105,10.245,1.1399999999999988,9.502674418604652,0.5179015684153594,9.105,0.0,0.0,0.0,0.0,0.0,0.0,0.0,1.5484712,1.5484712,0.5401643720930233,0.7034698799351001,0.0,12.0,194.0,182.0,75.48837209302326,82.68253109789076,12.0,0.023970381727576,470.9993619526045,4.6959866101667505,0.4835,False,False
mp-850026,Co21O40,Co,8.0,27.0,19.0,14.540983606557377,8.578339156140823,8.0,58.0,87.0,29.0,77.01639344262296,13.093254501478096,87.0,15.9994,58.933195,42.933794999999996,30.779886803278686,19.384244987906477,15.9994,54.8,1768.0,1713.2,644.5901639344262,773.4952969631821,54.8,9.0,16.0,7.0,13.59016393442623,3.160440741736093,16.0,2.0,4.0,2.0,2.6885245901639343,0.902983069067455,2.0,66.0,126.0,60.0,86.65573770491804,27.08949207202365,66.0,1.88,3.44,1.56,2.9029508196721308,0.704326793872615,3.44,2.0,2.0,0.0,2.0,0.0,2.0,0.0,4.0,4.0,2.622950819672131,1.8059661381349101,4.0,0.0,7.0,7.0,2.4098360655737703,3.1604407417360925,0.0,0.0,0.0,0.0,0.0,0.0,0.0,6.0,9.0,3.0,7.032786885245901,1.3544746036011823,6.0,0.0,0.0,0.0,0.0,0.0,0.0,0.0,2.0,2.0,1.3114754098360655,0.9029830690674551,2.0,0.0,3.0,3.0,1.0327868852459017,1.3544746036011823,0.0,0.0,0.0,0.0,0.0,0.0,0.0,2.0,3.0,1.0,2.3442622950819674,0.45149153453372753,2.0,9.105,10.245,1.1399999999999988,9.497459016393442,0.5147003493684487,9.105,0.0,0.0,0.0,0.0,0.0,0.0,0.0,1.5484712,1.5484712,0.5330802491803278,0.6991216382692825,0.0,12.0,194.0,182.0,74.65573770491804,82.17145928513841,12.0,0.048658195807965,644.9330543553015,4.83427459322455,0.0,False,True
mp-2740066,Co23O32,Co,8.0,27.0,19.0,15.945454545454545,9.245619834710743,8.0,58.0,87.0,29.0,74.87272727272727,14.111735537190082,87.0,15.9994,58.933195,42.933794999999996,33.95353245454545,20.892081401652888,15.9994,54.8,1768.0,1713.2,771.2290909090909,833.6629421487604,54.8,9.0,16.0,7.0,13.072727272727272,3.406280991735537,16.0,2.0,4.0,2.0,2.8363636363636364,0.9732231404958679,2.0,66.0,126.0,60.0,91.0909090909091,29.196694214876036,66.0,1.88,3.44,1.56,2.7876363636363637,0.7591140495867769,3.44,2.0,2.0,0.0,2.0,0.0,2.0,0.0,4.0,4.0,2.327272727272727,1.9464462809917358,4.0,0.0,7.0,7.0,2.9272727272727272,3.4062809917355366,0.0,0.0,0.0,0.0,0.0,0.0,0.0,6.0,9.0,3.0,7.254545454545455,1.4598347107438017,6.0,0.0,0.0,0.0,0.0,0.0,0.0,0.0,2.0,2.0,1.1636363636363636,0.9732231404958679,2.0,0.0,3.0,3.0,1.2545454545454546,1.4598347107438014,0.0,0.0,0.0,0.0,0.0,0.0,0.0,2.0,3.0,1.0,2.418181818181818,0.48661157024793383,2.0,9.105,10.245,1.1399999999999988,9.581727272727273,0.554737190082644,9.105,0.0,0.0,0.0,0.0,0.0,0.0,0.0,1.5484712,1.5484712,0.6475425018181818,0.7535040021157026,0.0,12.0,194.0,182.0,88.10909090909091,88.56330578512397,12.0,0.0044346591818182,516.425158920953,6.0046729728528305,0.0,False,True
mp-705563,Co29O40,Co,8.0,27.0,19.0,15.985507246376812,9.258559126233985,8.0,58.0,87.0,29.0,74.81159420289855,14.131484982146608,87.0,15.9994,58.933195,42.933794999999996,34.044038478260866,20.92131997479521,15.9994,54.8,1768.0,1713.2,774.8405797101449,834.8296576349508,54.8,9.0,16.0,7.0,13.057971014492754,3.411048099138836,16.0,2.0,4.0,2.0,2.8405797101449277,0.9745851711825246,2.0,66.0,126.0,60.0,91.21739130434783,29.237555135475738,66.0,1.88,3.44,1.56,2.7843478260869565,0.7601764335223693,3.44,2.0,2.0,0.0,2.0,0.0,2.0,0.0,4.0,4.0,2.318840579710145,1.9491703423650493,4.0,0.0,7.0,7.0,2.9420289855072466,3.4110480991388363,0.0,0.0,0.0,0.0,0.0,0.0,0.0,6.0,9.0,3.0,7.260869565217392,1.461877756773787,6.0,0.0,0.0,0.0,0.0,0.0,0.0,0.0,2.0,2.0,1.1594202898550725,0.9745851711825246,2.0,0.0,3.0,3.0,1.2608695652173914,1.461877756773787,0.0,0.0,0.0,0.0,0.0,0.0,0.0,2.0,3.0,1.0,2.420289855072464,0.4872925855912623,2.0,9.105,10.245,1.1399999999999988,9.58413043478261,0.5555135475740387,9.105,0.0,0.0,0.0,0.0,0.0,0.0,0.0,1.5484712,1.5484712,0.6508067362318841,0.7545585347616047,0.0,12.0,194.0,182.0,88.4927536231884,88.68725057760975,12.0,0.0950797759420289,727.9768602068345,5.358234133874145,0.0,False,True
mp-1046082,Co5O7,Co,8.0,27.0,19.0,15.916666666666666,9.236111111111112,8.0,58.0,87.0,29.0,74.91666666666667,14.097222222222221,87.0,15.9994,58.933195,42.933794999999996,33.888481250000005,20.870594791666665,15.9994,54.8,1768.0,1713.2,768.6333333333333,832.8055555555557,54.8,9.0,16.0,7.0,13.083333333333334,3.402777777777778,16.0,2.0,4.0,2.0,2.8333333333333335,0.9722222222222222,2.0,66.0,126.0,60.0,91.0,29.166666666666668,66.0,1.88,3.44,1.56,2.7899999999999996,0.7583333333333334,3.44,2.0,2.0,0.0,2.0,0.0,2.0,0.0,4.0,4.0,2.3333333333333335,1.9444444444444446,4.0,0.0,7.0,7.0,2.9166666666666665,3.402777777777778,0.0,0.0,0.0,0.0,0.0,0.0,0.0,6.0,9.0,3.0,7.25,1.4583333333333333,6.0,0.0,0.0,0.0,0.0,0.0,0.0,0.0,2.0,2.0,1.1666666666666667,0.9722222222222223,2.0,0.0,3.0,3.0,1.25,1.4583333333333333,0.0,0.0,0.0,0.0,0.0,0.0,0.0,2.0,3.0,1.0,2.4166666666666665,0.4861111111111111,2.0,9.105,10.245,1.1399999999999988,9.58,0.5541666666666661,9.105,0.0,0.0,0.0,0.0,0.0,0.0,0.0,1.5484712,1.5484712,0.6451963333333334,0.7527290555555556,0.0,12.0,194.0,182.0,87.83333333333333,88.47222222222221,12.0,0.4076379242857149,273.5798507358449,4.936604529957647,0.0,False,True
mp-761471,Co5O8,Co,8.0,27.0,19.0,15.307692307692308,8.994082840236688,8.0,58.0,87.0,29.0,75.84615384615384,13.727810650887575,87.0,15.9994,58.933195,42.933794999999996,32.51239807692308,20.3236899408284,15.9994,54.8,1768.0,1713.2,713.7230769230769,810.9822485207101,54.8,9.0,16.0,7.0,13.307692307692308,3.313609467455621,16.0,2.0,4.0,2.0,2.769230769230769,0.9467455621301775,2.0,66.0,126.0,60.0,89.07692307692308,28.402366863905325,66.0,1.88,3.44,1.56,2.8400000000000003,0.7384615384615384,3.44,2.0,2.0,0.0,2.0,0.0,2.0,0.0,4.0,4.0,2.4615384615384617,1.893491124260355,4.0,0.0,7.0,7.0,2.6923076923076925,3.3136094674556213,0.0,0.0,0.0,0.0,0.0,0.0,0.0,6.0,9.0,3.0,7.153846153846154,1.4201183431952664,6.0,0.0,0.0,0.0,0.0,0.0,0.0,0.0,2.0,2.0,1.2307692307692308,0.9467455621301775,2.0,0.0,3.0,3.0,1.1538461538461537,1.4201183431952662,0.0,0.0,0.0,0.0,0.0,0.0,0.0,2.0,3.0,1.0,2.3846153846153846,0.47337278106508873,2.0,9.105,10.245,1.1399999999999988,9.543461538461539,0.5396449704142008,9.105,0.0,0.0,0.0,0.0,0.0,0.0,0.0,1.5484712,1.5484712,0.5955658461538461,0.7330041183431953,0.0,12.0,194.0,182.0,82.0,86.15384615384616,12.0,0.0239870287912111,125.70728249592104,5.583172112768459,0.0,False,True
mp-1041256,NiO2,Ni,8.0,28.0,20.0,14.666666666666666,8.888888888888888,8.0,61.0,87.0,26.0,78.33333333333333,11.555555555555557,87.0,15.9994,58.6934,42.693999999999996,30.230733333333333,18.975111111111108,15.9994,54.8,1728.0,1673.2,612.5333333333333,743.6444444444445,54.8,10.0,16.0,6.0,14.0,2.6666666666666665,16.0,2.0,4.0,2.0,2.6666666666666665,0.8888888888888888,2.0,66.0,124.0,58.0,85.33333333333333,25.777777777777775,66.0,1.91,3.44,1.53,2.9299999999999997,0.68,3.44,2.0,2.0,0.0,2.0,0.0,2.0,0.0,4.0,4.0,2.6666666666666665,1.777777777777778,4.0,0.0,8.0,8.0,2.6666666666666665,3.555555555555556,0.0,0.0,0.0,0.0,0.0,0.0,0.0,6.0,10.0,4.0,7.333333333333333,1.7777777777777777,6.0,0.0,0.0,0.0,0.0,0.0,0.0,0.0,2.0,2.0,1.3333333333333333,0.888888888888889,2.0,0.0,2.0,2.0,0.6666666666666666,0.888888888888889,0.0,0.0,0.0,0.0,0.0,0.0,0.0,2.0,2.0,0.0,2.0,0.0,2.0,9.105,10.32,1.2149999999999999,9.51,0.5399999999999997,9.105,0.0,0.0,0.0,0.0,0.0,0.0,0.0,0.5953947,0.5953947,0.19846490000000003,0.26461986666666665,0.0,12.0,225.0,213.0,83.0,94.66666666666667,12.0,0.2877166172222223,386.3138761882617,4.677997368323857,0.0,False,True
mp-1043875,Ni2O3,Ni,8.0,28.0,20.0,16.0,9.6,8.0,61.0,87.0,26.0,76.6,12.48,87.0,15.9994,58.6934,42.693999999999996,33.077,20.493119999999998,15.9994,54.8,1728.0,1673.2,724.08,803.1360000000001,54.8,10.0,16.0,6.0,13.6,2.88,16.0,2.0,4.0,2.0,2.8,0.96,2.0,66.0,124.0,58.0,89.2,27.839999999999996,66.0,1.91,3.44,1.53,2.8280000000000003,0.7343999999999999,3.44,2.0,2.0,0.0,2.0,0.0,2.0,0.0,4.0,4.0,2.4,1.9200000000000004,4.0,0.0,8.0,8.0,3.2,3.8400000000000007,0.0,0.0,0.0,0.0,0.0,0.0,0.0,6.0,10.0,4.0,7.6,1.92,6.0,0.0,0.0,0.0,0.0,0.0,0.0,0.0,2.0,2.0,1.2,0.9600000000000002,2.0,0.0,2.0,2.0,0.8,0.9600000000000002,0.0,0.0,0.0,0.0,0.0,0.0,0.0,2.0,2.0,0.0,2.0,0.0,2.0,9.105,10.32,1.2149999999999999,9.591,0.5831999999999997,9.105,0.0,0.0,0.0,0.0,0.0,0.0,0.0,0.5953947,0.5953947,0.23815788000000002,0.285789456,0.0,12.0,225.0,213.0,97.2,102.24000000000001,12.0,0.2138079783333326,205.35368662354136,5.349370803686391,0.0,False,True
mp-1094139,Ni2O5,Ni,8.0,28.0,20.0,13.714285714285714,8.16326530612245,8.0,61.0,87.0,26.0,79.57142857142857,10.612244897959185,87.0,15.9994,58.6934,42.693999999999996,28.197685714285715,17.42612244897959,15.9994,54.8,1728.0,1673.2,532.8571428571429,682.9387755102041,54.8,10.0,16.0,6.0,14.285714285714286,2.4489795918367343,16.0,2.0,4.0,2.0,2.5714285714285716,0.816326530612245,2.0,66.0,124.0,58.0,82.57142857142857,23.6734693877551,66.0,1.91,3.44,1.53,3.0028571428571427,0.6244897959183674,3.44,2.0,2.0,0.0,2.0,0.0,2.0,0.0,4.0,4.0,2.857142857142857,1.6326530612244896,4.0,0.0,8.0,8.0,2.2857142857142856,3.265306122448979,0.0,0.0,0.0,0.0,0.0,0.0,0.0,6.0,10.0,4.0,7.142857142857143,1.63265306122449,6.0,0.0,0.0,0.0,0.0,0.0,0.0,0.0,2.0,2.0,1.4285714285714286,0.8163265306122448,2.0,0.0,2.0,2.0,0.5714285714285714,0.8163265306122448,0.0,0.0,0.0,0.0,0.0,0.0,0.0,2.0,2.0,0.0,2.0,0.0,2.0,9.105,10.32,1.2149999999999999,9.452142857142858,0.49591836734693906,9.105,0.0,0.0,0.0,0.0,0.0,0.0,0.0,0.5953947,0.5953947,0.17011277142857145,0.24301824489795923,0.0,12.0,225.0,213.0,72.85714285714286,86.9387755102041,12.0,0.5129339652380951,142.47066496800824,4.601136824138368,0.0,False,True
mp-656887,Ni3O4,Ni,8.0,28.0,20.0,16.571428571428573,9.795918367346939,8.0,61.0,87.0,26.0,75.85714285714286,12.73469387755102,87.0,15.9994,58.6934,42.693999999999996,34.29682857142857,20.911346938775505,15.9994,54.8,1728.0,1673.2,771.8857142857142,819.5265306122449,54.8,10.0,16.0,6.0,13.428571428571429,2.9387755102040813,16.0,2.0,4.0,2.0,2.857142857142857,0.979591836734694,2.0,66.0,124.0,58.0,90.85714285714286,28.408163265306122,66.0,1.91,3.44,1.53,2.7842857142857143,0.7493877551020408,3.44,2.0,2.0,0.0,2.0,0.0,2.0,0.0,4.0,4.0,2.2857142857142856,1.959183673469388,4.0,0.0,8.0,8.0,3.4285714285714284,3.9183673469387754,0.0,0.0,0.0,0.0,0.0,0.0,0.0,6.0,10.0,4.0,7.714285714285714,1.959183673469388,6.0,0.0,0.0,0.0,0.0,0.0,0.0,0.0,2.0,2.0,1.1428571428571428,0.979591836734694,2.0,0.0,2.0,2.0,0.8571428571428571,0.9795918367346939,0.0,0.0,0.0,0.0,0.0,0.0,0.0,2.0,2.0,0.0,2.0,0.0,2.0,9.105,10.32,1.2149999999999999,9.625714285714285,0.5951020408163262,9.105,0.0,0.0,0.0,0.0,0.0,0.0,0.0,0.5953947,0.5953947,0.2551691571428572,0.29162189387755105,0.0,12.0,225.0,213.0,103.28571428571429,104.3265306122449,12.0,0.0,138.80680474007113,5.74407814122496,0.0,True,True
mp-1094096,Ni4O3,Ni,8.0,28.0,20.0,19.428571428571427,9.795918367346939,28.0,61.0,87.0,26.0,72.14285714285714,12.73469387755102,61.0,15.9994,58.6934,42.693999999999996,40.39597142857143,20.911346938775505,58.6934,54.8,1728.0,1673.2,1010.9142857142857,819.5265306122449,1728.0,10.0,16.0,6.0,12.571428571428571,2.9387755102040813,10.0,2.0,4.0,2.0,3.142857142857143,0.979591836734694,4.0,66.0,124.0,58.0,99.14285714285714,28.408163265306122,124.0,1.91,3.44,1.53,2.565714285714286,0.7493877551020408,1.91,2.0,2.0,0.0,2.0,0.0,2.0,0.0,4.0,4.0,1.7142857142857142,1.9591836734693877,0.0,0.0,8.0,8.0,4.571428571428571,3.918367346938776,8.0,0.0,0.0,0.0,0.0,0.0,0.0,6.0,10.0,4.0,8.285714285714286,1.9591836734693877,10.0,0.0,0.0,0.0,0.0,0.0,0.0,0.0,2.0,2.0,0.8571428571428571,0.9795918367346939,0.0,0.0,2.0,2.0,1.1428571428571428,0.979591836734694,2.0,0.0,0.0,0.0,0.0,0.0,0.0,2.0,2.0,0.0,2.0,0.0,2.0,9.105,10.32,1.2149999999999999,9.799285714285714,0.5951020408163264,10.32,0.0,0.0,0.0,0.0,0.0,0.0,0.0,0.5953947,0.5953947,0.3402255428571429,0.29162189387755105,0.5953947,12.0,225.0,213.0,133.71428571428572,104.3265306122449,225.0,0.4309923750000006,72.20119161383238,6.5034054285452365,0.0,False,True
mp-1046095,Ni5O7,Ni,8.0,28.0,20.0,16.333333333333332,9.722222222222223,8.0,61.0,87.0,26.0,76.16666666666667,12.638888888888888,87.0,15.9994,58.6934,42.693999999999996,33.78856666666667,20.754027777777775,15.9994,54.8,1728.0,1673.2,751.9666666666667,813.361111111111,54.8,10.0,16.0,6.0,13.5,2.9166666666666665,16.0,2.0,4.0,2.0,2.8333333333333335,0.9722222222222222,2.0,66.0,124.0,58.0,90.16666666666667,28.194444444444443,66.0,1.91,3.44,1.53,2.8024999999999998,0.74375,3.44,2.0,2.0,0.0,2.0,0.0,2.0,0.0,4.0,4.0,2.3333333333333335,1.9444444444444446,4.0,0.0,8.0,8.0,3.3333333333333335,3.888888888888889,0.0,0.0,0.0,0.0,0.0,0.0,0.0,6.0,10.0,4.0,7.666666666666667,1.9444444444444444,6.0,0.0,0.0,0.0,0.0,0.0,0.0,0.0,2.0,2.0,1.1666666666666667,0.9722222222222223,2.0,0.0,2.0,2.0,0.8333333333333334,0.9722222222222222,0.0,0.0,0.0,0.0,0.0,0.0,0.0,2.0,2.0,0.0,2.0,0.0,2.0,9.105,10.32,1.2149999999999999,9.61125,0.5906249999999998,9.105,0.0,0.0,0.0,0.0,0.0,0.0,0.0,0.5953947,0.5953947,0.248081125,0.2894279791666667,0.0,12.0,225.0,213.0,100.75,103.54166666666667,12.0,0.1922252651388891,242.67164034062952,5.548953470200534,0.0,False,True
mp-1094094,Ni5O4,Ni,8.0,28.0,20.0,19.11111111111111,9.876543209876543,28.0,61.0,87.0,26.0,72.55555555555556,12.839506172839506,61.0,15.9994,58.6934,42.693999999999996,39.718288888888885,21.083456790123456,58.6934,54.8,1728.0,1673.2,984.3555555555556,826.2716049382716,1728.0,10.0,16.0,6.0,12.666666666666666,2.962962962962963,10.0,2.0,4.0,2.0,3.111111111111111,0.9876543209876544,4.0,66.0,124.0,58.0,98.22222222222223,28.641975308641975,124.0,1.91,3.44,1.53,2.59,0.7555555555555555,1.91,2.0,2.0,0.0,2.0,0.0,2.0,0.0,4.0,4.0,1.7777777777777777,1.9753086419753088,0.0,0.0,8.0,8.0,4.444444444444445,3.9506172839506175,8.0,0.0,0.0,0.0,0.0,0.0,0.0,6.0,10.0,4.0,8.222222222222221,1.9753086419753088,10.0,0.0,0.0,0.0,0.0,0.0,0.0,0.0,2.0,2.0,0.8888888888888888,0.9876543209876544,0.0,0.0,2.0,2.0,1.1111111111111112,0.9876543209876544,2.0,0.0,0.0,0.0,0.0,0.0,0.0,2.0,2.0,0.0,2.0,0.0,2.0,9.105,10.32,1.2149999999999999,9.780000000000001,0.5999999999999999,10.32,0.0,0.0,0.0,0.0,0.0,0.0,0.0,0.5953947,0.5953947,0.33077483333333335,0.2940220740740741,0.5953947,12.0,225.0,213.0,130.33333333333334,105.18518518518518,225.0,0.8089165733333337,94.78881400010718,6.26217281350507,0.0,False,True
mp-1220184,Ni5O11,Ni,8.0,28.0,20.0,14.25,8.59375,8.0,61.0,87.0,26.0,78.875,11.171875,87.0,15.9994,58.6934,42.693999999999996,29.341275,18.345078125,15.9994,54.8,1728.0,1673.2,577.675,718.953125,54.8,10.0,16.0,6.0,14.125,2.578125,16.0,2.0,4.0,2.0,2.625,0.859375,2.0,66.0,124.0,58.0,84.125,24.921875,66.0,1.91,3.44,1.53,2.9618749999999996,0.6574218750000002,3.44,2.0,2.0,0.0,2.0,0.0,2.0,0.0,4.0,4.0,2.75,1.71875,4.0,0.0,8.0,8.0,2.5,3.4375,0.0,0.0,0.0,0.0,0.0,0.0,0.0,6.0,10.0,4.0,7.25,1.71875,6.0,0.0,0.0,0.0,0.0,0.0,0.0,0.0,2.0,2.0,1.375,0.859375,2.0,0.0,2.0,2.0,0.625,0.859375,0.0,0.0,0.0,0.0,0.0,0.0,0.0,2.0,2.0,0.0,2.0,0.0,2.0,9.105,10.32,1.2149999999999999,9.4846875,0.5220703124999997,9.105,0.0,0.0,0.0,0.0,0.0,0.0,0.0,0.5953947,0.5953947,0.18606084375,0.25583366015625003,0.0,12.0,225.0,213.0,78.5625,91.5234375,12.0,0.2059830822916666,187.6528092485576,4.154253478178625,0.0,False,True
mp-754806,Ni5O6,Ni,8.0,28.0,20.0,17.09090909090909,9.917355371900827,8.0,61.0,87.0,26.0,75.18181818181819,12.892561983471074,87.0,15.9994,58.6934,42.693999999999996,35.40576363636364,21.17057851239669,15.9994,54.8,1728.0,1673.2,815.3454545454545,829.6859504132233,54.8,10.0,16.0,6.0,13.272727272727273,2.975206611570248,16.0,2.0,4.0,2.0,2.909090909090909,0.9917355371900828,2.0,66.0,124.0,58.0,92.36363636363636,28.7603305785124,66.0,1.91,3.44,1.53,2.744545454545454,0.7586776859504133,3.44,2.0,2.0,0.0,2.0,0.0,2.0,0.0,4.0,4.0,2.1818181818181817,1.9834710743801656,4.0,0.0,8.0,8.0,3.6363636363636362,3.9669421487603302,0.0,0.0,0.0,0.0,0.0,0.0,0.0,6.0,10.0,4.0,7.818181818181818,1.9834710743801656,6.0,0.0,0.0,0.0,0.0,0.0,0.0,0.0,2.0,2.0,1.0909090909090908,0.9917355371900828,2.0,0.0,2.0,2.0,0.9090909090909091,0.9917355371900826,0.0,0.0,0.0,0.0,0.0,0.0,0.0,2.0,2.0,0.0,2.0,0.0,2.0,9.105,10.32,1.2149999999999999,9.657272727272728,0.6024793388429752,9.105,0.0,0.0,0.0,0.0,0.0,0.0,0.0,0.5953947,0.5953947,0.2706339545454546,0.2952370413223141,0.0,12.0,225.0,213.0,108.81818181818181,105.61983471074382,12.0,0.0407146795454558,104.29367122360046,6.200943777574801,0.0,False,True
mp-766450,Ni6O7,Ni,8.0,28.0,20.0,17.23076923076923,9.940828402366863,8.0,61.0,87.0,26.0,75.0,12.923076923076923,87.0,15.9994,58.6934,42.693999999999996,35.704323076923075,21.22068639053254,15.9994,54.8,1728.0,1673.2,827.0461538461539,831.6497041420118,54.8,10.0,16.0,6.0,13.23076923076923,2.9822485207100593,16.0,2.0,4.0,2.0,2.923076923076923,0.9940828402366864,2.0,66.0,124.0,58.0,92.76923076923077,28.828402366863905,66.0,1.91,3.44,1.53,2.733846153846154,0.7604733727810651,3.44,2.0,2.0,0.0,2.0,0.0,2.0,0.0,4.0,4.0,2.1538461538461537,1.9881656804733727,4.0,0.0,8.0,8.0,3.6923076923076925,3.9763313609467454,0.0,0.0,0.0,0.0,0.0,0.0,0.0,6.0,10.0,4.0,7.846153846153846,1.9881656804733727,6.0,0.0,0.0,0.0,0.0,0.0,0.0,0.0,2.0,2.0,1.0769230769230769,0.9940828402366864,2.0,0.0,2.0,2.0,0.9230769230769231,0.9940828402366864,0.0,0.0,0.0,0.0,0.0,0.0,0.0,2.0,2.0,0.0,2.0,0.0,2.0,9.105,10.32,1.2149999999999999,9.66576923076923,0.6039053254437868,9.105,0.0,0.0,0.0,0.0,0.0,0.0,0.0,0.5953947,0.5953947,0.2747975538461539,0.29593582721893497,0.0,12.0,225.0,213.0,110.3076923076923,105.86982248520711,12.0,0.0569168942307705,250.6962229455596,6.148872090097812,0.0,False,True
mp-1045896,Ni9O13,Ni,8.0,28.0,20.0,16.181818181818183,9.669421487603307,8.0,61.0,87.0,26.0,76.36363636363636,12.570247933884298,87.0,15.9994,58.6934,42.693999999999996,33.46512727272727,20.641314049586775,15.9994,54.8,1728.0,1673.2,739.290909090909,808.9438016528926,54.8,10.0,16.0,6.0,13.545454545454545,2.9008264462809916,16.0,2.0,4.0,2.0,2.8181818181818183,0.9669421487603306,2.0,66.0,124.0,58.0,89.72727272727273,28.04132231404959,66.0,1.91,3.44,1.53,2.814090909090909,0.7397107438016529,3.44,2.0,2.0,0.0,2.0,0.0,2.0,0.0,4.0,4.0,2.3636363636363638,1.9338842975206612,4.0,0.0,8.0,8.0,3.272727272727273,3.8677685950413223,0.0,0.0,0.0,0.0,0.0,0.0,0.0,6.0,10.0,4.0,7.636363636363637,1.9338842975206612,6.0,0.0,0.0,0.0,0.0,0.0,0.0,0.0,2.0,2.0,1.1818181818181819,0.9669421487603306,2.0,0.0,2.0,2.0,0.8181818181818182,0.9669421487603306,0.0,0.0,0.0,0.0,0.0,0.0,0.0,2.0,2.0,0.0,2.0,0.0,2.0,9.105,10.32,1.2149999999999999,9.602045454545454,0.5874173553719007,9.105,0.0,0.0,0.0,0.0,0.0,0.0,0.0,0.5953947,0.5953947,0.2435705590909091,0.28785611528925625,0.0,12.0,225.0,213.0,99.13636363636364,102.97933884297521,12.0,0.1996078240909087,225.6593486149003,5.417649814751082,0.0,False,True
mp-656884,Ni9O10,Ni,8.0,28.0,20.0,17.473684210526315,9.972299168975068,8.0,61.0,87.0,26.0,74.6842105263158,12.96398891966759,87.0,15.9994,58.6934,42.693999999999996,36.222873684210526,21.28786703601108,15.9994,54.8,1728.0,1673.2,847.3684210526316,834.2825484764543,54.8,10.0,16.0,6.0,13.157894736842104,2.9916897506925206,16.0,2.0,4.0,2.0,2.9473684210526314,0.9972299168975068,2.0,66.0,124.0,58.0,93.47368421052632,28.919667590027696,66.0,1.91,3.44,1.53,2.7152631578947366,0.7628808864265928,3.44,2.0,2.0,0.0,2.0,0.0,2.0,0.0,4.0,4.0,2.1052631578947367,1.9944598337950137,4.0,0.0,8.0,8.0,3.789473684210526,3.9889196675900274,0.0,0.0,0.0,0.0,0.0,0.0,0.0,6.0,10.0,4.0,7.894736842105263,1.9944598337950137,6.0,0.0,0.0,0.0,0.0,0.0,0.0,0.0,2.0,2.0,1.0526315789473684,0.9972299168975068,2.0,0.0,2.0,2.0,0.9473684210526315,0.9972299168975068,0.0,0.0,0.0,0.0,0.0,0.0,0.0,2.0,2.0,0.0,2.0,0.0,2.0,9.105,10.32,1.2149999999999999,9.680526315789473,0.6058171745152353,9.105,0.0,0.0,0.0,0.0,0.0,0.0,0.0,0.5953947,0.5953947,0.28202906842105263,0.29687270360110807,0.0,12.0,225.0,213.0,112.89473684210526,106.2049861495845,12.0,0.0466523734210522,181.79424681084492,6.286449994600997,0.0,False,True
mp-1100319,Ni15O16,Ni,8.0,28.0,20.0,17.677419354838708,9.989594172736734,8.0,61.0,87.0,26.0,74.41935483870968,12.986472424557752,87.0,15.9994,58.6934,42.693999999999996,36.65778709677419,21.324786680541102,15.9994,54.8,1728.0,1673.2,864.4129032258064,835.729448491155,54.8,10.0,16.0,6.0,13.096774193548388,2.9968782518210197,16.0,2.0,4.0,2.0,2.967741935483871,0.9989594172736733,2.0,66.0,124.0,58.0,94.06451612903226,28.969823100936523,66.0,1.91,3.44,1.53,2.6996774193548387,0.76420395421436,3.44,2.0,2.0,0.0,2.0,0.0,2.0,0.0,4.0,4.0,2.064516129032258,1.9979188345473466,4.0,0.0,8.0,8.0,3.870967741935484,3.9958376690946933,0.0,0.0,0.0,0.0,0.0,0.0,0.0,6.0,10.0,4.0,7.935483870967742,1.9979188345473466,6.0,0.0,0.0,0.0,0.0,0.0,0.0,0.0,2.0,2.0,1.032258064516129,0.9989594172736733,2.0,0.0,2.0,2.0,0.967741935483871,0.9989594172736733,0.0,0.0,0.0,0.0,0.0,0.0,0.0,2.0,2.0,0.0,2.0,0.0,2.0,9.105,10.32,1.2149999999999999,9.692903225806452,0.6068678459937565,9.105,0.0,0.0,0.0,0.0,0.0,0.0,0.0,0.5953947,0.5953947,0.2880942096774194,0.2973875712799168,0.0,12.0,225.0,213.0,115.06451612903226,106.3891779396462,12.0,0.0268143498387098,296.7383561977001,6.359212679696444,0.0,False,True
mp-2933735,CuO2,Cu,8.0,29.0,21.0,15.0,9.333333333333334,8.0,64.0,87.0,23.0,79.33333333333333,10.222222222222223,87.0,15.9994,63.546,47.5466,31.848266666666664,21.131822222222223,15.9994,54.8,1357.77,1302.97,489.1233333333333,579.0977777777778,54.8,11.0,16.0,5.0,14.333333333333334,2.222222222222222,16.0,2.0,4.0,2.0,2.6666666666666665,0.8888888888888888,2.0,66.0,132.0,66.0,88.0,29.333333333333332,66.0,1.9,3.44,1.54,2.9266666666666663,0.6844444444444445,3.44,1.0,2.0,1.0,1.6666666666666667,0.4444444444444444,2.0,0.0,4.0,4.0,2.6666666666666665,1.777777777777778,4.0,0.0,10.0,10.0,3.3333333333333335,4.444444444444444,0.0,0.0,0.0,0.0,0.0,0.0,0.0,6.0,11.0,5.0,7.666666666666667,2.2222222222222223,6.0,0.0,1.0,1.0,0.3333333333333333,0.4444444444444445,0.0,0.0,2.0,2.0,1.3333333333333333,0.888888888888889,2.0,0.0,0.0,0.0,0.0,0.0,0.0,0.0,0.0,0.0,0.0,0.0,0.0,1.0,2.0,1.0,1.6666666666666667,0.4444444444444444,2.0,9.105,11.07,1.9649999999999999,9.76,0.8733333333333331,9.105,0.0,0.0,0.0,0.0,0.0,0.0,0.0,0.0,0.0,0.0,0.0,0.0,12.0,225.0,213.0,83.0,94.66666666666667,12.0,0.2923217118750001,143.97041484861245,2.204006613427865,0.0,False,True
mp-1064456,CuO,Cu,8.0,29.0,21.0,18.5,10.5,8.0,64.0,87.0,23.0,75.5,11.5,64.0,15.9994,63.546,47.5466,39.7727,23.7733,15.9994,54.8,1357.77,1302.97,706.285,651.485,54.8,11.0,16.0,5.0,13.5,2.5,11.0,2.0,4.0,2.0,3.0,1.0,2.0,66.0,132.0,66.0,99.0,33.0,66.0,1.9,3.44,1.54,2.67,0.77,1.9,1.0,2.0,1.0,1.5,0.5,1.0,0.0,4.0,4.0,2.0,2.0,0.0,0.0,10.0,10.0,5.0,5.0,0.0,0.0,0.0,0.0,0.0,0.0,0.0,6.0,11.0,5.0,8.5,2.5,6.0,0.0,1.0,1.0,0.5,0.5,0.0,0.0,2.0,2.0,1.0,1.0,0.0,0.0,0.0,0.0,0.0,0.0,0.0,0.0,0.0,0.0,0.0,0.0,0.0,1.0,2.0,1.0,1.5,0.5,1.0,9.105,11.07,1.9649999999999999,10.0875,0.9824999999999999,9.105,0.0,0.0,0.0,0.0,0.0,0.0,0.0,0.0,0.0,0.0,0.0,0.0,12.0,225.0,213.0,118.5,106.5,12.0,0.0010805249999998,44.21362047308117,5.975002410548531,0.0,False,True
mp-771359,Cu2O3,Cu,8.0,29.0,21.0,16.4,10.08,8.0,64.0,87.0,23.0,77.8,11.040000000000001,87.0,15.9994,63.546,47.5466,35.01804,22.822368,15.9994,54.8,1357.77,1302.97,575.988,625.4256,54.8,11.0,16.0,5.0,14.0,2.4,16.0,2.0,4.0,2.0,2.8,0.96,2.0,66.0,132.0,66.0,92.4,31.68,66.0,1.9,3.44,1.54,2.8240000000000003,0.7392,3.44,1.0,2.0,1.0,1.6,0.48,2.0,0.0,4.0,4.0,2.4,1.9200000000000004,4.0,0.0,10.0,10.0,4.0,4.8,0.0,0.0,0.0,0.0,0.0,0.0,0.0,6.0,11.0,5.0,8.0,2.4,6.0,0.0,1.0,1.0,0.4,0.4800000000000001,0.0,0.0,2.0,2.0,1.2,0.9600000000000002,2.0,0.0,0.0,0.0,0.0,0.0,0.0,0.0,0.0,0.0,0.0,0.0,0.0,1.0,2.0,1.0,1.6,0.48,2.0,9.105,11.07,1.9649999999999999,9.891,0.9431999999999998,9.105,0.0,0.0,0.0,0.0,0.0,0.0,0.0,0.0,0.0,0.0,0.0,0.0,12.0,225.0,213.0,97.2,102.24000000000001,12.0,0.0187484900000001,389.0036711714401,5.979257045250474,0.0,False,True
mp-361,Cu2O,Cu,8.0,29.0,21.0,22.0,9.333333333333334,29.0,64.0,87.0,23.0,71.66666666666667,10.222222222222223,64.0,15.9994,63.546,47.5466,47.69713333333333,21.131822222222223,63.546,54.8,1357.77,1302.97,923.4466666666667,579.0977777777778,1357.77,11.0,16.0,5.0,12.666666666666666,2.222222222222222,11.0,2.0,4.0,2.0,3.3333333333333335,0.8888888888888888,4.0,66.0,132.0,66.0,110.0,29.333333333333332,132.0,1.9,3.44,1.54,2.4133333333333336,0.6844444444444445,1.9,1.0,2.0,1.0,1.3333333333333333,0.4444444444444444,1.0,0.0,4.0,4.0,1.3333333333333333,1.777777777777778,0.0,0.0,10.0,10.0,6.666666666666667,4.444444444444444,10.0,0.0,0.0,0.0,0.0,0.0,0.0,6.0,11.0,5.0,9.333333333333334,2.222222222222222,11.0,0.0,1.0,1.0,0.6666666666666666,0.4444444444444445,1.0,0.0,2.0,2.0,0.6666666666666666,0.888888888888889,0.0,0.0,0.0,0.0,0.0,0.0,0.0,0.0,0.0,0.0,0.0,0.0,0.0,1.0,2.0,1.0,1.3333333333333333,0.4444444444444444,1.0,9.105,11.07,1.9649999999999999,10.415000000000001,0.8733333333333331,11.07,0.0,0.0,0.0,0.0,0.0,0.0,0.0,0.0,0.0,0.0,0.0,0.0,12.0,225.0,213.0,154.0,94.66666666666667,225.0,0.0,76.5869082712687,6.204947176738228,0.5126999999999997,True,False
mp-1022728,Cu3O2,Cu,8.0,29.0,21.0,20.6,10.08,29.0,64.0,87.0,23.0,73.2,11.040000000000001,64.0,15.9994,63.546,47.5466,44.52736,22.822368,63.546,54.8,1357.77,1302.97,836.582,625.4255999999999,1357.77,11.0,16.0,5.0,13.0,2.4,11.0,2.0,4.0,2.0,3.2,0.96,4.0,66.0,132.0,66.0,105.6,31.68,132.0,1.9,3.44,1.54,2.5159999999999996,0.7392,1.9,1.0,2.0,1.0,1.4,0.48,1.0,0.0,4.0,4.0,1.6,1.9200000000000004,0.0,0.0,10.0,10.0,6.0,4.8,10.0,0.0,0.0,0.0,0.0,0.0,0.0,6.0,11.0,5.0,9.0,2.4,11.0,0.0,1.0,1.0,0.6,0.4800000000000001,1.0,0.0,2.0,2.0,0.8,0.9600000000000002,0.0,0.0,0.0,0.0,0.0,0.0,0.0,0.0,0.0,0.0,0.0,0.0,0.0,1.0,2.0,1.0,1.4,0.48,1.0,9.105,11.07,1.9649999999999999,10.284,0.9431999999999998,11.07,0.0,0.0,0.0,0.0,0.0,0.0,0.0,0.0,0.0,0.0,0.0,0.0,12.0,225.0,213.0,139.8,102.24,225.0,0.160362494000001,60.13646626561749,6.147635994213703,0.0,False,True
mp-1147673,Cu3O4,Cu,8.0,29.0,21.0,17.0,10.285714285714286,8.0,64.0,87.0,23.0,77.14285714285714,11.26530612244898,87.0,15.9994,63.546,47.5466,36.376514285714286,23.288130612244895,15.9994,54.8,1357.77,1302.97,613.2157142857143,638.1893877551021,54.8,11.0,16.0,5.0,13.857142857142858,2.4489795918367347,16.0,2.0,4.0,2.0,2.857142857142857,0.979591836734694,2.0,66.0,132.0,66.0,94.28571428571429,32.326530612244895,66.0,1.9,3.44,1.54,2.7800000000000002,0.7542857142857142,3.44,1.0,2.0,1.0,1.5714285714285714,0.489795918367347,2.0,0.0,4.0,4.0,2.2857142857142856,1.959183673469388,4.0,0.0,10.0,10.0,4.285714285714286,4.8979591836734695,0.0,0.0,0.0,0.0,0.0,0.0,0.0,6.0,11.0,5.0,8.142857142857142,2.4489795918367347,6.0,0.0,1.0,1.0,0.42857142857142855,0.4897959183673469,0.0,0.0,2.0,2.0,1.1428571428571428,0.979591836734694,2.0,0.0,0.0,0.0,0.0,0.0,0.0,0.0,0.0,0.0,0.0,0.0,0.0,1.0,2.0,1.0,1.5714285714285714,0.489795918367347,2.0,9.105,11.07,1.9649999999999999,9.947142857142856,0.9624489795918364,9.105,0.0,0.0,0.0,0.0,0.0,0.0,0.0,0.0,0.0,0.0,0.0,0.0,12.0,225.0,213.0,103.28571428571429,104.3265306122449,12.0,0.0797199516071431,183.41486349348992,4.6106662686352395,0.0,False,True
mp-1023130,Cu4O3,Cu,8.0,29.0,21.0,20.0,10.285714285714286,29.0,64.0,87.0,23.0,73.85714285714286,11.26530612244898,64.0,15.9994,63.546,47.5466,43.16888571428571,23.288130612244895,63.546,54.8,1357.77,1302.97,799.3542857142857,638.1893877551021,1357.77,11.0,16.0,5.0,13.142857142857142,2.4489795918367347,11.0,2.0,4.0,2.0,3.142857142857143,0.979591836734694,4.0,66.0,132.0,66.0,103.71428571428571,32.326530612244895,132.0,1.9,3.44,1.54,2.56,0.7542857142857143,1.9,1.0,2.0,1.0,1.4285714285714286,0.489795918367347,1.0,0.0,4.0,4.0,1.7142857142857142,1.9591836734693877,0.0,0.0,10.0,10.0,5.714285714285714,4.8979591836734695,10.0,0.0,0.0,0.0,0.0,0.0,0.0,6.0,11.0,5.0,8.857142857142858,2.4489795918367347,11.0,0.0,1.0,1.0,0.5714285714285714,0.489795918367347,1.0,0.0,2.0,2.0,0.8571428571428571,0.9795918367346939,0.0,0.0,0.0,0.0,0.0,0.0,0.0,0.0,0.0,0.0,0.0,0.0,0.0,1.0,2.0,1.0,1.4285714285714286,0.489795918367347,1.0,9.105,11.07,1.9649999999999999,10.227857142857143,0.9624489795918366,11.07,0.0,0.0,0.0,0.0,0.0,0.0,0.0,0.0,0.0,0.0,0.0,0.0,12.0,225.0,213.0,133.71428571428572,104.3265306122449,225.0,0.1085484842857145,153.84032955524933,6.523456501722961,0.0,False,True
mp-1045868,Cu5O7,Cu,8.0,29.0,21.0,16.75,10.208333333333334,8.0,64.0,87.0,23.0,77.41666666666667,11.180555555555555,87.0,15.9994,63.546,47.5466,35.81048333333334,23.112930555555554,15.9994,54.8,1357.77,1302.97,597.7041666666668,633.3881944444445,54.8,11.0,16.0,5.0,13.916666666666666,2.430555555555556,16.0,2.0,4.0,2.0,2.8333333333333335,0.9722222222222222,2.0,66.0,132.0,66.0,93.5,32.083333333333336,66.0,1.9,3.44,1.54,2.7983333333333333,0.7486111111111112,3.44,1.0,2.0,1.0,1.5833333333333333,0.4861111111111111,2.0,0.0,4.0,4.0,2.3333333333333335,1.9444444444444446,4.0,0.0,10.0,10.0,4.166666666666667,4.861111111111111,0.0,0.0,0.0,0.0,0.0,0.0,0.0,6.0,11.0,5.0,8.083333333333334,2.430555555555556,6.0,0.0,1.0,1.0,0.4166666666666667,0.4861111111111111,0.0,0.0,2.0,2.0,1.1666666666666667,0.9722222222222223,2.0,0.0,0.0,0.0,0.0,0.0,0.0,0.0,0.0,0.0,0.0,0.0,0.0,1.0,2.0,1.0,1.5833333333333333,0.4861111111111111,2.0,9.105,11.07,1.9649999999999999,9.92375,0.9552083333333332,9.105,0.0,0.0,0.0,0.0,0.0,0.0,0.0,0.0,0.0,0.0,0.0,0.0,12.0,225.0,213.0,100.75,103.54166666666667,12.0,0.1873794085416671,256.32068887834845,5.567841464108817,0.0,False,True
mp-1147761,Cu8O7,Cu,8.0,29.0,21.0,19.2,10.453333333333335,29.0,64.0,87.0,23.0,74.73333333333333,11.44888888888889,64.0,15.9994,63.546,47.5466,41.35758666666666,23.66764088888889,63.546,54.8,1357.77,1302.97,749.7173333333334,648.5895111111112,1357.77,11.0,16.0,5.0,13.333333333333334,2.488888888888889,11.0,2.0,4.0,2.0,3.066666666666667,0.9955555555555555,4.0,66.0,132.0,66.0,101.2,32.85333333333333,132.0,1.9,3.44,1.54,2.618666666666667,0.7665777777777778,1.9,1.0,2.0,1.0,1.4666666666666666,0.49777777777777776,1.0,0.0,4.0,4.0,1.8666666666666667,1.991111111111111,0.0,0.0,10.0,10.0,5.333333333333333,4.977777777777777,10.0,0.0,0.0,0.0,0.0,0.0,0.0,6.0,11.0,5.0,8.666666666666666,2.488888888888889,11.0,0.0,1.0,1.0,0.5333333333333333,0.49777777777777776,1.0,0.0,2.0,2.0,0.9333333333333333,0.9955555555555555,0.0,0.0,0.0,0.0,0.0,0.0,0.0,0.0,0.0,0.0,0.0,0.0,0.0,1.0,2.0,1.0,1.4666666666666666,0.49777777777777776,1.0,9.105,11.07,1.9649999999999999,10.153,0.9781333333333333,11.07,0.0,0.0,0.0,0.0,0.0,0.0,0.0,0.0,0.0,0.0,0.0,0.0,12.0,225.0,213.0,125.6,106.02666666666667,225.0,0.2124121093333331,147.89252975798237,6.965452065289808,0.0,False,True
mp-31217,Cu8O,Cu,8.0,29.0,21.0,26.666666666666668,4.148148148148148,29.0,64.0,87.0,23.0,66.55555555555556,4.543209876543211,64.0,15.9994,63.546,47.5466,58.26304444444444,9.391920987654323,63.546,54.8,1357.77,1302.97,1212.9955555555555,257.37679012345683,1357.77,11.0,16.0,5.0,11.555555555555555,0.9876543209876542,11.0,2.0,4.0,2.0,3.7777777777777777,0.3950617283950618,4.0,66.0,132.0,66.0,124.66666666666667,13.037037037037033,132.0,1.9,3.44,1.54,2.071111111111111,0.3041975308641976,1.9,1.0,2.0,1.0,1.1111111111111112,0.1975308641975309,1.0,0.0,4.0,4.0,0.4444444444444444,0.7901234567901234,0.0,0.0,10.0,10.0,8.88888888888889,1.9753086419753083,10.0,0.0,0.0,0.0,0.0,0.0,0.0,6.0,11.0,5.0,10.444444444444445,0.9876543209876542,11.0,0.0,1.0,1.0,0.8888888888888888,0.1975308641975309,1.0,0.0,2.0,2.0,0.2222222222222222,0.3950617283950617,0.0,0.0,0.0,0.0,0.0,0.0,0.0,0.0,0.0,0.0,0.0,0.0,0.0,1.0,2.0,1.0,1.1111111111111112,0.1975308641975309,1.0,9.105,11.07,1.9649999999999999,10.851666666666667,0.3881481481481484,11.07,0.0,0.0,0.0,0.0,0.0,0.0,0.0,0.0,0.0,0.0,0.0,0.0,12.0,225.0,213.0,201.33333333333334,42.07407407407407,225.0,0.1175888066666672,106.07990017217308,8.208270867098836,0.0,False,True
mp-1045694,Cu9O13,Cu,8.0,29.0,21.0,16.59090909090909,10.152892561983471,8.0,64.0,87.0,23.0,77.5909090909091,11.1198347107438,87.0,15.9994,63.546,47.5466,35.45028181818182,22.987405785123965,15.9994,54.8,1357.77,1302.97,587.8331818181819,629.948305785124,54.8,11.0,16.0,5.0,13.954545454545455,2.4173553719008263,16.0,2.0,4.0,2.0,2.8181818181818183,0.9669421487603306,2.0,66.0,132.0,66.0,93.0,31.90909090909091,66.0,1.9,3.44,1.54,2.8099999999999996,0.7445454545454546,3.44,1.0,2.0,1.0,1.5909090909090908,0.4834710743801653,2.0,0.0,4.0,4.0,2.3636363636363638,1.9338842975206612,4.0,0.0,10.0,10.0,4.090909090909091,4.8347107438016526,0.0,0.0,0.0,0.0,0.0,0.0,0.0,6.0,11.0,5.0,8.045454545454545,2.4173553719008263,6.0,0.0,1.0,1.0,0.4090909090909091,0.4834710743801653,0.0,0.0,2.0,2.0,1.1818181818181819,0.9669421487603306,2.0,0.0,0.0,0.0,0.0,0.0,0.0,0.0,0.0,0.0,0.0,0.0,0.0,1.0,2.0,1.0,1.5909090909090908,0.4834710743801653,2.0,9.105,11.07,1.9649999999999999,9.908863636363636,0.9500206611570245,9.105,0.0,0.0,0.0,0.0,0.0,0.0,0.0,0.0,0.0,0.0,0.0,0.0,12.0,225.0,213.0,99.13636363636364,102.97933884297521,12.0,0.193557816136364,232.13107905668863,5.5790233710009485,0.0,False,True
mp-1213626,Cu64O,Cu,8.0,29.0,21.0,28.676923076923078,0.6362130177514781,29.0,64.0,87.0,23.0,64.35384615384615,0.6968047337278059,64.0,15.9994,63.546,47.5466,62.81451384615385,1.4404650414201132,63.546,54.8,1357.77,1302.97,1337.7243076923078,39.474594082840134,1357.77,11.0,16.0,5.0,11.076923076923077,0.15147928994082813,11.0,2.0,4.0,2.0,3.9692307692307693,0.060591715976331256,4.0,66.0,132.0,66.0,130.98461538461538,1.9995266272189383,132.0,1.9,3.44,1.54,1.9236923076923076,0.046655621301775134,1.9,1.0,2.0,1.0,1.0153846153846153,0.030295857988165628,1.0,0.0,4.0,4.0,0.06153846153846154,0.12118343195266273,0.0,0.0,10.0,10.0,9.846153846153847,0.30295857988165625,10.0,0.0,0.0,0.0,0.0,0.0,0.0,6.0,11.0,5.0,10.923076923076923,0.15147928994082813,11.0,0.0,1.0,1.0,0.9846153846153847,0.030295857988165628,1.0,0.0,2.0,2.0,0.03076923076923077,0.06059171597633137,0.0,0.0,0.0,0.0,0.0,0.0,0.0,0.0,0.0,0.0,0.0,0.0,0.0,1.0,2.0,1.0,1.0153846153846153,0.030295857988165628,1.0,9.105,11.07,1.9649999999999999,11.039769230769231,0.05953136094674561,11.07,0.0,0.0,0.0,0.0,0.0,0.0,0.0,0.0,0.0,0.0,0.0,0.0,12.0,225.0,213.0,221.72307692307692,6.453017751479296,225.0,0.0321067776923067,766.9692805074955,8.839841704485057,0.0,False,True
mp-2346983,ZnO,Zn,8.0,30.0,22.0,19.0,11.0,8.0,69.0,87.0,18.0,78.0,9.0,69.0,15.9994,65.38,49.380599999999994,40.689699999999995,24.690299999999997,15.9994,54.8,692.68,637.88,373.73999999999995,318.93999999999994,54.8,12.0,16.0,4.0,14.0,2.0,12.0,2.0,4.0,2.0,3.0,1.0,2.0,66.0,122.0,56.0,94.0,28.0,66.0,1.65,3.44,1.79,2.545,0.895,1.65,2.0,2.0,0.0,2.0,0.0,2.0,0.0,4.0,4.0,2.0,2.0,0.0,0.0,10.0,10.0,5.0,5.0,0.0,0.0,0.0,0.0,0.0,0.0,0.0,6.0,12.0,6.0,9.0,3.0,6.0,0.0,0.0,0.0,0.0,0.0,0.0,0.0,2.0,2.0,1.0,1.0,0.0,0.0,0.0,0.0,0.0,0.0,0.0,0.0,0.0,0.0,0.0,0.0,0.0,0.0,2.0,2.0,1.0,1.0,0.0,9.105,13.96,4.855,11.5325,2.4275,9.105,0.0,0.0,0.0,0.0,0.0,0.0,0.0,0.0,0.0,0.0,0.0,0.0,12.0,194.0,182.0,103.0,91.0,12.0,0.2240268974999999,66.75779396494303,4.049918989511721,0.8378,False,False
mp-1094003,ZnO2,Zn,8.0,30.0,22.0,15.333333333333334,9.777777777777779,8.0,69.0,87.0,18.0,81.0,8.0,87.0,15.9994,65.38,49.380599999999994,32.4596,21.946933333333334,15.9994,54.8,692.68,637.88,267.4266666666667,283.5022222222222,54.8,12.0,16.0,4.0,14.666666666666666,1.777777777777778,16.0,2.0,4.0,2.0,2.6666666666666665,0.8888888888888888,2.0,66.0,122.0,56.0,84.66666666666667,24.88888888888889,66.0,1.65,3.44,1.79,2.8433333333333333,0.7955555555555556,3.44,2.0,2.0,0.0,2.0,0.0,2.0,0.0,4.0,4.0,2.6666666666666665,1.777777777777778,4.0,0.0,10.0,10.0,3.3333333333333335,4.444444444444444,0.0,0.0,0.0,0.0,0.0,0.0,0.0,6.0,12.0,6.0,8.0,2.6666666666666665,6.0,0.0,0.0,0.0,0.0,0.0,0.0,0.0,2.0,2.0,1.3333333333333333,0.888888888888889,2.0,0.0,0.0,0.0,0.0,0.0,0.0,0.0,0.0,0.0,0.0,0.0,0.0,0.0,2.0,2.0,1.3333333333333333,0.888888888888889,2.0,9.105,13.96,4.855,10.723333333333334,2.157777777777778,9.105,0.0,0.0,0.0,0.0,0.0,0.0,0.0,0.0,0.0,0.0,0.0,0.0,12.0,194.0,182.0,72.66666666666667,80.8888888888889,12.0,0.4591891483333326,34.45472719532318,4.694550521343299,0.0,False,True
mp-1977753,YO2,Y,8.0,39.0,31.0,18.333333333333332,13.777777777777777,8.0,12.0,87.0,75.0,62.0,33.333333333333336,87.0,15.9994,88.90585,72.90645,40.30155,32.40286666666666,15.9994,54.8,1799.0,1744.2,636.1999999999999,775.2000000000002,54.8,3.0,16.0,13.0,11.666666666666666,5.777777777777779,16.0,2.0,5.0,3.0,3.0,1.3333333333333333,2.0,66.0,190.0,124.0,107.33333333333333,55.11111111111111,66.0,1.22,3.44,2.2199999999999998,2.6999999999999997,0.9866666666666667,3.44,2.0,2.0,0.0,2.0,0.0,2.0,0.0,4.0,4.0,2.6666666666666665,1.777777777777778,4.0,0.0,1.0,1.0,0.3333333333333333,0.4444444444444445,0.0,0.0,0.0,0.0,0.0,0.0,0.0,3.0,6.0,3.0,5.0,1.3333333333333333,6.0,0.0,0.0,0.0,0.0,0.0,0.0,0.0,2.0,2.0,1.3333333333333333,0.888888888888889,2.0,0.0,9.0,9.0,3.0,4.0,0.0,0.0,0.0,0.0,0.0,0.0,0.0,2.0,9.0,7.0,4.333333333333333,3.1111111111111107,2.0,9.105,32.365,23.26,16.858333333333334,10.337777777777779,9.105,0.0,0.0,0.0,0.0,0.0,0.0,0.0,0.0,0.0,0.0,0.0,0.0,12.0,194.0,182.0,72.66666666666667,80.8888888888889,12.0,0.3173831439583328,110.19832494704283,3.6437376890361888,0.0,False,True
mp-1187855,YO,Y,8.0,39.0,31.0,23.5,15.5,8.0,12.0,87.0,75.0,49.5,37.5,12.0,15.9994,88.90585,72.90645,52.452625,36.453225,15.9994,54.8,1799.0,1744.2,926.9,872.1,54.8,3.0,16.0,13.0,9.5,6.5,3.0,2.0,5.0,3.0,3.5,1.5,2.0,66.0,190.0,124.0,128.0,62.0,66.0,1.22,3.44,2.2199999999999998,2.33,1.1099999999999999,1.22,2.0,2.0,0.0,2.0,0.0,2.0,0.0,4.0,4.0,2.0,2.0,0.0,0.0,1.0,1.0,0.5,0.5,0.0,0.0,0.0,0.0,0.0,0.0,0.0,3.0,6.0,3.0,4.5,1.5,3.0,0.0,0.0,0.0,0.0,0.0,0.0,0.0,2.0,2.0,1.0,1.0,0.0,0.0,9.0,9.0,4.5,4.5,0.0,0.0,0.0,0.0,0.0,0.0,0.0,2.0,9.0,7.0,5.5,3.5,2.0,9.105,32.365,23.26,20.735,11.63,9.105,0.0,0.0,0.0,0.0,0.0,0.0,0.0,0.0,0.0,0.0,0.0,0.0,12.0,194.0,182.0,103.0,91.0,12.0,0.2210998014583332,67.53554734125309,5.158743003283924,0.0,False,True
mp-1189335,YO3,Y,8.0,39.0,31.0,15.75,11.625,8.0,12.0,87.0,75.0,68.25,28.125,87.0,15.9994,88.90585,72.90645,34.226012499999996,27.339918749999995,15.9994,54.8,1799.0,1744.2,490.85,654.075,54.8,3.0,16.0,13.0,12.75,4.875,16.0,2.0,5.0,3.0,2.75,1.125,2.0,66.0,190.0,124.0,97.0,46.5,66.0,1.22,3.44,2.2199999999999998,2.8850000000000002,0.8324999999999998,3.44,2.0,2.0,0.0,2.0,0.0,2.0,0.0,4.0,4.0,3.0,1.5,4.0,0.0,1.0,1.0,0.25,0.375,0.0,0.0,0.0,0.0,0.0,0.0,0.0,3.0,6.0,3.0,5.25,1.125,6.0,0.0,0.0,0.0,0.0,0.0,0.0,0.0,2.0,2.0,1.5,0.75,2.0,0.0,9.0,9.0,2.25,3.375,0.0,0.0,0.0,0.0,0.0,0.0,0.0,2.0,9.0,7.0,3.75,2.625,2.0,9.105,32.365,23.26,14.920000000000002,8.7225,9.105,0.0,0.0,0.0,0.0,0.0,0.0,0.0,0.0,0.0,0.0,0.0,0.0,12.0,194.0,182.0,57.5,68.25,12.0,0.4624509035937496,201.8495252066529,4.5050296449423435,0.0,False,True
mp-775907,Y2O3,Y,8.0,39.0,31.0,20.4,14.88,8.0,12.0,87.0,75.0,57.0,36.0,87.0,15.9994,88.90585,72.90645,45.16198,34.995096000000004,15.9994,54.8,1799.0,1744.2,752.48,837.216,54.8,3.0,16.0,13.0,10.8,6.24,16.0,2.0,5.0,3.0,3.2,1.44,2.0,66.0,190.0,124.0,115.6,59.52,66.0,1.22,3.44,2.2199999999999998,2.552,1.0655999999999999,3.44,2.0,2.0,0.0,2.0,0.0,2.0,0.0,4.0,4.0,2.4,1.9200000000000004,4.0,0.0,1.0,1.0,0.4,0.4800000000000001,0.0,0.0,0.0,0.0,0.0,0.0,0.0,3.0,6.0,3.0,4.8,1.44,6.0,0.0,0.0,0.0,0.0,0.0,0.0,0.0,2.0,2.0,1.2,0.9600000000000002,2.0,0.0,9.0,9.0,3.6,4.32,0.0,0.0,0.0,0.0,0.0,0.0,0.0,2.0,9.0,7.0,4.8,3.3599999999999994,2.0,9.105,32.365,23.26,18.409,11.1648,9.105,0.0,0.0,0.0,0.0,0.0,0.0,0.0,0.0,0.0,0.0,0.0,0.0,12.0,194.0,182.0,84.8,87.35999999999999,12.0,0.0418387982499997,419.4707436136238,5.363418071096292,3.5727,False,False
mp-775910,ZrO2,Zr,8.0,40.0,32.0,18.666666666666668,14.222222222222223,8.0,44.0,87.0,43.0,72.66666666666667,19.11111111111111,87.0,15.9994,91.224,75.22460000000001,41.07426666666667,33.43315555555555,15.9994,54.8,2128.0,2073.2,745.8666666666667,921.4222222222221,54.8,4.0,16.0,12.0,12.0,5.333333333333333,16.0,2.0,5.0,3.0,3.0,1.3333333333333333,2.0,66.0,175.0,109.0,102.33333333333333,48.444444444444436,66.0,1.33,3.44,2.11,2.736666666666667,0.9377777777777777,3.44,2.0,2.0,0.0,2.0,0.0,2.0,0.0,4.0,4.0,2.6666666666666665,1.777777777777778,4.0,0.0,2.0,2.0,0.6666666666666666,0.888888888888889,0.0,0.0,0.0,0.0,0.0,0.0,0.0,4.0,6.0,2.0,5.333333333333333,0.888888888888889,6.0,0.0,0.0,0.0,0.0,0.0,0.0,0.0,2.0,2.0,1.3333333333333333,0.888888888888889,2.0,0.0,8.0,8.0,2.6666666666666665,3.555555555555556,0.0,0.0,0.0,0.0,0.0,0.0,0.0,2.0,8.0,6.0,4.0,2.6666666666666665,2.0,9.105,23.195,14.09,13.801666666666668,6.262222222222223,9.105,0.0,0.0,0.0,0.0,0.0,0.0,0.0,0.0,0.0,0.0,0.0,0.0,12.0,194.0,182.0,72.66666666666667,80.8888888888889,12.0,0.0473351413333329,328.3116221174586,6.232379842724869,3.3166,False,False
mp-10197,ZrO,Zr,8.0,40.0,32.0,24.0,16.0,8.0,44.0,87.0,43.0,65.5,21.5,44.0,15.9994,91.224,75.22460000000001,53.6117,37.612300000000005,15.9994,54.8,2128.0,2073.2,1091.4,1036.6,54.8,4.0,16.0,12.0,10.0,6.0,4.0,2.0,5.0,3.0,3.5,1.5,2.0,66.0,175.0,109.0,120.5,54.5,66.0,1.33,3.44,2.11,2.385,1.055,1.33,2.0,2.0,0.0,2.0,0.0,2.0,0.0,4.0,4.0,2.0,2.0,0.0,0.0,2.0,2.0,1.0,1.0,0.0,0.0,0.0,0.0,0.0,0.0,0.0,4.0,6.0,2.0,5.0,1.0,4.0,0.0,0.0,0.0,0.0,0.0,0.0,0.0,2.0,2.0,1.0,1.0,0.0,0.0,8.0,8.0,4.0,4.0,0.0,0.0,0.0,0.0,0.0,0.0,0.0,2.0,8.0,6.0,5.0,3.0,2.0,9.105,23.195,14.09,16.15,7.045,9.105,0.0,0.0,0.0,0.0,0.0,0.0,0.0,0.0,0.0,0.0,0.0,0.0,12.0,194.0,182.0,103.0,91.0,12.0,0.3467296037499974,24.73907116775216,7.197062638088304,0.0,False,True
mp-10735,Zr2O,Zr,8.0,40.0,32.0,29.333333333333332,14.222222222222223,40.0,44.0,87.0,43.0,58.333333333333336,19.11111111111111,44.0,15.9994,91.224,75.22460000000001,66.14913333333334,33.43315555555555,91.224,54.8,2128.0,2073.2,1436.9333333333334,921.4222222222221,2128.0,4.0,16.0,12.0,8.0,5.333333333333333,4.0,2.0,5.0,3.0,4.0,1.3333333333333333,5.0,66.0,175.0,109.0,138.66666666666666,48.44444444444445,175.0,1.33,3.44,2.11,2.033333333333333,0.9377777777777777,1.33,2.0,2.0,0.0,2.0,0.0,2.0,0.0,4.0,4.0,1.3333333333333333,1.777777777777778,0.0,0.0,2.0,2.0,1.3333333333333333,0.888888888888889,2.0,0.0,0.0,0.0,0.0,0.0,0.0,4.0,6.0,2.0,4.666666666666667,0.888888888888889,4.0,0.0,0.0,0.0,0.0,0.0,0.0,0.0,2.0,2.0,0.6666666666666666,0.888888888888889,0.0,0.0,8.0,8.0,5.333333333333333,3.555555555555556,8.0,0.0,0.0,0.0,0.0,0.0,0.0,2.0,8.0,6.0,6.0,2.6666666666666665,8.0,9.105,23.195,14.09,18.498333333333335,6.2622222222222215,23.195,0.0,0.0,0.0,0.0,0.0,0.0,0.0,0.0,0.0,0.0,0.0,0.0,12.0,194.0,182.0,133.33333333333334,80.88888888888889,194.0,0.2280090724999972,115.95362797641955,5.683818032715772,0.0,False,True
mp-1017,Zr3O,Zr,8.0,40.0,32.0,32.0,12.0,40.0,44.0,87.0,43.0,54.75,16.125,44.0,15.9994,91.224,75.22460000000001,72.41785,28.209225000000004,91.224,54.8,2128.0,2073.2,1609.7,777.45,2128.0,4.0,16.0,12.0,7.0,4.5,4.0,2.0,5.0,3.0,4.25,1.125,5.0,66.0,175.0,109.0,147.75,40.875,175.0,1.33,3.44,2.11,1.8575,0.7912499999999999,1.33,2.0,2.0,0.0,2.0,0.0,2.0,0.0,4.0,4.0,1.0,1.5,0.0,0.0,2.0,2.0,1.5,0.75,2.0,0.0,0.0,0.0,0.0,0.0,0.0,4.0,6.0,2.0,4.5,0.75,4.0,0.0,0.0,0.0,0.0,0.0,0.0,0.0,2.0,2.0,0.5,0.75,0.0,0.0,8.0,8.0,6.0,3.0,8.0,0.0,0.0,0.0,0.0,0.0,0.0,2.0,8.0,6.0,6.5,2.25,8.0,9.105,23.195,14.09,19.672500000000003,5.283749999999999,23.195,0.0,0.0,0.0,0.0,0.0,0.0,0.0,0.0,0.0,0.0,0.0,0.0,12.0,194.0,182.0,148.5,68.25,194.0,0.0074235237499991,143.58864502115784,6.69984282918577,0.0,False,True
mp-1215377,Zr4O,Zr,8.0,40.0,32.0,33.6,10.239999999999998,40.0,44.0,87.0,43.0,52.6,13.760000000000002,44.0,15.9994,91.224,75.22460000000001,76.17908,24.071872000000003,91.224,54.8,2128.0,2073.2,1713.36,663.4240000000001,2128.0,4.0,16.0,12.0,6.4,3.8400000000000007,4.0,2.0,5.0,3.0,4.4,0.9599999999999997,5.0,66.0,175.0,109.0,153.2,34.88000000000001,175.0,1.33,3.44,2.11,1.752,0.6751999999999999,1.33,2.0,2.0,0.0,2.0,0.0,2.0,0.0,4.0,4.0,0.8,1.28,0.0,0.0,2.0,2.0,1.6,0.6399999999999999,2.0,0.0,0.0,0.0,0.0,0.0,0.0,4.0,6.0,2.0,4.4,0.6400000000000002,4.0,0.0,0.0,0.0,0.0,0.0,0.0,0.0,2.0,2.0,0.4,0.64,0.0,0.0,8.0,8.0,6.4,2.5599999999999996,8.0,0.0,0.0,0.0,0.0,0.0,0.0,2.0,8.0,6.0,6.8,1.9200000000000004,8.0,9.105,23.195,14.09,20.377000000000002,4.508799999999999,23.195,0.0,0.0,0.0,0.0,0.0,0.0,0.0,0.0,0.0,0.0,0.0,0.0,12.0,194.0,182.0,157.6,58.24000000000001,194.0,0.0,286.99175263227033,6.611601417853336,0.0,True,True
mp-761151,Zr6O11,Zr,8.0,40.0,32.0,19.294117647058822,14.615916955017301,8.0,44.0,87.0,43.0,71.82352941176471,19.640138408304498,87.0,15.9994,91.224,75.22460000000001,42.54925882352942,34.35864083044983,15.9994,54.8,2128.0,2073.2,786.5176470588235,946.9287197231833,54.8,4.0,16.0,12.0,11.764705882352942,5.4809688581314875,16.0,2.0,5.0,3.0,3.0588235294117645,1.3702422145328719,2.0,66.0,175.0,109.0,104.47058823529412,49.785467128027676,66.0,1.33,3.44,2.11,2.6952941176470584,0.9637370242214532,3.44,2.0,2.0,0.0,2.0,0.0,2.0,0.0,4.0,4.0,2.588235294117647,1.8269896193771626,4.0,0.0,2.0,2.0,0.7058823529411765,0.9134948096885813,0.0,0.0,0.0,0.0,0.0,0.0,0.0,4.0,6.0,2.0,5.294117647058823,0.9134948096885814,6.0,0.0,0.0,0.0,0.0,0.0,0.0,0.0,2.0,2.0,1.2941176470588236,0.9134948096885813,2.0,0.0,8.0,8.0,2.823529411764706,3.6539792387543253,0.0,0.0,0.0,0.0,0.0,0.0,0.0,2.0,8.0,6.0,4.117647058823529,2.7404844290657437,2.0,9.105,23.195,14.09,14.077941176470588,6.435570934256056,9.105,0.0,0.0,0.0,0.0,0.0,0.0,0.0,0.0,0.0,0.0,0.0,0.0,12.0,194.0,182.0,76.23529411764706,83.12802768166091,12.0,0.0838707072058806,208.53678271832567,5.759799288422903,0.3600000000000003,False,False
mp-685070,Zr19O40,Zr,8.0,40.0,32.0,18.305084745762713,13.972996265440967,8.0,44.0,87.0,43.0,73.15254237288136,18.776213731686298,87.0,15.9994,91.224,75.22460000000001,40.224271186440674,32.847282964665325,15.9994,54.8,2128.0,2073.2,722.4406779661017,905.2754955472567,54.8,4.0,16.0,12.0,12.135593220338983,5.2398735995403625,16.0,2.0,5.0,3.0,2.9661016949152543,1.3099683998850906,2.0,66.0,175.0,109.0,101.10169491525424,47.59551852915829,66.0,1.33,3.44,2.11,2.7605084745762714,0.9213444412525135,3.44,2.0,2.0,0.0,2.0,0.0,2.0,0.0,4.0,4.0,2.711864406779661,1.746624533180121,4.0,0.0,2.0,2.0,0.6440677966101694,0.8733122665900603,0.0,0.0,0.0,0.0,0.0,0.0,0.0,4.0,6.0,2.0,5.3559322033898304,0.8733122665900604,6.0,0.0,0.0,0.0,0.0,0.0,0.0,0.0,2.0,2.0,1.3559322033898304,0.8733122665900604,2.0,0.0,8.0,8.0,2.5762711864406778,3.4932490663602414,0.0,0.0,0.0,0.0,0.0,0.0,0.0,2.0,8.0,6.0,3.9322033898305087,2.6199367997701812,2.0,9.105,23.195,14.09,13.642457627118644,6.152484918126974,9.105,0.0,0.0,0.0,0.0,0.0,0.0,0.0,0.0,0.0,0.0,0.0,0.0,12.0,194.0,182.0,70.61016949152543,79.47141625969549,12.0,0.1084965577118648,703.432861447232,5.602303605070874,0.0373000000000001,False,False
mp-684977,Zr27O49,Zr,8.0,40.0,32.0,19.36842105263158,14.659279778393353,8.0,44.0,87.0,43.0,71.72368421052632,19.698407202216067,87.0,15.9994,91.224,75.22460000000001,42.72392894736843,34.46057680055402,15.9994,54.8,2128.0,2073.2,791.3315789473684,949.7380886426592,54.8,4.0,16.0,12.0,11.736842105263158,5.497229916897507,16.0,2.0,5.0,3.0,3.0657894736842106,1.3743074792243768,2.0,66.0,175.0,109.0,104.72368421052632,49.93317174515236,66.0,1.33,3.44,2.11,2.690394736842105,0.9665962603878117,3.44,2.0,2.0,0.0,2.0,0.0,2.0,0.0,4.0,4.0,2.5789473684210527,1.8324099722991691,4.0,0.0,2.0,2.0,0.7105263157894737,0.9162049861495846,0.0,0.0,0.0,0.0,0.0,0.0,0.0,4.0,6.0,2.0,5.2894736842105265,0.9162049861495843,6.0,0.0,0.0,0.0,0.0,0.0,0.0,0.0,2.0,2.0,1.2894736842105263,0.9162049861495846,2.0,0.0,8.0,8.0,2.8421052631578947,3.6648199445983383,0.0,0.0,0.0,0.0,0.0,0.0,0.0,2.0,8.0,6.0,4.131578947368421,2.7486149584487536,2.0,9.105,23.195,14.09,14.110657894736843,6.454664127423823,9.105,0.0,0.0,0.0,0.0,0.0,0.0,0.0,0.0,0.0,0.0,0.0,0.0,12.0,194.0,182.0,76.65789473684211,83.3746537396122,12.0,0.1161277954934192,919.101917805969,5.866380146046199,0.0,False,True
mp-776975,NbO2,Nb,8.0,41.0,33.0,19.0,14.666666666666666,8.0,47.0,87.0,40.0,73.66666666666667,17.777777777777775,87.0,15.9994,92.90638,76.90698,41.63506,34.18088,15.9994,54.8,2750.0,2695.2,953.1999999999999,1197.8666666666668,54.8,5.0,16.0,11.0,12.333333333333334,4.888888888888888,16.0,2.0,5.0,3.0,3.0,1.3333333333333333,2.0,66.0,164.0,98.0,98.66666666666667,43.555555555555564,66.0,1.6,3.44,1.8399999999999999,2.8266666666666667,0.8177777777777777,3.44,1.0,2.0,1.0,1.6666666666666667,0.4444444444444444,2.0,0.0,4.0,4.0,2.6666666666666665,1.777777777777778,4.0,0.0,4.0,4.0,1.3333333333333333,1.777777777777778,0.0,0.0,0.0,0.0,0.0,0.0,0.0,5.0,6.0,1.0,5.666666666666667,0.44444444444444436,6.0,0.0,1.0,1.0,0.3333333333333333,0.4444444444444445,0.0,0.0,2.0,2.0,1.3333333333333333,0.888888888888889,2.0,0.0,6.0,6.0,2.0,2.6666666666666665,0.0,0.0,0.0,0.0,0.0,0.0,0.0,2.0,7.0,5.0,3.6666666666666665,2.222222222222222,2.0,9.105,18.18,9.075,12.13,4.033333333333333,9.105,0.0,0.0,0.0,0.0,0.0,0.0,0.0,0.0,0.0,0.0,0.0,0.0,12.0,229.0,217.0,84.33333333333333,96.44444444444446,12.0,0.0720672474999997,269.65777786423155,6.153278661367969,0.0,False,True
mp-1179977,NbO3,Nb,8.0,41.0,33.0,16.25,12.375,8.0,47.0,87.0,40.0,77.0,15.0,87.0,15.9994,92.90638,76.90698,35.226145,28.840117499999998,15.9994,54.8,2750.0,2695.2,728.6,1010.7,54.8,5.0,16.0,11.0,13.25,4.125,16.0,2.0,5.0,3.0,2.75,1.125,2.0,66.0,164.0,98.0,90.5,36.75,66.0,1.6,3.44,1.8399999999999999,2.98,0.69,3.44,1.0,2.0,1.0,1.75,0.375,2.0,0.0,4.0,4.0,3.0,1.5,4.0,0.0,4.0,4.0,1.0,1.5,0.0,0.0,0.0,0.0,0.0,0.0,0.0,5.0,6.0,1.0,5.75,0.375,6.0,0.0,1.0,1.0,0.25,0.375,0.0,0.0,2.0,2.0,1.5,0.75,2.0,0.0,6.0,6.0,1.5,2.25,0.0,0.0,0.0,0.0,0.0,0.0,0.0,2.0,7.0,5.0,3.25,1.875,2.0,9.105,18.18,9.075,11.373750000000001,3.403125,9.105,0.0,0.0,0.0,0.0,0.0,0.0,0.0,0.0,0.0,0.0,0.0,0.0,12.0,229.0,217.0,66.25,81.375,12.0,0.1955248341071431,251.23391927853572,3.725254308839715,0.0,False,True
mp-2311,NbO,Nb,8.0,41.0,33.0,24.5,16.5,8.0,47.0,87.0,40.0,67.0,20.0,47.0,15.9994,92.90638,76.90698,54.45289,38.45349,15.9994,54.8,2750.0,2695.2,1402.4,1347.6,54.8,5.0,16.0,11.0,10.5,5.5,5.0,2.0,5.0,3.0,3.5,1.5,2.0,66.0,164.0,98.0,115.0,49.0,66.0,1.6,3.44,1.8399999999999999,2.52,0.9199999999999999,1.6,1.0,2.0,1.0,1.5,0.5,1.0,0.0,4.0,4.0,2.0,2.0,0.0,0.0,4.0,4.0,2.0,2.0,0.0,0.0,0.0,0.0,0.0,0.0,0.0,5.0,6.0,1.0,5.5,0.5,5.0,0.0,1.0,1.0,0.5,0.5,0.0,0.0,2.0,2.0,1.0,1.0,0.0,0.0,6.0,6.0,3.0,3.0,0.0,0.0,0.0,0.0,0.0,0.0,0.0,2.0,7.0,5.0,4.5,2.5,2.0,9.105,18.18,9.075,13.6425,4.5375,9.105,0.0,0.0,0.0,0.0,0.0,0.0,0.0,0.0,0.0,0.0,0.0,0.0,12.0,229.0,217.0,120.5,108.5,12.0,0.0,76.75730697732924,7.068081579827412,0.0,True,True
mp-776896,Nb2O5,Nb,8.0,41.0,33.0,17.428571428571427,13.469387755102039,8.0,47.0,87.0,40.0,75.57142857142857,16.3265306122449,87.0,15.9994,92.90638,76.90698,37.97282285714285,31.390604081632652,15.9994,54.8,2750.0,2695.2,824.8571428571429,1100.0816326530614,54.8,5.0,16.0,11.0,12.857142857142858,4.489795918367347,16.0,2.0,5.0,3.0,2.857142857142857,1.2244897959183676,2.0,66.0,164.0,98.0,94.0,40.0,66.0,1.6,3.44,1.8399999999999999,2.914285714285714,0.7510204081632653,3.44,1.0,2.0,1.0,1.7142857142857142,0.4081632653061225,2.0,0.0,4.0,4.0,2.857142857142857,1.6326530612244896,4.0,0.0,4.0,4.0,1.1428571428571428,1.6326530612244896,0.0,0.0,0.0,0.0,0.0,0.0,0.0,5.0,6.0,1.0,5.714285714285714,0.4081632653061224,6.0,0.0,1.0,1.0,0.2857142857142857,0.4081632653061224,0.0,0.0,2.0,2.0,1.4285714285714286,0.8163265306122448,2.0,0.0,6.0,6.0,1.7142857142857142,2.4489795918367347,0.0,0.0,0.0,0.0,0.0,0.0,0.0,2.0,7.0,5.0,3.4285714285714284,2.0408163265306123,2.0,9.105,18.18,9.075,11.697857142857144,3.7040816326530615,9.105,0.0,0.0,0.0,0.0,0.0,0.0,0.0,0.0,0.0,0.0,0.0,0.0,12.0,229.0,217.0,74.0,88.57142857142857,12.0,0.0592213257653071,509.80494798024336,3.463187190543735,2.4469,False,False
mp-1232391,Nb4O9,Nb,8.0,41.0,33.0,18.153846153846153,14.059171597633137,8.0,47.0,87.0,40.0,74.6923076923077,17.041420118343197,87.0,15.9994,92.90638,76.90698,39.66308615384616,32.76510390532545,15.9994,54.8,2750.0,2695.2,884.0923076923077,1148.2508875739645,54.8,5.0,16.0,11.0,12.615384615384615,4.686390532544379,16.0,2.0,5.0,3.0,2.923076923076923,1.2781065088757395,2.0,66.0,164.0,98.0,96.15384615384616,41.75147928994083,66.0,1.6,3.44,1.8399999999999999,2.873846153846154,0.7839053254437869,3.44,1.0,2.0,1.0,1.6923076923076923,0.4260355029585799,2.0,0.0,4.0,4.0,2.769230769230769,1.7041420118343196,4.0,0.0,4.0,4.0,1.2307692307692308,1.7041420118343196,0.0,0.0,0.0,0.0,0.0,0.0,0.0,5.0,6.0,1.0,5.6923076923076925,0.4260355029585798,6.0,0.0,1.0,1.0,0.3076923076923077,0.4260355029585799,0.0,0.0,2.0,2.0,1.3846153846153846,0.8520710059171598,2.0,0.0,6.0,6.0,1.8461538461538463,2.556213017751479,0.0,0.0,0.0,0.0,0.0,0.0,0.0,2.0,7.0,5.0,3.5384615384615383,2.1301775147928996,2.0,9.105,18.18,9.075,11.897307692307693,3.8662721893491128,9.105,0.0,0.0,0.0,0.0,0.0,0.0,0.0,0.0,0.0,0.0,0.0,0.0,12.0,229.0,217.0,78.76923076923077,92.44970414201183,12.0,0.2009809282307681,179.0015377322127,4.783240215858422,0.0,False,True
mp-28212,Nb4O5,Nb,8.0,41.0,33.0,22.666666666666668,16.296296296296298,8.0,47.0,87.0,40.0,69.22222222222223,19.753086419753085,87.0,15.9994,92.90638,76.90698,50.18028,37.97875555555556,15.9994,54.8,2750.0,2695.2,1252.6666666666667,1330.962962962963,54.8,5.0,16.0,11.0,11.11111111111111,5.432098765432098,16.0,2.0,5.0,3.0,3.3333333333333335,1.4814814814814816,2.0,66.0,164.0,98.0,109.55555555555556,48.39506172839506,66.0,1.6,3.44,1.8399999999999999,2.6222222222222222,0.9086419753086419,3.44,1.0,2.0,1.0,1.5555555555555556,0.4938271604938272,2.0,0.0,4.0,4.0,2.2222222222222223,1.9753086419753088,4.0,0.0,4.0,4.0,1.7777777777777777,1.9753086419753088,0.0,0.0,0.0,0.0,0.0,0.0,0.0,5.0,6.0,1.0,5.555555555555555,0.4938271604938272,6.0,0.0,1.0,1.0,0.4444444444444444,0.4938271604938272,0.0,0.0,2.0,2.0,1.1111111111111112,0.9876543209876544,2.0,0.0,6.0,6.0,2.6666666666666665,2.962962962962963,0.0,0.0,0.0,0.0,0.0,0.0,0.0,2.0,7.0,5.0,4.222222222222222,2.4691358024691357,2.0,9.105,18.18,9.075,13.138333333333334,4.481481481481481,9.105,0.0,0.0,0.0,0.0,0.0,0.0,0.0,0.0,0.0,0.0,0.0,0.0,12.0,229.0,217.0,108.44444444444444,107.1604938271605,12.0,0.0236462886111112,218.36385753050263,6.868690151797188,0.0,False,True
mp-1470,Nb12O29,Nb,8.0,41.0,33.0,17.658536585365855,13.663295657346819,8.0,47.0,87.0,40.0,75.29268292682927,16.561570493753717,87.0,15.9994,92.90638,76.90698,38.50876,31.842509268292684,15.9994,54.8,2750.0,2695.2,843.6390243902438,1115.9186198691255,54.8,5.0,16.0,11.0,12.78048780487805,4.5544318857822725,16.0,2.0,5.0,3.0,2.8780487804878048,1.2421177870315288,2.0,66.0,164.0,98.0,94.6829268292683,40.57584770969661,66.0,1.6,3.44,1.8399999999999999,2.9014634146341467,0.7618322427126708,3.44,1.0,2.0,1.0,1.7073170731707317,0.414039262343843,2.0,0.0,4.0,4.0,2.8292682926829267,1.656157049375372,4.0,0.0,4.0,4.0,1.170731707317073,1.656157049375372,0.0,0.0,0.0,0.0,0.0,0.0,0.0,5.0,6.0,1.0,5.7073170731707314,0.4140392623438431,6.0,0.0,1.0,1.0,0.2926829268292683,0.414039262343843,0.0,0.0,2.0,2.0,1.4146341463414633,0.828078524687686,2.0,0.0,6.0,6.0,1.7560975609756098,2.484235574063058,0.0,0.0,0.0,0.0,0.0,0.0,0.0,2.0,7.0,5.0,3.4634146341463414,2.0701963117192146,2.0,9.105,18.18,9.075,11.76109756097561,3.757406305770375,9.105,0.0,0.0,0.0,0.0,0.0,0.0,0.0,0.0,0.0,0.0,0.0,0.0,12.0,229.0,217.0,75.51219512195122,89.84651992861393,12.0,0.0,1205.7226655355864,4.348856323999878,0.0,True,True
mp-1095187,Nb2O3,Nb,8.0,41.0,33.0,21.2,15.839999999999998,8.0,47.0,87.0,40.0,71.0,19.2,87.0,15.9994,92.90638,76.90698,46.762192,36.9153504,15.9994,54.8,2750.0,2695.2,1132.8799999999999,1293.696,54.8,5.0,16.0,11.0,11.6,5.279999999999999,16.0,2.0,5.0,3.0,3.2,1.44,2.0,66.0,164.0,98.0,105.2,47.04,66.0,1.6,3.44,1.8399999999999999,2.7039999999999997,0.8832000000000001,3.44,1.0,2.0,1.0,1.6,0.48,2.0,0.0,4.0,4.0,2.4,1.9200000000000004,4.0,0.0,4.0,4.0,1.6,1.9200000000000004,0.0,0.0,0.0,0.0,0.0,0.0,0.0,5.0,6.0,1.0,5.6,0.4800000000000001,6.0,0.0,1.0,1.0,0.4,0.4800000000000001,0.0,0.0,2.0,2.0,1.2,0.9600000000000002,2.0,0.0,6.0,6.0,2.4,2.88,0.0,0.0,0.0,0.0,0.0,0.0,0.0,2.0,7.0,5.0,4.0,2.4,2.0,9.105,18.18,9.075,12.735,4.356,9.105,0.0,0.0,0.0,0.0,0.0,0.0,0.0,0.0,0.0,0.0,0.0,0.0,12.0,229.0,217.0,98.8,104.16,12.0,0.0810687998333339,119.20386858387614,6.514087813324666,0.0,False,True
mp-2704783,MoO3,Mo,8.0,42.0,34.0,16.5,12.75,8.0,50.0,87.0,37.0,77.75,13.875,87.0,15.9994,95.96,79.9606,35.989549999999994,29.985224999999993,15.9994,54.8,2896.0,2841.2,765.1,1065.45,54.8,6.0,16.0,10.0,13.5,3.75,16.0,2.0,5.0,3.0,2.75,1.125,2.0,66.0,154.0,88.0,88.0,33.0,66.0,2.16,3.44,1.2799999999999998,3.12,0.47999999999999987,3.44,1.0,2.0,1.0,1.75,0.375,2.0,0.0,4.0,4.0,3.0,1.5,4.0,0.0,5.0,5.0,1.25,1.875,0.0,0.0,0.0,0.0,0.0,0.0,0.0,6.0,6.0,0.0,6.0,0.0,6.0,0.0,1.0,1.0,0.25,0.375,0.0,0.0,2.0,2.0,1.5,0.75,2.0,0.0,5.0,5.0,1.25,1.875,0.0,0.0,0.0,0.0,0.0,0.0,0.0,2.0,6.0,4.0,3.0,1.5,2.0,9.105,15.69,6.584999999999999,10.75125,2.469375,9.105,0.0,0.0,0.0,0.0,0.0,0.0,0.0,0.0,0.0,0.0,0.0,0.0,12.0,229.0,217.0,66.25,81.375,12.0,0.4926748465624992,218.7524469935191,4.3705111946400645,0.9698999999999998,False,False
mp-796331,MoO5,Mo,8.0,42.0,34.0,13.666666666666666,9.444444444444445,8.0,50.0,87.0,37.0,80.83333333333333,10.27777777777778,87.0,15.9994,95.96,79.9606,29.326166666666666,22.211277777777777,15.9994,54.8,2896.0,2841.2,528.3333333333334,789.2222222222223,54.8,6.0,16.0,10.0,14.333333333333334,2.7777777777777772,16.0,2.0,5.0,3.0,2.5,0.8333333333333334,2.0,66.0,154.0,88.0,80.66666666666667,24.444444444444446,66.0,2.16,3.44,1.2799999999999998,3.2266666666666666,0.35555555555555557,3.44,1.0,2.0,1.0,1.8333333333333333,0.27777777777777785,2.0,0.0,4.0,4.0,3.3333333333333335,1.111111111111111,4.0,0.0,5.0,5.0,0.8333333333333334,1.388888888888889,0.0,0.0,0.0,0.0,0.0,0.0,0.0,6.0,6.0,0.0,6.0,0.0,6.0,0.0,1.0,1.0,0.16666666666666666,0.27777777777777773,0.0,0.0,2.0,2.0,1.6666666666666667,0.5555555555555555,2.0,0.0,5.0,5.0,0.8333333333333334,1.388888888888889,0.0,0.0,0.0,0.0,0.0,0.0,0.0,2.0,6.0,4.0,2.6666666666666665,1.111111111111111,2.0,9.105,15.69,6.584999999999999,10.2025,1.8291666666666666,9.105,0.0,0.0,0.0,0.0,0.0,0.0,0.0,0.0,0.0,0.0,0.0,0.0,12.0,229.0,217.0,48.166666666666664,60.27777777777777,12.0,0.6691908581249999,185.63348588446073,3.1476030391457916,0.4892999999999999,False,False
mp-1041997,MoO2,Mo,8.0,42.0,34.0,19.333333333333332,15.111111111111109,8.0,50.0,87.0,37.0,74.66666666666667,16.444444444444443,87.0,15.9994,95.96,79.9606,42.65293333333333,35.53804444444444,15.9994,54.8,2896.0,2841.2,1001.8666666666667,1262.7555555555555,54.8,6.0,16.0,10.0,12.666666666666666,4.444444444444445,16.0,2.0,5.0,3.0,3.0,1.3333333333333333,2.0,66.0,154.0,88.0,95.33333333333333,39.11111111111111,66.0,2.16,3.44,1.2799999999999998,3.013333333333333,0.5688888888888889,3.44,1.0,2.0,1.0,1.6666666666666667,0.4444444444444444,2.0,0.0,4.0,4.0,2.6666666666666665,1.777777777777778,4.0,0.0,5.0,5.0,1.6666666666666667,2.222222222222222,0.0,0.0,0.0,0.0,0.0,0.0,0.0,6.0,6.0,0.0,6.0,0.0,6.0,0.0,1.0,1.0,0.3333333333333333,0.4444444444444445,0.0,0.0,2.0,2.0,1.3333333333333333,0.888888888888889,2.0,0.0,5.0,5.0,1.6666666666666667,2.222222222222222,0.0,0.0,0.0,0.0,0.0,0.0,0.0,2.0,6.0,4.0,3.3333333333333335,1.777777777777778,2.0,9.105,15.69,6.584999999999999,11.299999999999999,2.926666666666666,9.105,0.0,0.0,0.0,0.0,0.0,0.0,0.0,0.0,0.0,0.0,0.0,0.0,12.0,229.0,217.0,84.33333333333333,96.44444444444446,12.0,0.2107665650000001,95.6921568601954,4.440225464687226,1.0113,False,False
mp-1180203,MoO4,Mo,8.0,42.0,34.0,14.8,10.88,8.0,50.0,87.0,37.0,79.6,11.840000000000003,87.0,15.9994,95.96,79.9606,31.991519999999998,25.587392,15.9994,54.8,2896.0,2841.2,623.04,909.184,54.8,6.0,16.0,10.0,14.0,3.2,16.0,2.0,5.0,3.0,2.6,0.9600000000000002,2.0,66.0,154.0,88.0,83.6,28.159999999999997,66.0,2.16,3.44,1.2799999999999998,3.184,0.40959999999999985,3.44,1.0,2.0,1.0,1.8,0.31999999999999995,2.0,0.0,4.0,4.0,3.2,1.2799999999999998,4.0,0.0,5.0,5.0,1.0,1.6,0.0,0.0,0.0,0.0,0.0,0.0,0.0,6.0,6.0,0.0,6.0,0.0,6.0,0.0,1.0,1.0,0.2,0.32,0.0,0.0,2.0,2.0,1.6,0.6399999999999999,2.0,0.0,5.0,5.0,1.0,1.6,0.0,0.0,0.0,0.0,0.0,0.0,0.0,2.0,6.0,4.0,2.8,1.2799999999999998,2.0,9.105,15.69,6.584999999999999,10.422,2.1071999999999997,9.105,0.0,0.0,0.0,0.0,0.0,0.0,0.0,0.0,0.0,0.0,0.0,0.0,12.0,229.0,217.0,55.4,69.44,12.0,0.4693881167499976,169.9138080370062,3.126086531254211,0.498,False,False
mp-1043432,Mo2O5,Mo,8.0,42.0,34.0,17.714285714285715,13.877551020408163,8.0,50.0,87.0,37.0,76.42857142857143,15.10204081632653,87.0,15.9994,95.96,79.9606,38.84528571428571,32.63697959183673,15.9994,54.8,2896.0,2841.2,866.5714285714286,1159.6734693877552,54.8,6.0,16.0,10.0,13.142857142857142,4.081632653061225,16.0,2.0,5.0,3.0,2.857142857142857,1.2244897959183676,2.0,66.0,154.0,88.0,91.14285714285714,35.91836734693877,66.0,2.16,3.44,1.2799999999999998,3.0742857142857143,0.5224489795918367,3.44,1.0,2.0,1.0,1.7142857142857142,0.4081632653061225,2.0,0.0,4.0,4.0,2.857142857142857,1.6326530612244896,4.0,0.0,5.0,5.0,1.4285714285714286,2.0408163265306123,0.0,0.0,0.0,0.0,0.0,0.0,0.0,6.0,6.0,0.0,6.0,0.0,6.0,0.0,1.0,1.0,0.2857142857142857,0.4081632653061224,0.0,0.0,2.0,2.0,1.4285714285714286,0.8163265306122448,2.0,0.0,5.0,5.0,1.4285714285714286,2.0408163265306123,0.0,0.0,0.0,0.0,0.0,0.0,0.0,2.0,6.0,4.0,3.142857142857143,1.6326530612244896,2.0,9.105,15.69,6.584999999999999,10.986428571428572,2.6877551020408164,9.105,0.0,0.0,0.0,0.0,0.0,0.0,0.0,0.0,0.0,0.0,0.0,0.0,12.0,229.0,217.0,74.0,88.57142857142857,12.0,0.109607322653062,276.6003698773015,3.2643657030612734,1.5101999999999998,False,False
mp-1180296,Mo2O7,Mo,8.0,42.0,34.0,15.555555555555555,11.753086419753085,8.0,50.0,87.0,37.0,78.77777777777777,12.790123456790127,87.0,15.9994,95.96,79.9606,33.76842222222222,27.640701234567896,15.9994,54.8,2896.0,2841.2,686.1777777777778,982.1432098765431,54.8,6.0,16.0,10.0,13.777777777777779,3.4567901234567895,16.0,2.0,5.0,3.0,2.6666666666666665,1.037037037037037,2.0,66.0,154.0,88.0,85.55555555555556,30.41975308641976,66.0,2.16,3.44,1.2799999999999998,3.1555555555555554,0.4424691358024691,3.44,1.0,2.0,1.0,1.7777777777777777,0.34567901234567905,2.0,0.0,4.0,4.0,3.111111111111111,1.382716049382716,4.0,0.0,5.0,5.0,1.1111111111111112,1.7283950617283952,0.0,0.0,0.0,0.0,0.0,0.0,0.0,6.0,6.0,0.0,6.0,0.0,6.0,0.0,1.0,1.0,0.2222222222222222,0.345679012345679,0.0,0.0,2.0,2.0,1.5555555555555556,0.691358024691358,2.0,0.0,5.0,5.0,1.1111111111111112,1.7283950617283952,0.0,0.0,0.0,0.0,0.0,0.0,0.0,2.0,6.0,4.0,2.888888888888889,1.382716049382716,2.0,9.105,15.69,6.584999999999999,10.568333333333333,2.2762962962962963,9.105,0.0,0.0,0.0,0.0,0.0,0.0,0.0,0.0,0.0,0.0,0.0,0.0,12.0,229.0,217.0,60.22222222222222,75.01234567901234,12.0,0.3391895963888887,269.83855993003976,3.7399965233296943,0.0359999999999999,False,False
mp-1371699,Mo2O3,Mo,8.0,42.0,34.0,21.6,16.32,8.0,50.0,87.0,37.0,72.2,17.759999999999998,87.0,15.9994,95.96,79.9606,47.983639999999994,38.38108799999999,15.9994,54.8,2896.0,2841.2,1191.28,1363.776,54.8,6.0,16.0,10.0,12.0,4.8,16.0,2.0,5.0,3.0,3.2,1.44,2.0,66.0,154.0,88.0,101.2,42.239999999999995,66.0,2.16,3.44,1.2799999999999998,2.928,0.6144,3.44,1.0,2.0,1.0,1.6,0.48,2.0,0.0,4.0,4.0,2.4,1.9200000000000004,4.0,0.0,5.0,5.0,2.0,2.4,0.0,0.0,0.0,0.0,0.0,0.0,0.0,6.0,6.0,0.0,6.0,0.0,6.0,0.0,1.0,1.0,0.4,0.4800000000000001,0.0,0.0,2.0,2.0,1.2,0.9600000000000002,2.0,0.0,5.0,5.0,2.0,2.4,0.0,0.0,0.0,0.0,0.0,0.0,0.0,2.0,6.0,4.0,3.6,1.9200000000000004,2.0,9.105,15.69,6.584999999999999,11.739,3.1607999999999996,9.105,0.0,0.0,0.0,0.0,0.0,0.0,0.0,0.0,0.0,0.0,0.0,0.0,12.0,229.0,217.0,98.8,104.16,12.0,0.329072008999999,289.2619212503938,5.508186091834763,0.7565999999999997,False,False
mp-1044452,Mo3O7,Mo,8.0,42.0,34.0,18.2,14.280000000000001,8.0,50.0,87.0,37.0,75.9,15.539999999999997,87.0,15.9994,95.96,79.9606,39.98758,33.583452,15.9994,54.8,2896.0,2841.2,907.1600000000001,1193.304,54.8,6.0,16.0,10.0,13.0,4.2,16.0,2.0,5.0,3.0,2.9,1.26,2.0,66.0,154.0,88.0,92.4,36.96,66.0,2.16,3.44,1.2799999999999998,3.056,0.5376,3.44,1.0,2.0,1.0,1.7,0.42000000000000004,2.0,0.0,4.0,4.0,2.8,1.6800000000000002,4.0,0.0,5.0,5.0,1.5,2.1,0.0,0.0,0.0,0.0,0.0,0.0,0.0,6.0,6.0,0.0,6.0,0.0,6.0,0.0,1.0,1.0,0.3,0.41999999999999993,0.0,0.0,2.0,2.0,1.4,0.8400000000000001,2.0,0.0,5.0,5.0,1.5,2.1,0.0,0.0,0.0,0.0,0.0,0.0,0.0,2.0,6.0,4.0,3.2,1.6800000000000002,2.0,9.105,15.69,6.584999999999999,11.0805,2.7657,9.105,0.0,0.0,0.0,0.0,0.0,0.0,0.0,0.0,0.0,0.0,0.0,0.0,12.0,229.0,217.0,77.1,91.14,12.0,0.2145175193571429,724.2077718336434,3.6669573682730943,0.9078,False,False
mp-1173004,Mo3O8,Mo,8.0,42.0,34.0,17.272727272727273,13.487603305785125,8.0,50.0,87.0,37.0,76.9090909090909,14.677685950413224,87.0,15.9994,95.96,79.9606,37.806836363636364,31.719907438016527,15.9994,54.8,2896.0,2841.2,829.6727272727272,1127.0876033057853,54.8,6.0,16.0,10.0,13.272727272727273,3.9669421487603302,16.0,2.0,5.0,3.0,2.8181818181818183,1.1900826446280992,2.0,66.0,154.0,88.0,90.0,34.90909090909091,66.0,2.16,3.44,1.2799999999999998,3.090909090909091,0.5077685950413223,3.44,1.0,2.0,1.0,1.7272727272727273,0.396694214876033,2.0,0.0,4.0,4.0,2.909090909090909,1.586776859504132,4.0,0.0,5.0,5.0,1.3636363636363635,1.9834710743801656,0.0,0.0,0.0,0.0,0.0,0.0,0.0,6.0,6.0,0.0,6.0,0.0,6.0,0.0,1.0,1.0,0.2727272727272727,0.396694214876033,0.0,0.0,2.0,2.0,1.4545454545454546,0.793388429752066,2.0,0.0,5.0,5.0,1.3636363636363635,1.9834710743801656,0.0,0.0,0.0,0.0,0.0,0.0,0.0,2.0,6.0,4.0,3.090909090909091,1.586776859504132,2.0,9.105,15.69,6.584999999999999,10.90090909090909,2.6122314049586772,9.105,0.0,0.0,0.0,0.0,0.0,0.0,0.0,0.0,0.0,0.0,0.0,0.0,12.0,229.0,217.0,71.18181818181819,86.08264462809917,12.0,0.2539512742857148,326.4560793645561,4.230139542169296,1.2265,False,False
mp-1180281,Mo3O10,Mo,8.0,42.0,34.0,15.846153846153847,12.071005917159763,8.0,50.0,87.0,37.0,78.46153846153847,13.136094674556208,87.0,15.9994,95.96,79.9606,34.451846153846155,28.38837869822485,15.9994,54.8,2896.0,2841.2,710.4615384615385,1008.7100591715977,54.8,6.0,16.0,10.0,13.692307692307692,3.550295857988166,16.0,2.0,5.0,3.0,2.6923076923076925,1.0650887573964498,2.0,66.0,154.0,88.0,86.3076923076923,31.24260355029586,66.0,2.16,3.44,1.2799999999999998,3.1446153846153844,0.45443786982248524,3.44,1.0,2.0,1.0,1.7692307692307692,0.3550295857988166,2.0,0.0,4.0,4.0,3.076923076923077,1.4201183431952662,4.0,0.0,5.0,5.0,1.1538461538461537,1.7751479289940826,0.0,0.0,0.0,0.0,0.0,0.0,0.0,6.0,6.0,0.0,6.0,0.0,6.0,0.0,1.0,1.0,0.23076923076923078,0.35502958579881655,0.0,0.0,2.0,2.0,1.5384615384615385,0.7100591715976331,2.0,0.0,5.0,5.0,1.1538461538461537,1.7751479289940826,0.0,0.0,0.0,0.0,0.0,0.0,0.0,2.0,6.0,4.0,2.923076923076923,1.4201183431952662,2.0,9.105,15.69,6.584999999999999,10.624615384615385,2.337869822485207,9.105,0.0,0.0,0.0,0.0,0.0,0.0,0.0,0.0,0.0,0.0,0.0,0.0,12.0,229.0,217.0,62.07692307692308,77.0414201183432,12.0,0.1862437050961514,405.19159239394736,3.670424838856792,0.0,False,True
mp-1047895,Mo4O9,Mo,8.0,42.0,34.0,18.46153846153846,14.485207100591715,8.0,50.0,87.0,37.0,75.61538461538461,15.763313609467456,87.0,15.9994,95.96,79.9606,40.60266153846153,34.066054437869816,15.9994,54.8,2896.0,2841.2,929.0153846153846,1210.4520710059173,54.8,6.0,16.0,10.0,12.923076923076923,4.260355029585799,16.0,2.0,5.0,3.0,2.923076923076923,1.2781065088757395,2.0,66.0,154.0,88.0,93.07692307692308,37.49112426035503,66.0,2.16,3.44,1.2799999999999998,3.0461538461538464,0.5453254437869821,3.44,1.0,2.0,1.0,1.6923076923076923,0.4260355029585799,2.0,0.0,4.0,4.0,2.769230769230769,1.7041420118343196,4.0,0.0,5.0,5.0,1.5384615384615385,2.1301775147928996,0.0,0.0,0.0,0.0,0.0,0.0,0.0,6.0,6.0,0.0,6.0,0.0,6.0,0.0,1.0,1.0,0.3076923076923077,0.4260355029585799,0.0,0.0,2.0,2.0,1.3846153846153846,0.8520710059171598,2.0,0.0,5.0,5.0,1.5384615384615385,2.1301775147928996,0.0,0.0,0.0,0.0,0.0,0.0,0.0,2.0,6.0,4.0,3.230769230769231,1.7041420118343196,2.0,9.105,15.69,6.584999999999999,11.131153846153847,2.805443786982248,9.105,0.0,0.0,0.0,0.0,0.0,0.0,0.0,0.0,0.0,0.0,0.0,0.0,12.0,229.0,217.0,78.76923076923077,92.44970414201183,12.0,0.1283372229670334,178.30688530579647,4.914881052401838,0.0,False,True
mp-540786,Mo4O11,Mo,8.0,42.0,34.0,17.066666666666666,13.297777777777778,8.0,50.0,87.0,37.0,77.13333333333334,14.471111111111107,87.0,15.9994,95.96,79.9606,37.322226666666666,31.273479111111108,15.9994,54.8,2896.0,2841.2,812.4533333333333,1111.224888888889,54.8,6.0,16.0,10.0,13.333333333333334,3.911111111111111,16.0,2.0,5.0,3.0,2.8,1.1733333333333331,2.0,66.0,154.0,88.0,89.46666666666667,34.41777777777778,66.0,2.16,3.44,1.2799999999999998,3.0986666666666665,0.5006222222222223,3.44,1.0,2.0,1.0,1.7333333333333334,0.3911111111111111,2.0,0.0,4.0,4.0,2.933333333333333,1.5644444444444445,4.0,0.0,5.0,5.0,1.3333333333333333,1.9555555555555557,0.0,0.0,0.0,0.0,0.0,0.0,0.0,6.0,6.0,0.0,6.0,0.0,6.0,0.0,1.0,1.0,0.26666666666666666,0.39111111111111113,0.0,0.0,2.0,2.0,1.4666666666666666,0.7822222222222223,2.0,0.0,5.0,5.0,1.3333333333333333,1.9555555555555557,0.0,0.0,0.0,0.0,0.0,0.0,0.0,2.0,6.0,4.0,3.066666666666667,1.5644444444444445,2.0,9.105,15.69,6.584999999999999,10.860999999999999,2.5754666666666655,9.105,0.0,0.0,0.0,0.0,0.0,0.0,0.0,0.0,0.0,0.0,0.0,0.0,12.0,229.0,217.0,69.86666666666666,84.8711111111111,12.0,0.0056417138809514,981.5487858683184,3.787860177886266,0.0,False,True
mp-543061,Mo4O5,Mo,8.0,42.0,34.0,23.11111111111111,16.790123456790123,8.0,50.0,87.0,37.0,70.55555555555556,18.271604938271608,87.0,15.9994,95.96,79.9606,51.537444444444446,39.48671604938271,15.9994,54.8,2896.0,2841.2,1317.5555555555557,1403.0617283950617,54.8,6.0,16.0,10.0,11.555555555555555,4.938271604938271,16.0,2.0,5.0,3.0,3.3333333333333335,1.4814814814814816,2.0,66.0,154.0,88.0,105.11111111111111,43.456790123456784,66.0,2.16,3.44,1.2799999999999998,2.871111111111111,0.6320987654320986,3.44,1.0,2.0,1.0,1.5555555555555556,0.4938271604938272,2.0,0.0,4.0,4.0,2.2222222222222223,1.9753086419753088,4.0,0.0,5.0,5.0,2.2222222222222223,2.4691358024691357,0.0,0.0,0.0,0.0,0.0,0.0,0.0,6.0,6.0,0.0,6.0,0.0,6.0,0.0,1.0,1.0,0.4444444444444444,0.4938271604938272,0.0,0.0,2.0,2.0,1.1111111111111112,0.9876543209876544,2.0,0.0,5.0,5.0,2.2222222222222223,2.4691358024691357,0.0,0.0,0.0,0.0,0.0,0.0,0.0,2.0,6.0,4.0,3.7777777777777777,1.9753086419753088,2.0,9.105,15.69,6.584999999999999,12.031666666666666,3.2518518518518515,9.105,0.0,0.0,0.0,0.0,0.0,0.0,0.0,0.0,0.0,0.0,0.0,0.0,12.0,229.0,217.0,108.44444444444444,107.1604938271605,12.0,0.6811400525,486.0945572766229,6.336928529293509,0.0,False,True
mp-1239172,Mo5O14,Mo,8.0,42.0,34.0,16.94736842105263,13.185595567867034,8.0,50.0,87.0,37.0,77.26315789473684,14.349030470914128,87.0,15.9994,95.96,79.9606,37.04166315789474,31.009650969529083,15.9994,54.8,2896.0,2841.2,802.4842105263158,1101.8504155124654,54.8,6.0,16.0,10.0,13.368421052631579,3.878116343490304,16.0,2.0,5.0,3.0,2.789473684210526,1.1634349030470914,2.0,66.0,154.0,88.0,89.15789473684211,34.12742382271468,66.0,2.16,3.44,1.2799999999999998,3.103157894736842,0.49639889196675907,3.44,1.0,2.0,1.0,1.736842105263158,0.3878116343490305,2.0,0.0,4.0,4.0,2.9473684210526314,1.551246537396122,4.0,0.0,5.0,5.0,1.3157894736842106,1.939058171745152,0.0,0.0,0.0,0.0,0.0,0.0,0.0,6.0,6.0,0.0,6.0,0.0,6.0,0.0,1.0,1.0,0.2631578947368421,0.3878116343490305,0.0,0.0,2.0,2.0,1.4736842105263157,0.775623268698061,2.0,0.0,5.0,5.0,1.3157894736842106,1.939058171745152,0.0,0.0,0.0,0.0,0.0,0.0,0.0,2.0,6.0,4.0,3.0526315789473686,1.551246537396122,2.0,9.105,15.69,6.584999999999999,10.837894736842106,2.5537396121883655,9.105,0.0,0.0,0.0,0.0,0.0,0.0,0.0,0.0,0.0,0.0,0.0,0.0,12.0,229.0,217.0,69.10526315789474,84.1551246537396,12.0,0.0176133723308282,2168.0746142228,4.311687011527341,0.0,False,True
mp-1201958,Mo8O23,Mo,8.0,42.0,34.0,16.774193548387096,13.019771071800209,8.0,50.0,87.0,37.0,77.45161290322581,14.168574401664932,87.0,15.9994,95.96,79.9606,36.634393548387095,30.619667845993753,15.9994,54.8,2896.0,2841.2,788.0129032258066,1087.9933402705515,54.8,6.0,16.0,10.0,13.419354838709678,3.8293444328824138,16.0,2.0,5.0,3.0,2.774193548387097,1.1488033298647244,2.0,66.0,154.0,88.0,88.70967741935483,33.69823100936524,66.0,2.16,3.44,1.2799999999999998,3.109677419354839,0.49015608740894884,3.44,1.0,2.0,1.0,1.7419354838709677,0.38293444328824144,2.0,0.0,4.0,4.0,2.967741935483871,1.5317377731529658,4.0,0.0,5.0,5.0,1.2903225806451613,1.914672216441207,0.0,0.0,0.0,0.0,0.0,0.0,0.0,6.0,6.0,0.0,6.0,0.0,6.0,0.0,1.0,1.0,0.25806451612903225,0.38293444328824144,0.0,0.0,2.0,2.0,1.4838709677419355,0.7658688865764829,2.0,0.0,5.0,5.0,1.2903225806451613,1.914672216441207,0.0,0.0,0.0,0.0,0.0,0.0,0.0,2.0,6.0,4.0,3.032258064516129,1.5317377731529658,2.0,9.105,15.69,6.584999999999999,10.804354838709678,2.5216233090530693,9.105,0.0,0.0,0.0,0.0,0.0,0.0,0.0,0.0,0.0,0.0,0.0,0.0,12.0,229.0,217.0,68.0,83.09677419354838,12.0,0.0051080399193565,1859.77719421311,4.0554372082160794,0.5988,False,False
mp-27701,Mo9O26,Mo,8.0,42.0,34.0,16.742857142857144,12.989387755102042,8.0,50.0,87.0,37.0,77.48571428571428,14.135510204081635,87.0,15.9994,95.96,79.9606,36.560697142857144,30.548212897959182,15.9994,54.8,2896.0,2841.2,785.3942857142857,1085.4543673469389,54.8,6.0,16.0,10.0,13.428571428571429,3.820408163265306,16.0,2.0,5.0,3.0,2.7714285714285714,1.1461224489795918,2.0,66.0,154.0,88.0,88.62857142857143,33.61959183673469,66.0,2.16,3.44,1.2799999999999998,3.1108571428571428,0.48901224489795914,3.44,1.0,2.0,1.0,1.7428571428571429,0.3820408163265306,2.0,0.0,4.0,4.0,2.9714285714285715,1.5281632653061223,4.0,0.0,5.0,5.0,1.2857142857142858,1.910204081632653,0.0,0.0,0.0,0.0,0.0,0.0,0.0,6.0,6.0,0.0,6.0,0.0,6.0,0.0,1.0,1.0,0.2571428571428571,0.3820408163265306,0.0,0.0,2.0,2.0,1.4857142857142858,0.7640816326530612,2.0,0.0,5.0,5.0,1.2857142857142858,1.910204081632653,0.0,0.0,0.0,0.0,0.0,0.0,0.0,2.0,6.0,4.0,3.0285714285714285,1.5281632653061223,2.0,9.105,15.69,6.584999999999999,10.798285714285717,2.5157387755102047,9.105,0.0,0.0,0.0,0.0,0.0,0.0,0.0,0.0,0.0,0.0,0.0,0.0,12.0,229.0,217.0,67.8,82.90285714285714,12.0,0.0018604027142856,1052.1397433192535,4.0385650788333445,0.742204054361205,False,False
mp-28777,Mo9O25,Mo,8.0,42.0,34.0,17.0,13.235294117647058,8.0,50.0,87.0,37.0,77.20588235294117,14.403114186851212,87.0,15.9994,95.96,79.9606,37.16544117647059,31.126531141868508,15.9994,54.8,2896.0,2841.2,806.8823529411765,1106.0034602076125,54.8,6.0,16.0,10.0,13.352941176470589,3.8927335640138407,16.0,2.0,5.0,3.0,2.7941176470588234,1.1678200692041523,2.0,66.0,154.0,88.0,89.29411764705883,34.2560553633218,66.0,2.16,3.44,1.2799999999999998,3.101176470588235,0.49826989619377166,3.44,1.0,2.0,1.0,1.7352941176470589,0.38927335640138405,2.0,0.0,4.0,4.0,2.9411764705882355,1.5570934256055362,4.0,0.0,5.0,5.0,1.3235294117647058,1.9463667820069208,0.0,0.0,0.0,0.0,0.0,0.0,0.0,6.0,6.0,0.0,6.0,0.0,6.0,0.0,1.0,1.0,0.2647058823529412,0.3892733564013841,0.0,0.0,2.0,2.0,1.4705882352941178,0.7785467128027681,2.0,0.0,5.0,5.0,1.3235294117647058,1.9463667820069208,0.0,0.0,0.0,0.0,0.0,0.0,0.0,2.0,6.0,4.0,3.0588235294117645,1.5570934256055362,2.0,9.105,15.69,6.584999999999999,10.848088235294119,2.5633650519031144,9.105,0.0,0.0,0.0,0.0,0.0,0.0,0.0,0.0,0.0,0.0,0.0,0.0,12.0,229.0,217.0,69.44117647058823,84.47231833910034,12.0,0.0063411463235283,1086.8411868823891,3.860729256957504,0.0,False,True
mp-1221884,Mo13O33,Mo,8.0,42.0,34.0,17.608695652173914,13.786389413988658,8.0,50.0,87.0,37.0,76.54347826086956,15.002835538752365,87.0,15.9994,95.96,79.9606,38.596960869565216,32.42258733459357,15.9994,54.8,2896.0,2841.2,857.7478260869566,1152.0555765595464,54.8,6.0,16.0,10.0,13.173913043478262,4.054820415879016,16.0,2.0,5.0,3.0,2.847826086956522,1.216446124763705,2.0,66.0,154.0,88.0,90.8695652173913,35.682419659735345,66.0,2.16,3.44,1.2799999999999998,3.0782608695652174,0.519017013232514,3.44,1.0,2.0,1.0,1.7173913043478262,0.4054820415879017,2.0,0.0,4.0,4.0,2.869565217391304,1.6219281663516067,4.0,0.0,5.0,5.0,1.4130434782608696,2.0274102079395084,0.0,0.0,0.0,0.0,0.0,0.0,0.0,6.0,6.0,0.0,6.0,0.0,6.0,0.0,1.0,1.0,0.2826086956521739,0.4054820415879017,0.0,0.0,2.0,2.0,1.434782608695652,0.8109640831758034,2.0,0.0,5.0,5.0,1.4130434782608696,2.0274102079395084,0.0,0.0,0.0,0.0,0.0,0.0,0.0,2.0,6.0,4.0,3.130434782608696,1.6219281663516067,2.0,9.105,15.69,6.584999999999999,10.965978260869566,2.6700992438563325,9.105,0.0,0.0,0.0,0.0,0.0,0.0,0.0,0.0,0.0,0.0,0.0,0.0,12.0,229.0,217.0,73.32608695652173,87.98960302457466,12.0,0.0517774746739139,649.8453513939792,4.536139684513112,0.0,False,True
mp-285,Mo17O47,Mo,8.0,42.0,34.0,17.03125,13.2646484375,8.0,50.0,87.0,37.0,77.171875,14.43505859375,87.0,15.9994,95.96,79.9606,37.238934375,31.195566113281245,15.9994,54.8,2896.0,2841.2,809.49375,1108.4564453125,54.8,6.0,16.0,10.0,13.34375,3.9013671875,16.0,2.0,5.0,3.0,2.796875,1.17041015625,2.0,66.0,154.0,88.0,89.375,34.33203125,66.0,2.16,3.44,1.2799999999999998,3.1,0.4993749999999999,3.44,1.0,2.0,1.0,1.734375,0.39013671875,2.0,0.0,4.0,4.0,2.9375,1.560546875,4.0,0.0,5.0,5.0,1.328125,1.95068359375,0.0,0.0,0.0,0.0,0.0,0.0,0.0,6.0,6.0,0.0,6.0,0.0,6.0,0.0,1.0,1.0,0.265625,0.39013671875,0.0,0.0,2.0,2.0,1.46875,0.7802734375,2.0,0.0,5.0,5.0,1.328125,1.95068359375,0.0,0.0,0.0,0.0,0.0,0.0,0.0,2.0,6.0,4.0,3.0625,1.560546875,2.0,9.105,15.69,6.584999999999999,10.854140625,2.5690502929687495,9.105,0.0,0.0,0.0,0.0,0.0,0.0,0.0,0.0,0.0,0.0,0.0,0.0,12.0,229.0,217.0,69.640625,84.65966796875,12.0,0.0062097759598227,1785.4605019154048,4.432452646259344,0.0,False,True
mp-1205302,TcO2,Tc,8.0,43.0,35.0,19.666666666666668,15.555555555555557,8.0,53.0,87.0,34.0,75.66666666666667,15.111111111111109,87.0,15.9994,98.0,82.0006,43.33293333333333,36.44471111111111,15.9994,54.8,2430.0,2375.2,846.5333333333333,1055.6444444444444,54.8,7.0,16.0,9.0,13.0,4.0,16.0,2.0,5.0,3.0,3.0,1.3333333333333333,2.0,66.0,147.0,81.0,93.0,36.0,66.0,1.9,3.44,1.54,2.9266666666666663,0.6844444444444445,3.44,2.0,2.0,0.0,2.0,0.0,2.0,0.0,4.0,4.0,2.6666666666666665,1.777777777777778,4.0,0.0,5.0,5.0,1.6666666666666667,2.222222222222222,0.0,0.0,0.0,0.0,0.0,0.0,0.0,6.0,7.0,1.0,6.333333333333333,0.44444444444444436,6.0,0.0,0.0,0.0,0.0,0.0,0.0,0.0,2.0,2.0,1.3333333333333333,0.888888888888889,2.0,0.0,5.0,5.0,1.6666666666666667,2.222222222222222,0.0,0.0,0.0,0.0,0.0,0.0,0.0,2.0,5.0,3.0,3.0,1.3333333333333333,2.0,9.105,14.285,5.18,10.831666666666669,2.302222222222223,9.105,0.0,0.0,0.0,0.0,0.0,0.0,0.0,0.0,0.0,0.0,0.0,0.0,12.0,194.0,182.0,72.66666666666667,80.8888888888889,12.0,0.0785757883333335,63.00181205088093,6.852758017130678,0.0,False,True
mp-27485,Tc2O7,Tc,8.0,43.0,35.0,15.777777777777779,12.098765432098766,8.0,53.0,87.0,34.0,79.44444444444444,11.753086419753087,87.0,15.9994,98.0,82.0006,34.22175555555556,28.345886419753086,15.9994,54.8,2430.0,2375.2,582.6222222222223,821.0567901234568,54.8,7.0,16.0,9.0,14.0,3.111111111111111,16.0,2.0,5.0,3.0,2.6666666666666665,1.037037037037037,2.0,66.0,147.0,81.0,84.0,28.0,66.0,1.9,3.44,1.54,3.0977777777777775,0.5323456790123458,3.44,2.0,2.0,0.0,2.0,0.0,2.0,0.0,4.0,4.0,3.111111111111111,1.382716049382716,4.0,0.0,5.0,5.0,1.1111111111111112,1.7283950617283952,0.0,0.0,0.0,0.0,0.0,0.0,0.0,6.0,7.0,1.0,6.222222222222222,0.34567901234567905,6.0,0.0,0.0,0.0,0.0,0.0,0.0,0.0,2.0,2.0,1.5555555555555556,0.691358024691358,2.0,0.0,5.0,5.0,1.1111111111111112,1.7283950617283952,0.0,0.0,0.0,0.0,0.0,0.0,0.0,2.0,5.0,3.0,2.6666666666666665,1.037037037037037,2.0,9.105,14.285,5.18,10.256111111111112,1.7906172839506178,9.105,0.0,0.0,0.0,0.0,0.0,0.0,0.0,0.0,0.0,0.0,0.0,0.0,12.0,194.0,182.0,52.44444444444444,62.913580246913575,12.0,0.0,551.7048267620728,3.708062965226387,2.6664,True,False
mp-1008785,RuO2,Ru,8.0,44.0,36.0,20.0,16.0,8.0,56.0,87.0,31.0,76.66666666666667,13.777777777777777,87.0,15.9994,101.07,85.0706,44.35626666666666,37.80915555555555,15.9994,54.8,2607.0,2552.2,905.5333333333333,1134.3111111111111,54.8,8.0,16.0,8.0,13.333333333333334,3.5555555555555554,16.0,2.0,5.0,3.0,3.0,1.3333333333333333,2.0,66.0,146.0,80.0,92.66666666666667,35.55555555555556,66.0,2.2,3.44,1.2399999999999998,3.026666666666667,0.551111111111111,3.44,1.0,2.0,1.0,1.6666666666666667,0.4444444444444444,2.0,0.0,4.0,4.0,2.6666666666666665,1.777777777777778,4.0,0.0,7.0,7.0,2.3333333333333335,3.1111111111111107,0.0,0.0,0.0,0.0,0.0,0.0,0.0,6.0,8.0,2.0,6.666666666666667,0.888888888888889,6.0,0.0,1.0,1.0,0.3333333333333333,0.4444444444444445,0.0,0.0,2.0,2.0,1.3333333333333333,0.888888888888889,2.0,0.0,3.0,3.0,1.0,1.3333333333333333,0.0,0.0,0.0,0.0,0.0,0.0,0.0,2.0,4.0,2.0,2.6666666666666665,0.8888888888888888,2.0,9.105,13.51,4.404999999999999,10.573333333333332,1.9577777777777772,9.105,0.0,0.0,0.0,0.0,0.0,0.0,0.0,0.0,0.0,0.0,0.0,0.0,12.0,194.0,182.0,72.66666666666667,80.8888888888889,12.0,0.1880587383333347,28.647745973939394,7.713205131576927,0.6058000000000003,False,False
mp-547094,RuO4,Ru,8.0,44.0,36.0,15.2,11.52,8.0,56.0,87.0,31.0,80.8,9.920000000000002,87.0,15.9994,101.07,85.0706,33.01352,27.222592,15.9994,54.8,2607.0,2552.2,565.24,816.704,54.8,8.0,16.0,8.0,14.4,2.5599999999999996,16.0,2.0,5.0,3.0,2.6,0.9600000000000002,2.0,66.0,146.0,80.0,82.0,25.6,66.0,2.2,3.44,1.2399999999999998,3.192,0.3967999999999998,3.44,1.0,2.0,1.0,1.8,0.31999999999999995,2.0,0.0,4.0,4.0,3.2,1.2799999999999998,4.0,0.0,7.0,7.0,1.4,2.2399999999999998,0.0,0.0,0.0,0.0,0.0,0.0,0.0,6.0,8.0,2.0,6.4,0.6400000000000002,6.0,0.0,1.0,1.0,0.2,0.32,0.0,0.0,2.0,2.0,1.6,0.6399999999999999,2.0,0.0,3.0,3.0,0.6,0.96,0.0,0.0,0.0,0.0,0.0,0.0,0.0,2.0,4.0,2.0,2.4,0.6399999999999999,2.0,9.105,13.51,4.404999999999999,9.986,1.4096,9.105,0.0,0.0,0.0,0.0,0.0,0.0,0.0,0.0,0.0,0.0,0.0,0.0,12.0,194.0,182.0,48.4,58.239999999999995,12.0,0.0001818252500003,150.93881260009232,3.6319511740042834,2.3853,False,False
mp-1219486,RhO3,Rh,8.0,45.0,37.0,17.25,13.875,8.0,59.0,87.0,28.0,80.0,10.5,87.0,15.9994,102.9055,86.90610000000001,37.725925000000004,32.5897875,15.9994,54.8,2237.0,2182.2,600.35,818.325,54.8,9.0,16.0,7.0,14.25,2.625,16.0,2.0,5.0,3.0,2.75,1.125,2.0,66.0,142.0,76.0,85.0,28.5,66.0,2.28,3.44,1.1600000000000001,3.15,0.43500000000000005,3.44,1.0,2.0,1.0,1.75,0.375,2.0,0.0,4.0,4.0,3.0,1.5,4.0,0.0,8.0,8.0,2.0,3.0,0.0,0.0,0.0,0.0,0.0,0.0,0.0,6.0,9.0,3.0,6.75,1.125,6.0,0.0,1.0,1.0,0.25,0.375,0.0,0.0,2.0,2.0,1.5,0.75,2.0,0.0,2.0,2.0,0.5,0.75,0.0,0.0,0.0,0.0,0.0,0.0,0.0,2.0,3.0,1.0,2.25,0.375,2.0,9.105,13.64,4.535,10.23875,1.7006249999999996,9.105,0.0,0.0,0.0,0.0,0.0,0.0,0.0,0.0,0.0,0.0,0.0,0.0,12.0,225.0,213.0,65.25,79.875,12.0,0.5570837924999994,103.99192114417296,2.409624581770927,0.0,False,True
mp-725,RhO2,Rh,8.0,45.0,37.0,20.333333333333332,16.444444444444443,8.0,59.0,87.0,28.0,77.66666666666667,12.444444444444443,87.0,15.9994,102.9055,86.90610000000001,44.9681,38.62493333333333,15.9994,54.8,2237.0,2182.2,782.1999999999999,969.8666666666668,54.8,9.0,16.0,7.0,13.666666666666666,3.111111111111111,16.0,2.0,5.0,3.0,3.0,1.3333333333333333,2.0,66.0,142.0,76.0,91.33333333333333,33.77777777777778,66.0,2.28,3.44,1.1600000000000001,3.0533333333333332,0.5155555555555557,3.44,1.0,2.0,1.0,1.6666666666666667,0.4444444444444444,2.0,0.0,4.0,4.0,2.6666666666666665,1.777777777777778,4.0,0.0,8.0,8.0,2.6666666666666665,3.555555555555556,0.0,0.0,0.0,0.0,0.0,0.0,0.0,6.0,9.0,3.0,7.0,1.3333333333333333,6.0,0.0,1.0,1.0,0.3333333333333333,0.4444444444444445,0.0,0.0,2.0,2.0,1.3333333333333333,0.888888888888889,2.0,0.0,2.0,2.0,0.6666666666666666,0.888888888888889,0.0,0.0,0.0,0.0,0.0,0.0,0.0,2.0,3.0,1.0,2.3333333333333335,0.4444444444444445,2.0,9.105,13.64,4.535,10.616666666666667,2.0155555555555558,9.105,0.0,0.0,0.0,0.0,0.0,0.0,0.0,0.0,0.0,0.0,0.0,0.0,12.0,225.0,213.0,83.0,94.66666666666667,12.0,0.0,62.21966740434897,7.200741182349888,0.0,True,True
mp-1179690,Rh2O3,Rh,8.0,45.0,37.0,22.8,17.76,8.0,59.0,87.0,28.0,75.8,13.440000000000001,87.0,15.9994,102.9055,86.90610000000001,50.76184,41.714928,15.9994,54.8,2237.0,2182.2,927.68,1047.4560000000001,54.8,9.0,16.0,7.0,13.2,3.3600000000000003,16.0,2.0,5.0,3.0,3.2,1.44,2.0,66.0,142.0,76.0,96.4,36.480000000000004,66.0,2.28,3.44,1.1600000000000001,2.976,0.5568000000000001,3.44,1.0,2.0,1.0,1.6,0.48,2.0,0.0,4.0,4.0,2.4,1.9200000000000004,4.0,0.0,8.0,8.0,3.2,3.8400000000000007,0.0,0.0,0.0,0.0,0.0,0.0,0.0,6.0,9.0,3.0,7.2,1.44,6.0,0.0,1.0,1.0,0.4,0.4800000000000001,0.0,0.0,2.0,2.0,1.2,0.9600000000000002,2.0,0.0,2.0,2.0,0.8,0.9600000000000002,0.0,0.0,0.0,0.0,0.0,0.0,0.0,2.0,3.0,1.0,2.4,0.48,2.0,9.105,13.64,4.535,10.919,2.1768,9.105,0.0,0.0,0.0,0.0,0.0,0.0,0.0,0.0,0.0,0.0,0.0,0.0,12.0,225.0,213.0,97.2,102.24000000000001,12.0,0.1527610934999996,218.35607949827573,7.720601938260356,0.2942,False,False
mp-1018886,PdO2,Pd,8.0,46.0,38.0,20.666666666666668,16.88888888888889,8.0,62.0,87.0,25.0,78.66666666666667,11.111111111111109,87.0,15.9994,106.42,90.42060000000001,46.1396,40.186933333333336,15.9994,54.8,1828.05,1773.25,645.8833333333333,788.111111111111,54.8,10.0,16.0,6.0,14.0,2.6666666666666665,16.0,2.0,5.0,3.0,3.0,1.3333333333333333,2.0,66.0,139.0,73.0,90.33333333333333,32.44444444444444,66.0,2.2,3.44,1.2399999999999998,3.026666666666667,0.551111111111111,3.44,0.0,2.0,2.0,1.3333333333333333,0.888888888888889,2.0,0.0,4.0,4.0,2.6666666666666665,1.777777777777778,4.0,0.0,10.0,10.0,3.3333333333333335,4.444444444444444,0.0,0.0,0.0,0.0,0.0,0.0,0.0,6.0,10.0,4.0,7.333333333333333,1.7777777777777777,6.0,0.0,0.0,0.0,0.0,0.0,0.0,0.0,2.0,2.0,1.3333333333333333,0.888888888888889,2.0,0.0,0.0,0.0,0.0,0.0,0.0,0.0,0.0,0.0,0.0,0.0,0.0,0.0,2.0,2.0,1.3333333333333333,0.888888888888889,2.0,9.105,14.41,5.305,10.873333333333335,2.357777777777778,9.105,0.0,0.0,0.0,0.0,0.0,0.0,0.0,0.0,0.0,0.0,0.0,0.0,12.0,225.0,213.0,83.0,94.66666666666667,12.0,0.0,64.3430838656573,7.144507582289027,0.0,True,True
mp-1336,PdO,Pd,8.0,46.0,38.0,27.0,19.0,8.0,62.0,87.0,25.0,74.5,12.5,62.0,15.9994,106.42,90.42060000000001,61.2097,45.210300000000004,15.9994,54.8,1828.05,1773.25,941.425,886.625,54.8,10.0,16.0,6.0,13.0,3.0,10.0,2.0,5.0,3.0,3.5,1.5,2.0,66.0,139.0,73.0,102.5,36.5,66.0,2.2,3.44,1.2399999999999998,2.8200000000000003,0.6199999999999999,2.2,0.0,2.0,2.0,1.0,1.0,0.0,0.0,4.0,4.0,2.0,2.0,0.0,0.0,10.0,10.0,5.0,5.0,0.0,0.0,0.0,0.0,0.0,0.0,0.0,6.0,10.0,4.0,8.0,2.0,6.0,0.0,0.0,0.0,0.0,0.0,0.0,0.0,2.0,2.0,1.0,1.0,0.0,0.0,0.0,0.0,0.0,0.0,0.0,0.0,0.0,0.0,0.0,0.0,0.0,0.0,2.0,2.0,1.0,1.0,0.0,9.105,14.41,5.305,11.7575,2.6525,9.105,0.0,0.0,0.0,0.0,0.0,0.0,0.0,0.0,0.0,0.0,0.0,0.0,12.0,225.0,213.0,118.5,106.5,12.0,0.0,50.08427352138736,8.117605875103205,0.0,True,True
mp-10729,Pd2O,Pd,8.0,46.0,38.0,33.333333333333336,16.88888888888889,46.0,62.0,87.0,25.0,70.33333333333333,11.111111111111109,62.0,15.9994,106.42,90.42060000000001,76.27980000000001,40.186933333333336,106.42,54.8,1828.05,1773.25,1236.9666666666667,788.111111111111,1828.05,10.0,16.0,6.0,12.0,2.6666666666666665,10.0,2.0,5.0,3.0,4.0,1.3333333333333333,5.0,66.0,139.0,73.0,114.66666666666667,32.44444444444444,139.0,2.2,3.44,1.2399999999999998,2.6133333333333333,0.551111111111111,2.2,0.0,2.0,2.0,0.6666666666666666,0.888888888888889,0.0,0.0,4.0,4.0,1.3333333333333333,1.777777777777778,0.0,0.0,10.0,10.0,6.666666666666667,4.444444444444444,10.0,0.0,0.0,0.0,0.0,0.0,0.0,6.0,10.0,4.0,8.666666666666666,1.777777777777778,10.0,0.0,0.0,0.0,0.0,0.0,0.0,0.0,2.0,2.0,0.6666666666666666,0.888888888888889,0.0,0.0,0.0,0.0,0.0,0.0,0.0,0.0,0.0,0.0,0.0,0.0,0.0,0.0,2.0,2.0,0.6666666666666666,0.888888888888889,0.0,9.105,14.41,5.305,12.641666666666666,2.357777777777778,14.41,0.0,0.0,0.0,0.0,0.0,0.0,0.0,0.0,0.0,0.0,0.0,0.0,12.0,225.0,213.0,154.0,94.66666666666667,225.0,0.1386693266666672,93.72186531305884,8.109031183681832,0.0,False,True
mp-1219936,Pd7O8,Pd,8.0,46.0,38.0,25.733333333333334,18.915555555555557,8.0,62.0,87.0,25.0,75.33333333333333,12.444444444444446,87.0,15.9994,106.42,90.42060000000001,58.19568,45.009365333333335,15.9994,54.8,1828.05,1773.25,882.3166666666667,882.6844444444445,54.8,10.0,16.0,6.0,13.2,2.9866666666666664,16.0,2.0,5.0,3.0,3.4,1.4933333333333332,2.0,66.0,139.0,73.0,100.06666666666666,36.337777777777774,66.0,2.2,3.44,1.2399999999999998,2.8613333333333335,0.6172444444444444,3.44,0.0,2.0,2.0,1.0666666666666667,0.9955555555555555,2.0,0.0,4.0,4.0,2.1333333333333333,1.991111111111111,4.0,0.0,10.0,10.0,4.666666666666667,4.977777777777777,0.0,0.0,0.0,0.0,0.0,0.0,0.0,6.0,10.0,4.0,7.866666666666666,1.991111111111111,6.0,0.0,0.0,0.0,0.0,0.0,0.0,0.0,2.0,2.0,1.0666666666666667,0.9955555555555555,2.0,0.0,0.0,0.0,0.0,0.0,0.0,0.0,0.0,0.0,0.0,0.0,0.0,0.0,2.0,2.0,1.0666666666666667,0.9955555555555555,2.0,9.105,14.41,5.305,11.580666666666668,2.640711111111111,9.105,0.0,0.0,0.0,0.0,0.0,0.0,0.0,0.0,0.0,0.0,0.0,0.0,12.0,225.0,213.0,111.4,106.02666666666667,12.0,0.0562793776666668,190.71525964567337,7.600561207994447,0.0,False,True
mp-2803876,AgO,Ag,8.0,47.0,39.0,27.5,19.5,8.0,65.0,87.0,22.0,76.0,11.0,65.0,15.9994,107.8682,91.86880000000001,61.9338,45.9344,15.9994,54.8,1234.93,1180.13,644.865,590.065,54.8,11.0,16.0,5.0,13.5,2.5,11.0,2.0,5.0,3.0,3.5,1.5,2.0,66.0,145.0,79.0,105.5,39.5,66.0,1.93,3.44,1.51,2.685,0.755,1.93,1.0,2.0,1.0,1.5,0.5,1.0,0.0,4.0,4.0,2.0,2.0,0.0,0.0,10.0,10.0,5.0,5.0,0.0,0.0,0.0,0.0,0.0,0.0,0.0,6.0,11.0,5.0,8.5,2.5,6.0,0.0,1.0,1.0,0.5,0.5,0.0,0.0,2.0,2.0,1.0,1.0,0.0,0.0,0.0,0.0,0.0,0.0,0.0,0.0,0.0,0.0,0.0,0.0,0.0,1.0,2.0,1.0,1.5,0.5,1.0,9.105,16.33,7.224999999999998,12.7175,3.612499999999999,9.105,0.0,0.0,0.0,0.0,0.0,0.0,0.0,0.0,0.0,0.0,0.0,0.0,12.0,225.0,213.0,118.5,106.5,12.0,0.0,61.1210263814898,6.730482171210601,0.0,True,True
mp-1214896,AgO2,Ag,8.0,47.0,39.0,21.0,17.333333333333332,8.0,65.0,87.0,22.0,79.66666666666667,9.777777777777777,87.0,15.9994,107.8682,91.86880000000001,46.62233333333333,40.830577777777776,15.9994,54.8,1234.93,1180.13,448.1766666666667,524.5022222222223,54.8,11.0,16.0,5.0,14.333333333333334,2.222222222222222,16.0,2.0,5.0,3.0,3.0,1.3333333333333333,2.0,66.0,145.0,79.0,92.33333333333333,35.11111111111111,66.0,1.93,3.44,1.51,2.936666666666667,0.6711111111111109,3.44,1.0,2.0,1.0,1.6666666666666667,0.4444444444444444,2.0,0.0,4.0,4.0,2.6666666666666665,1.777777777777778,4.0,0.0,10.0,10.0,3.3333333333333335,4.444444444444444,0.0,0.0,0.0,0.0,0.0,0.0,0.0,6.0,11.0,5.0,7.666666666666667,2.2222222222222223,6.0,0.0,1.0,1.0,0.3333333333333333,0.4444444444444445,0.0,0.0,2.0,2.0,1.3333333333333333,0.888888888888889,2.0,0.0,0.0,0.0,0.0,0.0,0.0,0.0,0.0,0.0,0.0,0.0,0.0,1.0,2.0,1.0,1.6666666666666667,0.4444444444444444,2.0,9.105,16.33,7.224999999999998,11.513333333333334,3.2111111111111104,9.105,0.0,0.0,0.0,0.0,0.0,0.0,0.0,0.0,0.0,0.0,0.0,0.0,12.0,225.0,213.0,83.0,94.66666666666667,12.0,0.7035315005555556,98.07180208745356,4.736419908864837,0.0,False,True
mp-1046809,Ag2O3,Ag,8.0,47.0,39.0,23.6,18.72,8.0,65.0,87.0,22.0,78.2,10.559999999999999,87.0,15.9994,107.8682,91.86880000000001,52.74692,44.097024,15.9994,54.8,1234.93,1180.13,526.8520000000001,566.4624,54.8,11.0,16.0,5.0,14.0,2.4,16.0,2.0,5.0,3.0,3.2,1.44,2.0,66.0,145.0,79.0,97.6,37.92,66.0,1.93,3.44,1.51,2.836,0.7248,3.44,1.0,2.0,1.0,1.6,0.48,2.0,0.0,4.0,4.0,2.4,1.9200000000000004,4.0,0.0,10.0,10.0,4.0,4.8,0.0,0.0,0.0,0.0,0.0,0.0,0.0,6.0,11.0,5.0,8.0,2.4,6.0,0.0,1.0,1.0,0.4,0.4800000000000001,0.0,0.0,2.0,2.0,1.2,0.9600000000000002,2.0,0.0,0.0,0.0,0.0,0.0,0.0,0.0,0.0,0.0,0.0,0.0,0.0,1.0,2.0,1.0,1.6,0.48,2.0,9.105,16.33,7.224999999999998,11.995,3.467999999999999,9.105,0.0,0.0,0.0,0.0,0.0,0.0,0.0,0.0,0.0,0.0,0.0,0.0,12.0,225.0,213.0,97.2,102.24000000000001,12.0,0.2562967936666656,283.5055218558439,6.178949944384813,0.0,False,True
mp-353,Ag2O,Ag,8.0,47.0,39.0,34.0,17.333333333333332,47.0,65.0,87.0,22.0,72.33333333333333,9.777777777777777,65.0,15.9994,107.8682,91.86880000000001,77.24526666666667,40.83057777777778,107.8682,54.8,1234.93,1180.13,841.5533333333334,524.5022222222223,1234.93,11.0,16.0,5.0,12.666666666666666,2.222222222222222,11.0,2.0,5.0,3.0,4.0,1.3333333333333333,5.0,66.0,145.0,79.0,118.66666666666667,35.11111111111111,145.0,1.93,3.44,1.51,2.433333333333333,0.6711111111111111,1.93,1.0,2.0,1.0,1.3333333333333333,0.4444444444444444,1.0,0.0,4.0,4.0,1.3333333333333333,1.777777777777778,0.0,0.0,10.0,10.0,6.666666666666667,4.444444444444444,10.0,0.0,0.0,0.0,0.0,0.0,0.0,6.0,11.0,5.0,9.333333333333334,2.222222222222222,11.0,0.0,1.0,1.0,0.6666666666666666,0.4444444444444445,1.0,0.0,2.0,2.0,0.6666666666666666,0.888888888888889,0.0,0.0,0.0,0.0,0.0,0.0,0.0,0.0,0.0,0.0,0.0,0.0,0.0,1.0,2.0,1.0,1.3333333333333333,0.4444444444444444,1.0,9.105,16.33,7.224999999999998,13.921666666666667,3.21111111111111,16.33,0.0,0.0,0.0,0.0,0.0,0.0,0.0,0.0,0.0,0.0,0.0,0.0,12.0,225.0,213.0,154.0,94.66666666666667,225.0,0.0,107.44222318884997,7.163037735938534,0.0,True,True
mp-1605,Ag3O4,Ag,8.0,47.0,39.0,24.714285714285715,19.102040816326532,8.0,65.0,87.0,22.0,77.57142857142857,10.775510204081632,87.0,15.9994,107.8682,91.86880000000001,55.371742857142856,44.99696326530612,15.9994,54.8,1234.93,1180.13,560.5699999999999,578.0228571428571,54.8,11.0,16.0,5.0,13.857142857142858,2.4489795918367347,16.0,2.0,5.0,3.0,3.2857142857142856,1.4693877551020407,2.0,66.0,145.0,79.0,99.85714285714286,38.693877551020414,66.0,1.93,3.44,1.51,2.792857142857143,0.7395918367346939,3.44,1.0,2.0,1.0,1.5714285714285714,0.489795918367347,2.0,0.0,4.0,4.0,2.2857142857142856,1.959183673469388,4.0,0.0,10.0,10.0,4.285714285714286,4.8979591836734695,0.0,0.0,0.0,0.0,0.0,0.0,0.0,6.0,11.0,5.0,8.142857142857142,2.4489795918367347,6.0,0.0,1.0,1.0,0.42857142857142855,0.4897959183673469,0.0,0.0,2.0,2.0,1.1428571428571428,0.979591836734694,2.0,0.0,0.0,0.0,0.0,0.0,0.0,0.0,0.0,0.0,0.0,0.0,0.0,1.0,2.0,1.0,1.5714285714285714,0.489795918367347,2.0,9.105,16.33,7.224999999999998,12.20142857142857,3.5387755102040805,9.105,0.0,0.0,0.0,0.0,0.0,0.0,0.0,0.0,0.0,0.0,0.0,0.0,12.0,225.0,213.0,103.28571428571429,104.3265306122449,12.0,0.0,182.6046271942463,7.049422637189597,0.0,True,True
mp-27819,Ag3O,Ag,8.0,47.0,39.0,37.25,14.625,47.0,65.0,87.0,22.0,70.5,8.25,65.0,15.9994,107.8682,91.86880000000001,84.901,34.4508,107.8682,54.8,1234.93,1180.13,939.8975,442.54875000000004,1234.93,11.0,16.0,5.0,12.25,1.875,11.0,2.0,5.0,3.0,4.25,1.125,5.0,66.0,145.0,79.0,125.25,29.625,145.0,1.93,3.44,1.51,2.3075,0.5662500000000001,1.93,1.0,2.0,1.0,1.25,0.375,1.0,0.0,4.0,4.0,1.0,1.5,0.0,0.0,10.0,10.0,7.5,3.75,10.0,0.0,0.0,0.0,0.0,0.0,0.0,6.0,11.0,5.0,9.75,1.875,11.0,0.0,1.0,1.0,0.75,0.375,1.0,0.0,2.0,2.0,0.5,0.75,0.0,0.0,0.0,0.0,0.0,0.0,0.0,0.0,0.0,0.0,0.0,0.0,0.0,1.0,2.0,1.0,1.25,0.375,1.0,9.105,16.33,7.224999999999998,14.52375,2.7093749999999988,16.33,0.0,0.0,0.0,0.0,0.0,0.0,0.0,0.0,0.0,0.0,0.0,0.0,12.0,225.0,213.0,171.75,79.875,225.0,0.0201617395833331,122.23889308286942,9.226616762296846,0.0,False,True
mp-1096866,CdO2,Cd,8.0,48.0,40.0,21.333333333333332,17.777777777777775,8.0,70.0,87.0,17.0,81.33333333333333,7.555555555555557,87.0,15.9994,112.411,96.4116,48.136599999999994,42.8496,15.9994,54.8,594.22,539.4200000000001,234.60666666666668,239.74222222222224,54.8,12.0,16.0,4.0,14.666666666666666,1.777777777777778,16.0,2.0,5.0,3.0,3.0,1.3333333333333333,2.0,66.0,144.0,78.0,92.0,34.666666666666664,66.0,1.69,3.44,1.75,2.856666666666667,0.7777777777777777,3.44,2.0,2.0,0.0,2.0,0.0,2.0,0.0,4.0,4.0,2.6666666666666665,1.777777777777778,4.0,0.0,10.0,10.0,3.3333333333333335,4.444444444444444,0.0,0.0,0.0,0.0,0.0,0.0,0.0,6.0,12.0,6.0,8.0,2.6666666666666665,6.0,0.0,0.0,0.0,0.0,0.0,0.0,0.0,2.0,2.0,1.3333333333333333,0.888888888888889,2.0,0.0,0.0,0.0,0.0,0.0,0.0,0.0,0.0,0.0,0.0,0.0,0.0,0.0,2.0,2.0,1.3333333333333333,0.888888888888889,2.0,9.105,19.495,10.39,12.568333333333333,4.6177777777777775,9.105,0.0,0.0,0.0,0.0,0.0,0.0,0.0,0.0,0.0,0.0,0.0,0.0,12.0,194.0,182.0,72.66666666666667,80.8888888888889,12.0,0.4323955816666665,43.41044845489024,5.5239723009106525,0.0,False,True
mp-1132,CdO,Cd,8.0,48.0,40.0,28.0,20.0,8.0,70.0,87.0,17.0,78.5,8.5,70.0,15.9994,112.411,96.4116,64.2052,48.205799999999996,15.9994,54.8,594.22,539.4200000000001,324.51,269.71000000000004,54.8,12.0,16.0,4.0,14.0,2.0,12.0,2.0,5.0,3.0,3.5,1.5,2.0,66.0,144.0,78.0,105.0,39.0,66.0,1.69,3.44,1.75,2.565,0.875,1.69,2.0,2.0,0.0,2.0,0.0,2.0,0.0,4.0,4.0,2.0,2.0,0.0,0.0,10.0,10.0,5.0,5.0,0.0,0.0,0.0,0.0,0.0,0.0,0.0,6.0,12.0,6.0,9.0,3.0,6.0,0.0,0.0,0.0,0.0,0.0,0.0,0.0,2.0,2.0,1.0,1.0,0.0,0.0,0.0,0.0,0.0,0.0,0.0,0.0,0.0,0.0,0.0,0.0,0.0,0.0,2.0,2.0,1.0,1.0,0.0,9.105,19.495,10.39,14.3,5.195,9.105,0.0,0.0,0.0,0.0,0.0,0.0,0.0,0.0,0.0,0.0,0.0,0.0,12.0,194.0,182.0,103.0,91.0,12.0,0.0,26.32170194637648,8.100938400185731,0.0,True,True
mp-1206559,LaO2,La,8.0,57.0,49.0,24.333333333333332,21.777777777777782,8.0,13.0,87.0,74.0,62.333333333333336,32.888888888888886,87.0,15.9994,138.90547,122.90607000000001,56.96809,54.62492,15.9994,54.8,1193.0,1138.2,434.2,505.8666666666666,54.8,3.0,16.0,13.0,11.666666666666666,5.777777777777779,16.0,2.0,6.0,4.0,3.3333333333333335,1.777777777777778,2.0,66.0,207.0,141.0,113.0,62.666666666666664,66.0,1.1,3.44,2.34,2.66,1.0399999999999998,3.44,2.0,2.0,0.0,2.0,0.0,2.0,0.0,4.0,4.0,2.6666666666666665,1.777777777777778,4.0,0.0,1.0,1.0,0.3333333333333333,0.4444444444444445,0.0,0.0,0.0,0.0,0.0,0.0,0.0,3.0,6.0,3.0,5.0,1.3333333333333333,6.0,0.0,0.0,0.0,0.0,0.0,0.0,0.0,2.0,2.0,1.3333333333333333,0.888888888888889,2.0,0.0,9.0,9.0,3.0,4.0,0.0,0.0,0.0,0.0,0.0,0.0,0.0,2.0,9.0,7.0,4.333333333333333,3.1111111111111107,2.0,9.105,36.8975,27.7925,18.36916666666667,12.352222222222224,9.105,0.0,0.0,0.0,0.0,0.0,0.0,0.0,0.0,0.0,0.0,0.0,0.0,12.0,194.0,182.0,72.66666666666667,80.8888888888889,12.0,0.1400334612499989,106.213197516999,5.343840954130625,0.0,False,True
mp-1206710,LaO,La,8.0,57.0,49.0,32.5,24.5,8.0,13.0,87.0,74.0,50.0,37.0,13.0,15.9994,138.90547,122.90607000000001,77.45243500000001,61.453035,15.9994,54.8,1193.0,1138.2,623.9,569.1,54.8,3.0,16.0,13.0,9.5,6.5,3.0,2.0,6.0,4.0,4.0,2.0,2.0,66.0,207.0,141.0,136.5,70.5,66.0,1.1,3.44,2.34,2.27,1.17,1.1,2.0,2.0,0.0,2.0,0.0,2.0,0.0,4.0,4.0,2.0,2.0,0.0,0.0,1.0,1.0,0.5,0.5,0.0,0.0,0.0,0.0,0.0,0.0,0.0,3.0,6.0,3.0,4.5,1.5,3.0,0.0,0.0,0.0,0.0,0.0,0.0,0.0,2.0,2.0,1.0,1.0,0.0,0.0,9.0,9.0,4.5,4.5,0.0,0.0,0.0,0.0,0.0,0.0,0.0,2.0,9.0,7.0,5.5,3.5,2.0,9.105,36.8975,27.7925,23.00125,13.89625,9.105,0.0,0.0,0.0,0.0,0.0,0.0,0.0,0.0,0.0,0.0,0.0,0.0,12.0,194.0,182.0,103.0,91.0,12.0,0.0256111212499998,33.99115179242404,7.5674278462756925,0.0,False,True
mp-1180635,La2O3,La,8.0,57.0,49.0,27.6,23.52,8.0,13.0,87.0,74.0,57.4,35.52,87.0,15.9994,138.90547,122.90607000000001,65.161828,58.9949136,15.9994,54.8,1193.0,1138.2,510.08000000000004,546.336,54.8,3.0,16.0,13.0,10.8,6.24,16.0,2.0,6.0,4.0,3.6,1.9200000000000004,2.0,66.0,207.0,141.0,122.4,67.67999999999999,66.0,1.1,3.44,2.34,2.504,1.1232,3.44,2.0,2.0,0.0,2.0,0.0,2.0,0.0,4.0,4.0,2.4,1.9200000000000004,4.0,0.0,1.0,1.0,0.4,0.4800000000000001,0.0,0.0,0.0,0.0,0.0,0.0,0.0,3.0,6.0,3.0,4.8,1.44,6.0,0.0,0.0,0.0,0.0,0.0,0.0,0.0,2.0,2.0,1.2,0.9600000000000002,2.0,0.0,9.0,9.0,3.6,4.32,0.0,0.0,0.0,0.0,0.0,0.0,0.0,2.0,9.0,7.0,4.8,3.3599999999999994,2.0,9.105,36.8975,27.7925,20.222,13.340399999999999,9.105,0.0,0.0,0.0,0.0,0.0,0.0,0.0,0.0,0.0,0.0,0.0,0.0,12.0,194.0,182.0,84.8,87.35999999999999,12.0,0.2356560484999992,115.60663530993467,4.679824860664666,0.0,False,True
mp-775757,HfO2,Hf,8.0,72.0,64.0,29.333333333333332,28.444444444444446,8.0,45.0,87.0,42.0,73.0,18.666666666666668,87.0,15.9994,178.49,162.4906,70.16293333333333,72.21804444444444,15.9994,54.8,2506.0,2451.2,871.8666666666667,1089.4222222222222,54.8,4.0,16.0,12.0,12.0,5.333333333333333,16.0,2.0,6.0,4.0,3.3333333333333335,1.777777777777778,2.0,66.0,175.0,109.0,102.33333333333333,48.444444444444436,66.0,1.3,3.44,2.1399999999999997,2.7266666666666666,0.9511111111111111,3.44,2.0,2.0,0.0,2.0,0.0,2.0,0.0,4.0,4.0,2.6666666666666665,1.777777777777778,4.0,0.0,2.0,2.0,0.6666666666666666,0.888888888888889,0.0,0.0,14.0,14.0,4.666666666666667,6.222222222222221,0.0,6.0,18.0,12.0,10.0,5.333333333333333,6.0,0.0,0.0,0.0,0.0,0.0,0.0,0.0,2.0,2.0,1.3333333333333333,0.888888888888889,2.0,0.0,8.0,8.0,2.6666666666666665,3.555555555555556,0.0,0.0,0.0,0.0,0.0,0.0,0.0,2.0,8.0,6.0,4.0,2.6666666666666665,2.0,9.105,22.2,13.094999999999999,13.469999999999999,5.819999999999999,9.105,0.0,0.0,0.0,0.0,0.0,0.0,0.0,0.0,0.0,0.0,0.0,0.0,12.0,194.0,182.0,72.66666666666667,80.8888888888889,12.0,0.0099286387500008,272.91790420316113,10.24556822655066,4.016500000000001,False,False
mp-2630414,TaO3,Ta,8.0,73.0,65.0,24.25,24.375,8.0,48.0,87.0,39.0,77.25,14.625,87.0,15.9994,180.94788,164.94848,57.23652,61.85567999999999,15.9994,54.8,3290.0,3235.2,863.6,1213.2,54.8,5.0,16.0,11.0,13.25,4.125,16.0,2.0,6.0,4.0,3.0,1.5,2.0,66.0,170.0,104.0,92.0,39.0,66.0,1.5,3.44,1.94,2.955,0.7274999999999999,3.44,2.0,2.0,0.0,2.0,0.0,2.0,0.0,4.0,4.0,3.0,1.5,4.0,0.0,3.0,3.0,0.75,1.125,0.0,0.0,14.0,14.0,3.5,5.25,0.0,6.0,19.0,13.0,9.25,4.875,6.0,0.0,0.0,0.0,0.0,0.0,0.0,0.0,2.0,2.0,1.5,0.75,2.0,0.0,7.0,7.0,1.75,2.625,0.0,0.0,0.0,0.0,0.0,0.0,0.0,2.0,7.0,5.0,3.25,1.875,2.0,9.105,18.12,9.015,11.35875,3.380625,9.105,0.0,0.0,0.0,0.0,0.0,0.0,0.0,0.0,0.0,0.0,0.0,0.0,12.0,229.0,217.0,66.25,81.375,12.0,0.1462951843749991,248.4613529066973,6.120451427451534,0.0,False,True
mp-510,TaO2,Ta,8.0,73.0,65.0,29.666666666666668,28.888888888888886,8.0,48.0,87.0,39.0,74.0,17.333333333333332,87.0,15.9994,180.94788,164.94848,70.98222666666666,73.31043555555556,15.9994,54.8,3290.0,3235.2,1133.2,1437.8666666666668,54.8,5.0,16.0,11.0,12.333333333333334,4.888888888888888,16.0,2.0,6.0,4.0,3.3333333333333335,1.777777777777778,2.0,66.0,170.0,104.0,100.66666666666667,46.22222222222223,66.0,1.5,3.44,1.94,2.793333333333333,0.8622222222222223,3.44,2.0,2.0,0.0,2.0,0.0,2.0,0.0,4.0,4.0,2.6666666666666665,1.777777777777778,4.0,0.0,3.0,3.0,1.0,1.3333333333333333,0.0,0.0,14.0,14.0,4.666666666666667,6.222222222222221,0.0,6.0,19.0,13.0,10.333333333333334,5.777777777777779,6.0,0.0,0.0,0.0,0.0,0.0,0.0,0.0,2.0,2.0,1.3333333333333333,0.888888888888889,2.0,0.0,7.0,7.0,2.3333333333333335,3.1111111111111107,0.0,0.0,0.0,0.0,0.0,0.0,0.0,2.0,7.0,5.0,3.6666666666666665,2.222222222222222,2.0,9.105,18.12,9.015,12.11,4.006666666666667,9.105,0.0,0.0,0.0,0.0,0.0,0.0,0.0,0.0,0.0,0.0,0.0,0.0,12.0,229.0,217.0,84.33333333333333,96.44444444444446,12.0,0.0687903720527778,575.4542332329144,9.831712377896322,0.4284000000000008,False,False
mp-684958,TaO10,Ta,8.0,73.0,65.0,13.909090909090908,10.74380165289256,8.0,48.0,87.0,39.0,83.45454545454545,6.446280991735538,87.0,15.9994,180.94788,164.94848,30.99471636363636,27.264211570247934,15.9994,54.8,3290.0,3235.2,348.90909090909093,534.7438016528926,54.8,5.0,16.0,11.0,15.0,1.8181818181818181,16.0,2.0,6.0,4.0,2.3636363636363638,0.6611570247933884,2.0,66.0,170.0,104.0,75.45454545454545,17.190082644628095,66.0,1.5,3.44,1.94,3.2636363636363637,0.3206611570247933,3.44,2.0,2.0,0.0,2.0,0.0,2.0,0.0,4.0,4.0,3.6363636363636362,0.6611570247933884,4.0,0.0,3.0,3.0,0.2727272727272727,0.4958677685950414,0.0,0.0,14.0,14.0,1.2727272727272727,2.3140495867768593,0.0,6.0,19.0,13.0,7.181818181818182,2.148760330578512,6.0,0.0,0.0,0.0,0.0,0.0,0.0,0.0,2.0,2.0,1.8181818181818181,0.3305785123966942,2.0,0.0,7.0,7.0,0.6363636363636364,1.1570247933884297,0.0,0.0,0.0,0.0,0.0,0.0,0.0,2.0,7.0,5.0,2.4545454545454546,0.8264462809917354,2.0,9.105,18.12,9.015,9.924545454545456,1.4900826446280997,9.105,0.0,0.0,0.0,0.0,0.0,0.0,0.0,0.0,0.0,0.0,0.0,0.0,12.0,229.0,217.0,31.727272727272727,35.86776859504132,12.0,0.4614654038636372,173.86025372199208,3.256335475480906,0.0,False,True
mp-1539317,Ta2O5,Ta,8.0,73.0,65.0,26.571428571428573,26.53061224489796,8.0,48.0,87.0,39.0,75.85714285714286,15.918367346938775,87.0,15.9994,180.94788,164.94848,63.12753714285714,67.32591020408164,15.9994,54.8,3290.0,3235.2,979.1428571428571,1320.4897959183675,54.8,5.0,16.0,11.0,12.857142857142858,4.489795918367347,16.0,2.0,6.0,4.0,3.142857142857143,1.6326530612244896,2.0,66.0,170.0,104.0,95.71428571428571,42.44897959183673,66.0,1.5,3.44,1.94,2.8857142857142857,0.7918367346938775,3.44,2.0,2.0,0.0,2.0,0.0,2.0,0.0,4.0,4.0,2.857142857142857,1.6326530612244896,4.0,0.0,3.0,3.0,0.8571428571428571,1.2244897959183674,0.0,0.0,14.0,14.0,4.0,5.714285714285714,0.0,6.0,19.0,13.0,9.714285714285714,5.3061224489795915,6.0,0.0,0.0,0.0,0.0,0.0,0.0,0.0,2.0,2.0,1.4285714285714286,0.8163265306122448,2.0,0.0,7.0,7.0,2.0,2.857142857142857,0.0,0.0,0.0,0.0,0.0,0.0,0.0,2.0,7.0,5.0,3.4285714285714284,2.0408163265306123,2.0,9.105,18.12,9.015,11.680714285714288,3.6795918367346947,9.105,0.0,0.0,0.0,0.0,0.0,0.0,0.0,0.0,0.0,0.0,0.0,0.0,12.0,229.0,217.0,74.0,88.57142857142857,12.0,0.0136054307142874,193.99668074320508,7.564873681773962,2.7649,False,False
mp-1079159,Ta2O3,Ta,8.0,73.0,65.0,34.0,31.2,8.0,48.0,87.0,39.0,71.4,18.72,87.0,15.9994,180.94788,164.94848,81.978792,79.1752704,15.9994,54.8,3290.0,3235.2,1348.8799999999999,1552.896,54.8,5.0,16.0,11.0,11.6,5.279999999999999,16.0,2.0,6.0,4.0,3.6,1.9200000000000004,2.0,66.0,170.0,104.0,107.6,49.92,66.0,1.5,3.44,1.94,2.664,0.9311999999999999,3.44,2.0,2.0,0.0,2.0,0.0,2.0,0.0,4.0,4.0,2.4,1.9200000000000004,4.0,0.0,3.0,3.0,1.2,1.44,0.0,0.0,14.0,14.0,5.6,6.719999999999999,0.0,6.0,19.0,13.0,11.2,6.24,6.0,0.0,0.0,0.0,0.0,0.0,0.0,0.0,2.0,2.0,1.2,0.9600000000000002,2.0,0.0,7.0,7.0,2.8,3.3599999999999994,0.0,0.0,0.0,0.0,0.0,0.0,0.0,2.0,7.0,5.0,4.0,2.4,2.0,9.105,18.12,9.015,12.711000000000002,4.3272,9.105,0.0,0.0,0.0,0.0,0.0,0.0,0.0,0.0,0.0,0.0,0.0,0.0,12.0,229.0,217.0,98.8,104.16,12.0,0.216161739426667,117.531009213496,11.582389009489992,0.0,False,True
mp-726074,Ta2O7,Ta,8.0,73.0,65.0,22.444444444444443,22.469135802469136,8.0,48.0,87.0,39.0,78.33333333333333,13.481481481481485,87.0,15.9994,180.94788,164.94848,52.65461777777778,57.019227654320986,15.9994,54.8,3290.0,3235.2,773.7333333333333,1118.3407407407406,54.8,5.0,16.0,11.0,13.555555555555555,3.80246913580247,16.0,2.0,6.0,4.0,2.888888888888889,1.382716049382716,2.0,66.0,170.0,104.0,89.11111111111111,35.95061728395061,66.0,1.5,3.44,1.94,3.0088888888888885,0.6706172839506175,3.44,2.0,2.0,0.0,2.0,0.0,2.0,0.0,4.0,4.0,3.111111111111111,1.382716049382716,4.0,0.0,3.0,3.0,0.6666666666666666,1.037037037037037,0.0,0.0,14.0,14.0,3.111111111111111,4.839506172839506,0.0,6.0,19.0,13.0,8.88888888888889,4.493827160493827,6.0,0.0,0.0,0.0,0.0,0.0,0.0,0.0,2.0,2.0,1.5555555555555556,0.691358024691358,2.0,0.0,7.0,7.0,1.5555555555555556,2.419753086419753,0.0,0.0,0.0,0.0,0.0,0.0,0.0,2.0,7.0,5.0,3.111111111111111,1.7283950617283952,2.0,9.105,18.12,9.015,11.108333333333333,3.1162962962962957,9.105,0.0,0.0,0.0,0.0,0.0,0.0,0.0,0.0,0.0,0.0,0.0,0.0,12.0,229.0,217.0,60.22222222222222,75.01234567901234,12.0,0.4992520205555557,303.7804099346293,5.180817617441381,0.0,False,True
mp-727194,Ta3O8,Ta,8.0,73.0,65.0,25.727272727272727,25.785123966942148,8.0,48.0,87.0,39.0,76.36363636363636,15.47107438016529,87.0,15.9994,180.94788,164.94848,60.98534909090909,65.43410776859504,15.9994,54.8,3290.0,3235.2,937.1272727272727,1283.3851239669423,54.8,5.0,16.0,11.0,13.0,4.363636363636363,16.0,2.0,6.0,4.0,3.090909090909091,1.586776859504132,2.0,66.0,170.0,104.0,94.36363636363636,41.256198347107436,66.0,1.5,3.44,1.94,2.9109090909090907,0.7695867768595043,3.44,2.0,2.0,0.0,2.0,0.0,2.0,0.0,4.0,4.0,2.909090909090909,1.586776859504132,4.0,0.0,3.0,3.0,0.8181818181818182,1.190082644628099,0.0,0.0,14.0,14.0,3.8181818181818183,5.553719008264463,0.0,6.0,19.0,13.0,9.545454545454545,5.1570247933884295,6.0,0.0,0.0,0.0,0.0,0.0,0.0,0.0,2.0,2.0,1.4545454545454546,0.793388429752066,2.0,0.0,7.0,7.0,1.9090909090909092,2.7768595041322315,0.0,0.0,0.0,0.0,0.0,0.0,0.0,2.0,7.0,5.0,3.3636363636363638,1.9834710743801656,2.0,9.105,18.12,9.015,11.563636363636364,3.5761983471074386,9.105,0.0,0.0,0.0,0.0,0.0,0.0,0.0,0.0,0.0,0.0,0.0,0.0,12.0,229.0,217.0,71.18181818181819,86.08264462809917,12.0,0.0396210463636368,608.2714305252761,7.325375132657547,0.0,False,True
mp-29727,Ta4O,Ta,8.0,73.0,65.0,60.0,20.8,73.0,48.0,87.0,39.0,55.8,12.479999999999999,48.0,15.9994,180.94788,164.94848,147.95818400000002,52.78351359999999,180.94788,54.8,3290.0,3235.2,2642.96,1035.264,3290.0,5.0,16.0,11.0,7.2,3.5200000000000005,5.0,2.0,6.0,4.0,5.2,1.2799999999999998,6.0,66.0,170.0,104.0,149.2,33.28000000000001,170.0,1.5,3.44,1.94,1.888,0.6207999999999999,1.5,2.0,2.0,0.0,2.0,0.0,2.0,0.0,4.0,4.0,0.8,1.28,0.0,0.0,3.0,3.0,2.4,0.9600000000000002,3.0,0.0,14.0,14.0,11.2,4.48,14.0,6.0,19.0,13.0,16.4,4.160000000000001,19.0,0.0,0.0,0.0,0.0,0.0,0.0,0.0,2.0,2.0,0.4,0.64,0.0,0.0,7.0,7.0,5.6,2.24,7.0,0.0,0.0,0.0,0.0,0.0,0.0,2.0,7.0,5.0,6.0,1.6,7.0,9.105,18.12,9.015,16.317,2.8848000000000007,18.12,0.0,0.0,0.0,0.0,0.0,0.0,0.0,0.0,0.0,0.0,0.0,0.0,12.0,229.0,217.0,185.6,69.44000000000001,229.0,0.2298205979199998,78.62264164617808,15.624655948608488,0.0,False,True
mp-1218065,Ta6O,Ta,8.0,73.0,65.0,63.714285714285715,15.918367346938775,73.0,48.0,87.0,39.0,53.57142857142857,9.551020408163264,48.0,15.9994,180.94788,164.94848,157.38381142857142,40.395546122448984,180.94788,54.8,3290.0,3235.2,2827.828571428571,792.2938775510205,3290.0,5.0,16.0,11.0,6.571428571428571,2.6938775510204076,5.0,2.0,6.0,4.0,5.428571428571429,0.9795918367346937,6.0,66.0,170.0,104.0,155.14285714285714,25.469387755102044,170.0,1.5,3.44,1.94,1.7771428571428571,0.4751020408163265,1.5,2.0,2.0,0.0,2.0,0.0,2.0,0.0,4.0,4.0,0.5714285714285714,0.979591836734694,0.0,0.0,3.0,3.0,2.5714285714285716,0.7346938775510203,3.0,0.0,14.0,14.0,12.0,3.4285714285714284,14.0,6.0,19.0,13.0,17.142857142857142,3.1836734693877555,19.0,0.0,0.0,0.0,0.0,0.0,0.0,0.0,2.0,2.0,0.2857142857142857,0.489795918367347,0.0,0.0,7.0,7.0,6.0,1.7142857142857142,7.0,0.0,0.0,0.0,0.0,0.0,0.0,2.0,7.0,5.0,6.285714285714286,1.2244897959183676,7.0,9.105,18.12,9.015,16.83214285714286,2.207755102040816,18.12,0.0,0.0,0.0,0.0,0.0,0.0,0.0,0.0,0.0,0.0,0.0,0.0,12.0,229.0,217.0,198.0,53.142857142857146,229.0,0.0312597542761903,231.7876400252598,15.785084775438426,0.0,False,True
mp-685006,Ta10O9,Ta,8.0,73.0,65.0,42.21052631578947,32.40997229916898,73.0,48.0,87.0,39.0,66.47368421052632,19.44598337950139,48.0,15.9994,180.94788,164.94848,102.8143894736842,82.24577950138504,180.94788,54.8,3290.0,3235.2,1757.536842105263,1613.1191135734073,3290.0,5.0,16.0,11.0,10.210526315789474,5.484764542936288,5.0,2.0,6.0,4.0,4.105263157894737,1.9944598337950137,6.0,66.0,170.0,104.0,120.73684210526316,51.85595567867036,170.0,1.5,3.44,1.94,2.4189473684210525,0.9673130193905817,1.5,2.0,2.0,0.0,2.0,0.0,2.0,0.0,4.0,4.0,1.894736842105263,1.9944598337950137,0.0,0.0,3.0,3.0,1.5789473684210527,1.4958448753462603,3.0,0.0,14.0,14.0,7.368421052631579,6.980609418282549,14.0,6.0,19.0,13.0,12.842105263157896,6.481994459833795,19.0,0.0,0.0,0.0,0.0,0.0,0.0,0.0,2.0,2.0,0.9473684210526315,0.9972299168975068,0.0,0.0,7.0,7.0,3.6842105263157894,3.4903047091412747,7.0,0.0,0.0,0.0,0.0,0.0,0.0,2.0,7.0,5.0,4.631578947368421,2.493074792243767,7.0,9.105,18.12,9.015,13.849736842105266,4.495013850415513,18.12,0.0,0.0,0.0,0.0,0.0,0.0,0.0,0.0,0.0,0.0,0.0,0.0,12.0,229.0,217.0,126.21052631578948,108.19944598337952,229.0,0.6652105345824566,231.1533085761011,14.033192606144524,0.0,False,True
mp-684943,Ta22O21,Ta,8.0,73.0,65.0,41.25581395348837,32.48242293131422,73.0,48.0,87.0,39.0,67.04651162790698,19.489453758788535,48.0,15.9994,180.94788,164.94848,100.39164558139535,82.42963521903732,180.94788,54.8,3290.0,3235.2,1710.0186046511628,1616.7251487290425,3290.0,5.0,16.0,11.0,10.372093023255815,5.497025419145484,5.0,2.0,6.0,4.0,4.046511627906977,1.9989183342347216,6.0,66.0,170.0,104.0,119.20930232558139,51.97187669010277,170.0,1.5,3.44,1.94,2.447441860465116,0.9694753921038398,1.5,2.0,2.0,0.0,2.0,0.0,2.0,0.0,4.0,4.0,1.9534883720930232,1.9989183342347216,0.0,0.0,3.0,3.0,1.5348837209302326,1.4991887506760413,3.0,0.0,14.0,14.0,7.162790697674419,6.996214169821526,14.0,6.0,19.0,13.0,12.651162790697674,6.496484586262846,19.0,0.0,0.0,0.0,0.0,0.0,0.0,0.0,2.0,2.0,0.9767441860465116,0.9994591671173608,0.0,0.0,7.0,7.0,3.5813953488372094,3.498107084910763,7.0,0.0,0.0,0.0,0.0,0.0,0.0,2.0,7.0,5.0,4.558139534883721,2.498647917793402,7.0,9.105,18.12,9.015,13.71732558139535,4.5050621957815045,18.12,0.0,0.0,0.0,0.0,0.0,0.0,0.0,0.0,0.0,0.0,0.0,0.0,12.0,229.0,217.0,123.02325581395348,108.44131963223363,229.0,0.563254326424806,654.602092843171,10.950595506274489,0.0,False,True
mp-1524394,WO2,W,8.0,74.0,66.0,30.0,29.333333333333332,8.0,51.0,87.0,36.0,75.0,16.0,87.0,15.9994,183.84,167.8406,71.94626666666666,74.59582222222222,15.9994,54.8,3695.0,3640.2,1268.2,1617.8666666666668,54.8,6.0,16.0,10.0,12.666666666666666,4.444444444444445,16.0,2.0,6.0,4.0,3.3333333333333335,1.777777777777778,2.0,66.0,162.0,96.0,98.0,42.666666666666664,66.0,2.36,3.44,1.08,3.08,0.48,3.44,2.0,2.0,0.0,2.0,0.0,2.0,0.0,4.0,4.0,2.6666666666666665,1.777777777777778,4.0,0.0,4.0,4.0,1.3333333333333333,1.777777777777778,0.0,0.0,14.0,14.0,4.666666666666667,6.222222222222221,0.0,6.0,20.0,14.0,10.666666666666666,6.222222222222221,6.0,0.0,0.0,0.0,0.0,0.0,0.0,0.0,2.0,2.0,1.3333333333333333,0.888888888888889,2.0,0.0,6.0,6.0,2.0,2.6666666666666665,0.0,0.0,0.0,0.0,0.0,0.0,0.0,2.0,6.0,4.0,3.3333333333333335,1.777777777777778,2.0,9.105,16.05,6.945,11.420000000000002,3.0866666666666673,9.105,0.0,0.0,0.0,0.0,0.0,0.0,0.0,0.0,0.0,0.0,0.0,0.0,12.0,229.0,217.0,84.33333333333333,96.44444444444446,12.0,0.0,134.17829845535863,10.684552244729897,0.0,True,True
mp-2235359,WO3,W,8.0,74.0,66.0,24.5,24.75,8.0,51.0,87.0,36.0,78.0,13.5,87.0,15.9994,183.84,167.8406,57.95955,62.940225,15.9994,54.8,3695.0,3640.2,964.85,1365.075,54.8,6.0,16.0,10.0,13.5,3.75,16.0,2.0,6.0,4.0,3.0,1.5,2.0,66.0,162.0,96.0,90.0,36.0,66.0,2.36,3.44,1.08,3.17,0.405,3.44,2.0,2.0,0.0,2.0,0.0,2.0,0.0,4.0,4.0,3.0,1.5,4.0,0.0,4.0,4.0,1.0,1.5,0.0,0.0,14.0,14.0,3.5,5.25,0.0,6.0,20.0,14.0,9.5,5.25,6.0,0.0,0.0,0.0,0.0,0.0,0.0,0.0,2.0,2.0,1.5,0.75,2.0,0.0,6.0,6.0,1.5,2.25,0.0,0.0,0.0,0.0,0.0,0.0,0.0,2.0,6.0,4.0,3.0,1.5,2.0,9.105,16.05,6.945,10.84125,2.604375,9.105,0.0,0.0,0.0,0.0,0.0,0.0,0.0,0.0,0.0,0.0,0.0,0.0,12.0,229.0,217.0,66.25,81.375,12.0,0.0063694371874998,231.3076291201412,6.6573919802382635,1.3106,False,False
mp-796339,WO5,W,8.0,74.0,66.0,19.0,18.333333333333332,8.0,51.0,87.0,36.0,81.0,10.0,87.0,15.9994,183.84,167.8406,43.972833333333334,46.622388888888885,15.9994,54.8,3695.0,3640.2,661.5,1011.1666666666666,54.8,6.0,16.0,10.0,14.333333333333334,2.7777777777777772,16.0,2.0,6.0,4.0,2.6666666666666665,1.111111111111111,2.0,66.0,162.0,96.0,82.0,26.666666666666668,66.0,2.36,3.44,1.08,3.26,0.3000000000000001,3.44,2.0,2.0,0.0,2.0,0.0,2.0,0.0,4.0,4.0,3.3333333333333335,1.111111111111111,4.0,0.0,4.0,4.0,0.6666666666666666,1.111111111111111,0.0,0.0,14.0,14.0,2.3333333333333335,3.8888888888888893,0.0,6.0,20.0,14.0,8.333333333333334,3.8888888888888893,6.0,0.0,0.0,0.0,0.0,0.0,0.0,0.0,2.0,2.0,1.6666666666666667,0.5555555555555555,2.0,0.0,6.0,6.0,1.0,1.6666666666666667,0.0,0.0,0.0,0.0,0.0,0.0,0.0,2.0,6.0,4.0,2.6666666666666665,1.111111111111111,2.0,9.105,16.05,6.945,10.262500000000001,1.9291666666666671,9.105,0.0,0.0,0.0,0.0,0.0,0.0,0.0,0.0,0.0,0.0,0.0,0.0,12.0,229.0,217.0,48.166666666666664,60.27777777777777,12.0,0.7958218847916649,391.0026157278427,4.4819305928284985,0.5680999999999999,False,False
mp-1201934,WO4,W,8.0,74.0,66.0,21.2,21.119999999999997,8.0,51.0,87.0,36.0,79.8,11.520000000000001,87.0,15.9994,183.84,167.8406,49.56752,53.708992,15.9994,54.8,3695.0,3640.2,782.8399999999999,1164.864,54.8,6.0,16.0,10.0,14.0,3.2,16.0,2.0,6.0,4.0,2.8,1.2799999999999998,2.0,66.0,162.0,96.0,85.2,30.720000000000006,66.0,2.36,3.44,1.08,3.224,0.34559999999999985,3.44,2.0,2.0,0.0,2.0,0.0,2.0,0.0,4.0,4.0,3.2,1.2799999999999998,4.0,0.0,4.0,4.0,0.8,1.28,0.0,0.0,14.0,14.0,2.8,4.4799999999999995,0.0,6.0,20.0,14.0,8.8,4.48,6.0,0.0,0.0,0.0,0.0,0.0,0.0,0.0,2.0,2.0,1.6,0.6399999999999999,2.0,0.0,6.0,6.0,1.2,1.92,0.0,0.0,0.0,0.0,0.0,0.0,0.0,2.0,6.0,4.0,2.8,1.2799999999999998,2.0,9.105,16.05,6.945,10.494,2.2223999999999995,9.105,0.0,0.0,0.0,0.0,0.0,0.0,0.0,0.0,0.0,0.0,0.0,0.0,12.0,229.0,217.0,55.4,69.44,12.0,0.5246057385,652.6580681625089,5.0445283694235385,0.0,False,True
mp-560362,W8O21,W,8.0,74.0,66.0,26.20689655172414,26.36860879904875,8.0,51.0,87.0,36.0,77.06896551724138,14.382877526753862,87.0,15.9994,183.84,167.8406,62.30025517241379,67.05641093935792,15.9994,54.8,3695.0,3640.2,1058.9931034482759,1454.3486325802614,54.8,6.0,16.0,10.0,13.241379310344827,3.995243757431629,16.0,2.0,6.0,4.0,3.103448275862069,1.5980975029726516,2.0,66.0,162.0,96.0,92.48275862068965,38.35434007134364,66.0,2.36,3.44,1.08,3.142068965517241,0.4314863258026161,3.44,2.0,2.0,0.0,2.0,0.0,2.0,0.0,4.0,4.0,2.896551724137931,1.5980975029726516,4.0,0.0,4.0,4.0,1.103448275862069,1.5980975029726516,0.0,0.0,14.0,14.0,3.8620689655172415,5.59334126040428,0.0,6.0,20.0,14.0,9.862068965517242,5.59334126040428,6.0,0.0,0.0,0.0,0.0,0.0,0.0,0.0,2.0,2.0,1.4482758620689655,0.7990487514863258,2.0,0.0,6.0,6.0,1.6551724137931034,2.3971462544589777,0.0,0.0,0.0,0.0,0.0,0.0,0.0,2.0,6.0,4.0,3.103448275862069,1.5980975029726516,2.0,9.105,16.05,6.945,11.020862068965517,2.7746967895362658,9.105,0.0,0.0,0.0,0.0,0.0,0.0,0.0,0.0,0.0,0.0,0.0,0.0,12.0,229.0,217.0,71.86206896551724,86.69678953626635,12.0,0.007278122198274,1558.96841368676,7.697675456328208,0.0,False,True
mp-1342882,W9O13,W,8.0,74.0,66.0,35.0,31.90909090909091,8.0,51.0,87.0,36.0,72.27272727272727,17.40495867768595,87.0,15.9994,183.84,167.8406,84.66146363636364,81.14607520661157,15.9994,54.8,3695.0,3640.2,1543.9727272727273,1759.9314049586776,54.8,6.0,16.0,10.0,11.909090909090908,4.834710743801653,16.0,2.0,6.0,4.0,3.6363636363636362,1.9338842975206612,2.0,66.0,162.0,96.0,105.27272727272727,46.413223140495866,66.0,2.36,3.44,1.08,2.998181818181818,0.5221487603305786,3.44,2.0,2.0,0.0,2.0,0.0,2.0,0.0,4.0,4.0,2.3636363636363638,1.9338842975206612,4.0,0.0,4.0,4.0,1.6363636363636365,1.9338842975206612,0.0,0.0,14.0,14.0,5.7272727272727275,6.768595041322315,0.0,6.0,20.0,14.0,11.727272727272727,6.768595041322314,6.0,0.0,0.0,0.0,0.0,0.0,0.0,0.0,2.0,2.0,1.1818181818181819,0.9669421487603306,2.0,0.0,6.0,6.0,2.4545454545454546,2.9008264462809916,0.0,0.0,0.0,0.0,0.0,0.0,0.0,2.0,6.0,4.0,3.6363636363636362,1.9338842975206612,2.0,9.105,16.05,6.945,11.946136363636366,3.357706611570248,9.105,0.0,0.0,0.0,0.0,0.0,0.0,0.0,0.0,0.0,0.0,0.0,0.0,12.0,229.0,217.0,100.77272727272727,104.91322314049586,12.0,0.7694495692045464,378.510303020468,8.171087210367563,0.0,False,True
mp-27732,W10O29,W,8.0,74.0,66.0,24.923076923076923,25.167652859960555,8.0,51.0,87.0,36.0,77.76923076923077,13.727810650887571,87.0,15.9994,183.84,167.8406,59.03545128205128,64.00233267587114,15.9994,54.8,3695.0,3640.2,988.1846153846153,1388.1104536489152,54.8,6.0,16.0,10.0,13.435897435897436,3.8132807363576595,16.0,2.0,6.0,4.0,3.0256410256410255,1.5253122945430637,2.0,66.0,162.0,96.0,90.61538461538461,36.607495069033526,66.0,2.36,3.44,1.08,3.163076923076923,0.4118343195266272,3.44,2.0,2.0,0.0,2.0,0.0,2.0,0.0,4.0,4.0,2.9743589743589745,1.5253122945430637,4.0,0.0,4.0,4.0,1.0256410256410255,1.5253122945430637,0.0,0.0,14.0,14.0,3.58974358974359,5.338593030900723,0.0,6.0,20.0,14.0,9.58974358974359,5.338593030900722,6.0,0.0,0.0,0.0,0.0,0.0,0.0,0.0,2.0,2.0,1.4871794871794872,0.7626561472715319,2.0,0.0,6.0,6.0,1.5384615384615385,2.2879684418145954,0.0,0.0,0.0,0.0,0.0,0.0,0.0,2.0,6.0,4.0,3.0256410256410255,1.5253122945430637,2.0,9.105,16.05,6.945,10.885769230769231,2.6483234714003947,9.105,0.0,0.0,0.0,0.0,0.0,0.0,0.0,0.0,0.0,0.0,0.0,0.0,12.0,229.0,217.0,67.64102564102564,82.74819197896122,12.0,0.01299797246795,1131.328462186436,6.758773224025136,0.0,False,True
mp-1179615,W17O47,W,8.0,74.0,66.0,25.53125,25.7490234375,8.0,51.0,87.0,36.0,77.4375,14.044921875,87.0,15.9994,183.84,167.8406,60.582059375,65.48078095703124,15.9994,54.8,3695.0,3640.2,1021.728125,1420.17568359375,54.8,6.0,16.0,10.0,13.34375,3.9013671875,16.0,2.0,6.0,4.0,3.0625,1.560546875,2.0,66.0,162.0,96.0,91.5,37.453125,66.0,2.36,3.44,1.08,3.153125,0.4213476562499999,3.44,2.0,2.0,0.0,2.0,0.0,2.0,0.0,4.0,4.0,2.9375,1.560546875,4.0,0.0,4.0,4.0,1.0625,1.560546875,0.0,0.0,14.0,14.0,3.71875,5.4619140625,0.0,6.0,20.0,14.0,9.71875,5.4619140625,6.0,0.0,0.0,0.0,0.0,0.0,0.0,0.0,2.0,2.0,1.46875,0.7802734375,2.0,0.0,6.0,6.0,1.59375,2.3408203125,0.0,0.0,0.0,0.0,0.0,0.0,0.0,2.0,6.0,4.0,3.0625,1.560546875,2.0,9.105,16.05,6.945,10.949765625000001,2.70949951171875,9.105,0.0,0.0,0.0,0.0,0.0,0.0,0.0,0.0,0.0,0.0,0.0,0.0,12.0,229.0,217.0,69.640625,84.65966796875,12.0,0.8725711921289072,1029.708423082772,6.252573980763537,0.0,False,True
mp-907,W18O49,W,8.0,74.0,66.0,25.73134328358209,25.93539763867231,8.0,51.0,87.0,36.0,77.32835820895522,14.146580530184897,87.0,15.9994,183.84,167.8406,61.09090447761194,65.95473789262643,15.9994,54.8,3695.0,3640.2,1032.7641791044775,1430.4550679438628,54.8,6.0,16.0,10.0,13.313432835820896,3.9296057028291376,16.0,2.0,6.0,4.0,3.074626865671642,1.571842281131655,2.0,66.0,162.0,96.0,91.7910447761194,37.72421474715972,66.0,2.36,3.44,1.08,3.1498507462686565,0.424397415905547,3.44,2.0,2.0,0.0,2.0,0.0,2.0,0.0,4.0,4.0,2.925373134328358,1.571842281131655,4.0,0.0,4.0,4.0,1.0746268656716418,1.571842281131655,0.0,0.0,14.0,14.0,3.7611940298507465,5.5014479839607935,0.0,6.0,20.0,14.0,9.761194029850746,5.501447983960793,6.0,0.0,0.0,0.0,0.0,0.0,0.0,0.0,2.0,2.0,1.462686567164179,0.7859211405658275,2.0,0.0,6.0,6.0,1.6119402985074627,2.3577634216974825,0.0,0.0,0.0,0.0,0.0,0.0,0.0,2.0,6.0,4.0,3.074626865671642,1.571842281131655,2.0,9.105,16.05,6.945,10.970820895522388,2.729111160614836,9.105,0.0,0.0,0.0,0.0,0.0,0.0,0.0,0.0,0.0,0.0,0.0,0.0,12.0,229.0,217.0,70.29850746268657,85.2724437513923,12.0,0.0030684913619403,943.2129869625792,7.205940702551898,0.0,False,True
mp-649605,W25O73,W,8.0,74.0,66.0,24.836734693877553,25.083298625572677,8.0,51.0,87.0,36.0,77.81632653061224,13.68179925031237,87.0,15.9994,183.84,167.8406,58.81587959183674,63.78781653477718,15.9994,54.8,3695.0,3640.2,983.4224489795918,1383.457934194086,54.8,6.0,16.0,10.0,13.448979591836734,3.800499791753436,16.0,2.0,6.0,4.0,3.020408163265306,1.5201999167013744,2.0,66.0,162.0,96.0,90.48979591836735,36.48479800083299,66.0,2.36,3.44,1.08,3.1644897959183673,0.4104539775093712,3.44,2.0,2.0,0.0,2.0,0.0,2.0,0.0,4.0,4.0,2.979591836734694,1.5201999167013744,4.0,0.0,4.0,4.0,1.0204081632653061,1.5201999167013744,0.0,0.0,14.0,14.0,3.5714285714285716,5.320699708454811,0.0,6.0,20.0,14.0,9.571428571428571,5.320699708454811,6.0,0.0,0.0,0.0,0.0,0.0,0.0,0.0,2.0,2.0,1.489795918367347,0.7600999583506872,2.0,0.0,6.0,6.0,1.530612244897959,2.2802998750520618,0.0,0.0,0.0,0.0,0.0,0.0,0.0,2.0,6.0,4.0,3.020408163265306,1.5201999167013744,2.0,9.105,16.05,6.945,10.876683673469387,2.6394471053727613,9.105,0.0,0.0,0.0,0.0,0.0,0.0,0.0,0.0,0.0,0.0,0.0,0.0,12.0,229.0,217.0,67.35714285714286,82.47084548104957,12.0,0.0121320874872452,2839.331305876413,6.741921551623442,0.0,False,True
mp-825919,W2O7,W,8.0,74.0,66.0,22.666666666666668,22.814814814814813,8.0,51.0,87.0,36.0,79.0,12.444444444444445,87.0,15.9994,183.84,167.8406,53.29731111111111,58.018972839506176,15.9994,54.8,3695.0,3640.2,863.7333333333333,1258.3407407407406,54.8,6.0,16.0,10.0,13.777777777777779,3.4567901234567895,16.0,2.0,6.0,4.0,2.888888888888889,1.382716049382716,2.0,66.0,162.0,96.0,87.33333333333333,33.18518518518518,66.0,2.36,3.44,1.08,3.1999999999999997,0.37333333333333346,3.44,2.0,2.0,0.0,2.0,0.0,2.0,0.0,4.0,4.0,3.111111111111111,1.382716049382716,4.0,0.0,4.0,4.0,0.8888888888888888,1.382716049382716,0.0,0.0,14.0,14.0,3.111111111111111,4.839506172839506,0.0,6.0,20.0,14.0,9.11111111111111,4.839506172839506,6.0,0.0,0.0,0.0,0.0,0.0,0.0,0.0,2.0,2.0,1.5555555555555556,0.691358024691358,2.0,0.0,6.0,6.0,1.3333333333333333,2.074074074074074,0.0,0.0,0.0,0.0,0.0,0.0,0.0,2.0,6.0,4.0,2.888888888888889,1.382716049382716,2.0,9.105,16.05,6.945,10.648333333333333,2.4007407407407406,9.105,0.0,0.0,0.0,0.0,0.0,0.0,0.0,0.0,0.0,0.0,0.0,0.0,12.0,229.0,217.0,60.22222222222222,75.01234567901234,12.0,0.5795152936111112,265.2764069830087,6.005211057962452,0.0,False,True
mp-1043494,W2O5,W,8.0,74.0,66.0,26.857142857142858,26.938775510204078,8.0,51.0,87.0,36.0,76.71428571428571,14.69387755102041,87.0,15.9994,183.84,167.8406,63.953857142857146,68.50636734693877,15.9994,54.8,3695.0,3640.2,1094.857142857143,1485.7959183673468,54.8,6.0,16.0,10.0,13.142857142857142,4.081632653061225,16.0,2.0,6.0,4.0,3.142857142857143,1.6326530612244896,2.0,66.0,162.0,96.0,93.42857142857143,39.18367346938776,66.0,2.36,3.44,1.08,3.1314285714285712,0.4408163265306123,3.44,2.0,2.0,0.0,2.0,0.0,2.0,0.0,4.0,4.0,2.857142857142857,1.6326530612244896,4.0,0.0,4.0,4.0,1.1428571428571428,1.6326530612244896,0.0,0.0,14.0,14.0,4.0,5.714285714285714,0.0,6.0,20.0,14.0,10.0,5.714285714285714,6.0,0.0,0.0,0.0,0.0,0.0,0.0,0.0,2.0,2.0,1.4285714285714286,0.8163265306122448,2.0,0.0,6.0,6.0,1.7142857142857142,2.4489795918367347,0.0,0.0,0.0,0.0,0.0,0.0,0.0,2.0,6.0,4.0,3.142857142857143,1.6326530612244896,2.0,9.105,16.05,6.945,11.089285714285714,2.8346938775510204,9.105,0.0,0.0,0.0,0.0,0.0,0.0,0.0,0.0,0.0,0.0,0.0,0.0,12.0,229.0,217.0,74.0,88.57142857142857,12.0,0.2607472073214296,272.67780475855386,5.452480075634604,2.3903000000000003,False,False
mp-1372094,W2O3,W,8.0,74.0,66.0,34.4,31.679999999999996,8.0,51.0,87.0,36.0,72.6,17.28,87.0,15.9994,183.84,167.8406,83.13564,80.563488,15.9994,54.8,3695.0,3640.2,1510.8799999999999,1747.2959999999998,54.8,6.0,16.0,10.0,12.0,4.8,16.0,2.0,6.0,4.0,3.6,1.9200000000000004,2.0,66.0,162.0,96.0,104.4,46.08,66.0,2.36,3.44,1.08,3.008,0.5184,3.44,2.0,2.0,0.0,2.0,0.0,2.0,0.0,4.0,4.0,2.4,1.9200000000000004,4.0,0.0,4.0,4.0,1.6,1.9200000000000004,0.0,0.0,14.0,14.0,5.6,6.719999999999999,0.0,6.0,20.0,14.0,11.6,6.719999999999999,6.0,0.0,0.0,0.0,0.0,0.0,0.0,0.0,2.0,2.0,1.2,0.9600000000000002,2.0,0.0,6.0,6.0,2.4,2.88,0.0,0.0,0.0,0.0,0.0,0.0,0.0,2.0,6.0,4.0,3.6,1.9200000000000004,2.0,9.105,16.05,6.945,11.883000000000001,3.3335999999999997,9.105,0.0,0.0,0.0,0.0,0.0,0.0,0.0,0.0,0.0,0.0,0.0,0.0,12.0,229.0,217.0,98.8,104.16,12.0,0.8733193005000022,268.80309098144886,10.271457648468456,0.2056999999999993,False,False
mp-826017,W3O10,W,8.0,74.0,66.0,23.23076923076923,23.431952662721894,8.0,51.0,87.0,36.0,78.6923076923077,12.781065088757394,87.0,15.9994,183.84,167.8406,54.731846153846156,59.588378698224844,15.9994,54.8,3695.0,3640.2,894.8461538461538,1292.378698224852,54.8,6.0,16.0,10.0,13.692307692307692,3.550295857988166,16.0,2.0,6.0,4.0,2.923076923076923,1.4201183431952662,2.0,66.0,162.0,96.0,88.15384615384616,34.082840236686394,66.0,2.36,3.44,1.08,3.1907692307692304,0.3834319526627221,3.44,2.0,2.0,0.0,2.0,0.0,2.0,0.0,4.0,4.0,3.076923076923077,1.4201183431952662,4.0,0.0,4.0,4.0,0.9230769230769231,1.4201183431952662,0.0,0.0,14.0,14.0,3.230769230769231,4.970414201183432,0.0,6.0,20.0,14.0,9.23076923076923,4.970414201183432,6.0,0.0,0.0,0.0,0.0,0.0,0.0,0.0,2.0,2.0,1.5384615384615385,0.7100591715976331,2.0,0.0,6.0,6.0,1.3846153846153846,2.1301775147928996,0.0,0.0,0.0,0.0,0.0,0.0,0.0,2.0,6.0,4.0,2.923076923076923,1.4201183431952662,2.0,9.105,16.05,6.945,10.707692307692309,2.4656804733727813,9.105,0.0,0.0,0.0,0.0,0.0,0.0,0.0,0.0,0.0,0.0,0.0,0.0,12.0,229.0,217.0,62.07692307692308,77.0414201183432,12.0,0.1832611860576918,188.31477645152555,6.274052505846113,0.1666,False,False
mp-1041679,W3O8,W,8.0,74.0,66.0,26.0,26.181818181818183,8.0,51.0,87.0,36.0,77.18181818181819,14.280991735537187,87.0,15.9994,183.84,167.8406,61.774109090909086,66.58139504132231,15.9994,54.8,3695.0,3640.2,1047.581818181818,1444.0462809917356,54.8,6.0,16.0,10.0,13.272727272727273,3.9669421487603302,16.0,2.0,6.0,4.0,3.090909090909091,1.586776859504132,2.0,66.0,162.0,96.0,92.18181818181819,38.082644628099175,66.0,2.36,3.44,1.08,3.1454545454545455,0.4284297520661157,3.44,2.0,2.0,0.0,2.0,0.0,2.0,0.0,4.0,4.0,2.909090909090909,1.586776859504132,4.0,0.0,4.0,4.0,1.0909090909090908,1.586776859504132,0.0,0.0,14.0,14.0,3.8181818181818183,5.553719008264463,0.0,6.0,20.0,14.0,9.818181818181818,5.553719008264463,6.0,0.0,0.0,0.0,0.0,0.0,0.0,0.0,2.0,2.0,1.4545454545454546,0.793388429752066,2.0,0.0,6.0,6.0,1.6363636363636365,2.380165289256198,0.0,0.0,0.0,0.0,0.0,0.0,0.0,2.0,6.0,4.0,3.090909090909091,1.586776859504132,2.0,9.105,16.05,6.945,10.99909090909091,2.75504132231405,9.105,0.0,0.0,0.0,0.0,0.0,0.0,0.0,0.0,0.0,0.0,0.0,0.0,12.0,229.0,217.0,71.18181818181819,86.08264462809917,12.0,0.1480778852272735,177.39860831387935,6.360599715238613,2.4721,False,False
mp-1044534,W3O7,W,8.0,74.0,66.0,27.8,27.720000000000006,8.0,51.0,87.0,36.0,76.2,15.12,87.0,15.9994,183.84,167.8406,66.35158,70.493052,15.9994,54.8,3695.0,3640.2,1146.8600000000001,1528.884,54.8,6.0,16.0,10.0,13.0,4.2,16.0,2.0,6.0,4.0,3.2,1.6800000000000002,2.0,66.0,162.0,96.0,94.8,40.32,66.0,2.36,3.44,1.08,3.1159999999999997,0.4536000000000001,3.44,2.0,2.0,0.0,2.0,0.0,2.0,0.0,4.0,4.0,2.8,1.6800000000000002,4.0,0.0,4.0,4.0,1.2,1.6799999999999997,0.0,0.0,14.0,14.0,4.2,5.880000000000001,0.0,6.0,20.0,14.0,10.2,5.88,6.0,0.0,0.0,0.0,0.0,0.0,0.0,0.0,2.0,2.0,1.4,0.8400000000000001,2.0,0.0,6.0,6.0,1.8,2.5200000000000005,0.0,0.0,0.0,0.0,0.0,0.0,0.0,2.0,6.0,4.0,3.2,1.6800000000000002,2.0,9.105,16.05,6.945,11.188500000000001,2.9169000000000005,9.105,0.0,0.0,0.0,0.0,0.0,0.0,0.0,0.0,0.0,0.0,0.0,0.0,12.0,229.0,217.0,77.1,91.14,12.0,0.0988654056250002,285.68852959887465,7.713252683212023,0.0,False,True
mp-1048022,W4O9,W,8.0,74.0,66.0,28.307692307692307,28.118343195266274,8.0,51.0,87.0,36.0,75.92307692307692,15.337278106508878,87.0,15.9994,183.84,167.8406,67.64266153846154,71.50605443786982,15.9994,54.8,3695.0,3640.2,1174.8615384615384,1550.8544378698223,54.8,6.0,16.0,10.0,12.923076923076923,4.260355029585799,16.0,2.0,6.0,4.0,3.230769230769231,1.7041420118343196,2.0,66.0,162.0,96.0,95.53846153846153,40.899408284023664,66.0,2.36,3.44,1.08,3.1076923076923078,0.46011834319526623,3.44,2.0,2.0,0.0,2.0,0.0,2.0,0.0,4.0,4.0,2.769230769230769,1.7041420118343196,4.0,0.0,4.0,4.0,1.2307692307692308,1.7041420118343196,0.0,0.0,14.0,14.0,4.3076923076923075,5.964497041420119,0.0,6.0,20.0,14.0,10.307692307692308,5.964497041420119,6.0,0.0,0.0,0.0,0.0,0.0,0.0,0.0,2.0,2.0,1.3846153846153846,0.8520710059171598,2.0,0.0,6.0,6.0,1.8461538461538463,2.556213017751479,0.0,0.0,0.0,0.0,0.0,0.0,0.0,2.0,6.0,4.0,3.230769230769231,1.7041420118343196,2.0,9.105,16.05,6.945,11.241923076923078,2.9588165680473373,9.105,0.0,0.0,0.0,0.0,0.0,0.0,0.0,0.0,0.0,0.0,0.0,0.0,12.0,229.0,217.0,78.76923076923077,92.44970414201183,12.0,0.1622479320192305,181.82073457254657,8.031001921576205,0.0,False,True
mp-1345171,W5O7,W,8.0,74.0,66.0,35.5,32.083333333333336,8.0,51.0,87.0,36.0,72.0,17.5,87.0,15.9994,183.84,167.8406,85.93298333333333,81.58918055555556,15.9994,54.8,3695.0,3640.2,1571.55,1769.5416666666667,54.8,6.0,16.0,10.0,11.833333333333334,4.861111111111112,16.0,2.0,6.0,4.0,3.6666666666666665,1.9444444444444446,2.0,66.0,162.0,96.0,106.0,46.666666666666664,66.0,2.36,3.44,1.08,2.9899999999999998,0.525,3.44,2.0,2.0,0.0,2.0,0.0,2.0,0.0,4.0,4.0,2.3333333333333335,1.9444444444444446,4.0,0.0,4.0,4.0,1.6666666666666667,1.9444444444444444,0.0,0.0,14.0,14.0,5.833333333333333,6.805555555555556,0.0,6.0,20.0,14.0,11.833333333333334,6.8055555555555545,6.0,0.0,0.0,0.0,0.0,0.0,0.0,0.0,2.0,2.0,1.1666666666666667,0.9722222222222223,2.0,0.0,6.0,6.0,2.5,2.9166666666666665,0.0,0.0,0.0,0.0,0.0,0.0,0.0,2.0,6.0,4.0,3.6666666666666665,1.9444444444444446,2.0,9.105,16.05,6.945,11.998750000000001,3.376041666666667,9.105,0.0,0.0,0.0,0.0,0.0,0.0,0.0,0.0,0.0,0.0,0.0,0.0,12.0,229.0,217.0,102.41666666666667,105.48611111111113,12.0,0.8545948347916674,358.94072015541,9.541079166859776,0.0,False,True
mp-705284,W5O14,W,8.0,74.0,66.0,25.36842105263158,25.595567867036014,8.0,51.0,87.0,36.0,77.52631578947368,13.961218836565099,87.0,15.9994,183.84,167.8406,60.167978947368425,65.09053739612189,15.9994,54.8,3695.0,3640.2,1012.7473684210527,1411.7119113573408,54.8,6.0,16.0,10.0,13.368421052631579,3.878116343490304,16.0,2.0,6.0,4.0,3.0526315789473686,1.551246537396122,2.0,66.0,162.0,96.0,91.26315789473684,37.229916897506925,66.0,2.36,3.44,1.08,3.15578947368421,0.41883656509695316,3.44,2.0,2.0,0.0,2.0,0.0,2.0,0.0,4.0,4.0,2.9473684210526314,1.551246537396122,4.0,0.0,4.0,4.0,1.0526315789473684,1.551246537396122,0.0,0.0,14.0,14.0,3.6842105263157894,5.429362880886427,0.0,6.0,20.0,14.0,9.68421052631579,5.429362880886427,6.0,0.0,0.0,0.0,0.0,0.0,0.0,0.0,2.0,2.0,1.4736842105263157,0.775623268698061,2.0,0.0,6.0,6.0,1.5789473684210527,2.3268698060941824,0.0,0.0,0.0,0.0,0.0,0.0,0.0,2.0,6.0,4.0,3.0526315789473686,1.551246537396122,2.0,9.105,16.05,6.945,10.932631578947369,2.6933518005540167,9.105,0.0,0.0,0.0,0.0,0.0,0.0,0.0,0.0,0.0,0.0,0.0,0.0,12.0,229.0,217.0,69.10526315789474,84.1551246537396,12.0,0.7710467560526322,2879.104578075332,5.274735289623078,0.0,False,True
mp-2024705,ReO3,Re,8.0,75.0,67.0,24.75,25.125,8.0,54.0,87.0,33.0,78.75,12.375,87.0,15.9994,186.207,170.20759999999999,58.5513,63.82785,15.9994,54.8,3459.0,3404.2,905.85,1276.575,54.8,7.0,16.0,9.0,13.75,3.375,16.0,2.0,6.0,4.0,3.0,1.5,2.0,66.0,151.0,85.0,87.25,31.875,66.0,1.9,3.44,1.54,3.055,0.5774999999999999,3.44,2.0,2.0,0.0,2.0,0.0,2.0,0.0,4.0,4.0,3.0,1.5,4.0,0.0,5.0,5.0,1.25,1.875,0.0,0.0,14.0,14.0,3.5,5.25,0.0,6.0,21.0,15.0,9.75,5.625,6.0,0.0,0.0,0.0,0.0,0.0,0.0,0.0,2.0,2.0,1.5,0.75,2.0,0.0,5.0,5.0,1.25,1.875,0.0,0.0,0.0,0.0,0.0,0.0,0.0,2.0,5.0,3.0,2.75,1.125,2.0,9.105,14.655,5.549999999999999,10.4925,2.0812499999999994,9.105,0.0,0.0,0.0,0.0,0.0,0.0,0.0,0.0,0.0,0.0,0.0,0.0,12.0,194.0,182.0,57.5,68.25,12.0,0.0083286475000008,106.6763959246197,7.291339032845352,0.0,False,True
mp-1095546,ReO2,Re,8.0,75.0,67.0,30.333333333333332,29.777777777777782,8.0,54.0,87.0,33.0,76.0,14.666666666666666,87.0,15.9994,186.207,170.20759999999999,72.73526666666666,75.64782222222222,15.9994,54.8,3459.0,3404.2,1189.5333333333333,1512.9777777777779,54.8,7.0,16.0,9.0,13.0,4.0,16.0,2.0,6.0,4.0,3.3333333333333335,1.777777777777778,2.0,66.0,151.0,85.0,94.33333333333333,37.77777777777778,66.0,1.9,3.44,1.54,2.9266666666666663,0.6844444444444445,3.44,2.0,2.0,0.0,2.0,0.0,2.0,0.0,4.0,4.0,2.6666666666666665,1.777777777777778,4.0,0.0,5.0,5.0,1.6666666666666667,2.222222222222222,0.0,0.0,14.0,14.0,4.666666666666667,6.222222222222221,0.0,6.0,21.0,15.0,11.0,6.666666666666667,6.0,0.0,0.0,0.0,0.0,0.0,0.0,0.0,2.0,2.0,1.3333333333333333,0.888888888888889,2.0,0.0,5.0,5.0,1.6666666666666667,2.222222222222222,0.0,0.0,0.0,0.0,0.0,0.0,0.0,2.0,5.0,3.0,3.0,1.3333333333333333,2.0,9.105,14.655,5.549999999999999,10.955,2.4666666666666663,9.105,0.0,0.0,0.0,0.0,0.0,0.0,0.0,0.0,0.0,0.0,0.0,0.0,12.0,194.0,182.0,72.66666666666667,80.8888888888889,12.0,0.0764806311111137,134.16191024631817,10.803044032384369,0.0,False,True
mp-1179307,ReO5,Re,8.0,75.0,67.0,19.166666666666668,18.61111111111111,8.0,54.0,87.0,33.0,81.5,9.166666666666666,87.0,15.9994,186.207,170.20759999999999,44.367333333333335,47.279888888888884,15.9994,54.8,3459.0,3404.2,622.1666666666666,945.6111111111112,54.8,7.0,16.0,9.0,14.5,2.5,16.0,2.0,6.0,4.0,2.6666666666666665,1.111111111111111,2.0,66.0,151.0,85.0,80.16666666666667,23.611111111111114,66.0,1.9,3.44,1.54,3.183333333333333,0.42777777777777787,3.44,2.0,2.0,0.0,2.0,0.0,2.0,0.0,4.0,4.0,3.3333333333333335,1.111111111111111,4.0,0.0,5.0,5.0,0.8333333333333334,1.388888888888889,0.0,0.0,14.0,14.0,2.3333333333333335,3.8888888888888893,0.0,6.0,21.0,15.0,8.5,4.166666666666667,6.0,0.0,0.0,0.0,0.0,0.0,0.0,0.0,2.0,2.0,1.6666666666666667,0.5555555555555555,2.0,0.0,5.0,5.0,0.8333333333333334,1.388888888888889,0.0,0.0,0.0,0.0,0.0,0.0,0.0,2.0,5.0,3.0,2.5,0.8333333333333334,2.0,9.105,14.655,5.549999999999999,10.030000000000001,1.541666666666667,9.105,0.0,0.0,0.0,0.0,0.0,0.0,0.0,0.0,0.0,0.0,0.0,0.0,12.0,194.0,182.0,42.333333333333336,50.555555555555564,12.0,0.4571347871874982,180.1406194609605,4.907745333900971,0.2443999999999999,False,False
mp-1016092,Re2O7,Re,8.0,75.0,67.0,22.88888888888889,23.160493827160494,8.0,54.0,87.0,33.0,79.66666666666667,11.407407407407405,87.0,15.9994,186.207,170.20759999999999,53.82331111111111,58.837195061728394,15.9994,54.8,3459.0,3404.2,811.2888888888889,1176.7604938271606,54.8,7.0,16.0,9.0,14.0,3.111111111111111,16.0,2.0,6.0,4.0,2.888888888888889,1.382716049382716,2.0,66.0,151.0,85.0,84.88888888888889,29.38271604938272,66.0,1.9,3.44,1.54,3.0977777777777775,0.5323456790123458,3.44,2.0,2.0,0.0,2.0,0.0,2.0,0.0,4.0,4.0,3.111111111111111,1.382716049382716,4.0,0.0,5.0,5.0,1.1111111111111112,1.7283950617283952,0.0,0.0,14.0,14.0,3.111111111111111,4.839506172839506,0.0,6.0,21.0,15.0,9.333333333333334,5.185185185185186,6.0,0.0,0.0,0.0,0.0,0.0,0.0,0.0,2.0,2.0,1.5555555555555556,0.691358024691358,2.0,0.0,5.0,5.0,1.1111111111111112,1.7283950617283952,0.0,0.0,0.0,0.0,0.0,0.0,0.0,2.0,5.0,3.0,2.6666666666666665,1.037037037037037,2.0,9.105,14.655,5.549999999999999,10.338333333333333,1.9185185185185176,9.105,0.0,0.0,0.0,0.0,0.0,0.0,0.0,0.0,0.0,0.0,0.0,0.0,12.0,194.0,182.0,52.44444444444444,62.913580246913575,12.0,0.0,1102.3438809662773,5.837607753127852,2.6752,True,False
mp-1179674,Re2O9,Re,8.0,75.0,67.0,20.181818181818183,19.933884297520663,8.0,54.0,87.0,33.0,81.0,9.818181818181818,87.0,15.9994,186.207,170.20759999999999,46.94623636363636,50.6402776859504,15.9994,54.8,3459.0,3404.2,673.7454545454545,1012.8198347107437,54.8,7.0,16.0,9.0,14.363636363636363,2.6776859504132235,16.0,2.0,6.0,4.0,2.727272727272727,1.190082644628099,2.0,66.0,151.0,85.0,81.45454545454545,25.289256198347104,66.0,1.9,3.44,1.54,3.1599999999999997,0.45818181818181836,3.44,2.0,2.0,0.0,2.0,0.0,2.0,0.0,4.0,4.0,3.272727272727273,1.190082644628099,4.0,0.0,5.0,5.0,0.9090909090909091,1.487603305785124,0.0,0.0,14.0,14.0,2.5454545454545454,4.1652892561983474,0.0,6.0,21.0,15.0,8.727272727272727,4.462809917355371,6.0,0.0,0.0,0.0,0.0,0.0,0.0,0.0,2.0,2.0,1.6363636363636365,0.5950413223140495,2.0,0.0,5.0,5.0,0.9090909090909091,1.487603305785124,0.0,0.0,0.0,0.0,0.0,0.0,0.0,2.0,5.0,3.0,2.5454545454545454,0.8925619834710742,2.0,9.105,14.655,5.549999999999999,10.11409090909091,1.6512396694214877,9.105,0.0,0.0,0.0,0.0,0.0,0.0,0.0,0.0,0.0,0.0,0.0,0.0,12.0,194.0,182.0,45.09090909090909,54.14876033057852,12.0,0.3403667919318156,385.35951879750456,4.450476056759252,0.0,False,True
mp-1173333,Re3O10,Re,8.0,75.0,67.0,23.46153846153846,23.786982248520705,8.0,54.0,87.0,33.0,79.38461538461539,11.715976331360945,87.0,15.9994,186.207,170.20759999999999,55.278076923076924,60.428733727810645,15.9994,54.8,3459.0,3404.2,840.3846153846154,1208.5917159763314,54.8,7.0,16.0,9.0,13.923076923076923,3.1952662721893486,16.0,2.0,6.0,4.0,2.923076923076923,1.4201183431952662,2.0,66.0,151.0,85.0,85.61538461538461,30.177514792899405,66.0,1.9,3.44,1.54,3.0846153846153843,0.5467455621301777,3.44,2.0,2.0,0.0,2.0,0.0,2.0,0.0,4.0,4.0,3.076923076923077,1.4201183431952662,4.0,0.0,5.0,5.0,1.1538461538461537,1.7751479289940826,0.0,0.0,14.0,14.0,3.230769230769231,4.970414201183432,0.0,6.0,21.0,15.0,9.461538461538462,5.325443786982248,6.0,0.0,0.0,0.0,0.0,0.0,0.0,0.0,2.0,2.0,1.5384615384615385,0.7100591715976331,2.0,0.0,5.0,5.0,1.1538461538461537,1.7751479289940826,0.0,0.0,0.0,0.0,0.0,0.0,0.0,2.0,5.0,3.0,2.6923076923076925,1.0650887573964498,2.0,9.105,14.655,5.549999999999999,10.385769230769231,1.9704142011834318,9.105,0.0,0.0,0.0,0.0,0.0,0.0,0.0,0.0,0.0,0.0,0.0,0.0,12.0,194.0,182.0,54.0,64.61538461538461,12.0,0.9869665354807688,217.29466929456328,5.491567220152701,0.0,False,True
mp-32795,Re3O8,Re,8.0,75.0,67.0,26.272727272727273,26.578512396694215,8.0,54.0,87.0,33.0,78.0,13.090909090909092,87.0,15.9994,186.207,170.20759999999999,62.41965454545454,67.52037024793388,15.9994,54.8,3459.0,3404.2,983.2181818181817,1350.4264462809917,54.8,7.0,16.0,9.0,13.545454545454545,3.5702479338842976,16.0,2.0,6.0,4.0,3.090909090909091,1.586776859504132,2.0,66.0,151.0,85.0,89.18181818181819,33.719008264462815,66.0,1.9,3.44,1.54,3.02,0.6109090909090908,3.44,2.0,2.0,0.0,2.0,0.0,2.0,0.0,4.0,4.0,2.909090909090909,1.586776859504132,4.0,0.0,5.0,5.0,1.3636363636363635,1.9834710743801656,0.0,0.0,14.0,14.0,3.8181818181818183,5.553719008264463,0.0,6.0,21.0,15.0,10.090909090909092,5.950413223140497,6.0,0.0,0.0,0.0,0.0,0.0,0.0,0.0,2.0,2.0,1.4545454545454546,0.793388429752066,2.0,0.0,5.0,5.0,1.3636363636363635,1.9834710743801656,0.0,0.0,0.0,0.0,0.0,0.0,0.0,2.0,5.0,3.0,2.8181818181818183,1.1900826446280992,2.0,9.105,14.655,5.549999999999999,10.618636363636364,2.201652892561983,9.105,0.0,0.0,0.0,0.0,0.0,0.0,0.0,0.0,0.0,0.0,0.0,0.0,12.0,194.0,182.0,61.63636363636363,72.19834710743802,12.0,0.189491194166667,128.24700733214084,8.890289521536825,0.0,False,True
mp-1524458,OsO4,Os,8.0,76.0,68.0,21.6,21.76,8.0,57.0,87.0,30.0,81.0,9.6,87.0,15.9994,190.23,174.23059999999998,50.84552,55.753792,15.9994,54.8,3306.0,3251.2,705.04,1040.384,54.8,8.0,16.0,8.0,14.4,2.5599999999999996,16.0,2.0,6.0,4.0,2.8,1.2799999999999998,2.0,66.0,144.0,78.0,81.6,24.959999999999997,66.0,2.2,3.44,1.2399999999999998,3.192,0.3967999999999998,3.44,2.0,2.0,0.0,2.0,0.0,2.0,0.0,4.0,4.0,3.2,1.2799999999999998,4.0,0.0,6.0,6.0,1.2,1.92,0.0,0.0,14.0,14.0,2.8,4.4799999999999995,0.0,6.0,22.0,16.0,9.2,5.119999999999999,6.0,0.0,0.0,0.0,0.0,0.0,0.0,0.0,2.0,2.0,1.6,0.6399999999999999,2.0,0.0,4.0,4.0,0.8,1.28,0.0,0.0,0.0,0.0,0.0,0.0,0.0,2.0,4.0,2.0,2.4,0.6399999999999999,2.0,9.105,14.09,4.984999999999999,10.102,1.5951999999999997,9.105,0.0,0.0,0.0,0.0,0.0,0.0,0.0,0.0,0.0,0.0,0.0,0.0,12.0,194.0,182.0,48.4,58.239999999999995,12.0,0.0,81.69548341351152,5.167419844509376,3.3769,True,False
mp-1095264,OsO2,Os,8.0,76.0,68.0,30.666666666666668,30.222222222222218,8.0,57.0,87.0,30.0,77.0,13.333333333333334,87.0,15.9994,190.23,174.23059999999998,74.07626666666665,77.43582222222221,15.9994,54.8,3306.0,3251.2,1138.5333333333333,1444.9777777777779,54.8,8.0,16.0,8.0,13.333333333333334,3.5555555555555554,16.0,2.0,6.0,4.0,3.3333333333333335,1.777777777777778,2.0,66.0,144.0,78.0,92.0,34.666666666666664,66.0,2.2,3.44,1.2399999999999998,3.026666666666667,0.551111111111111,3.44,2.0,2.0,0.0,2.0,0.0,2.0,0.0,4.0,4.0,2.6666666666666665,1.777777777777778,4.0,0.0,6.0,6.0,2.0,2.6666666666666665,0.0,0.0,14.0,14.0,4.666666666666667,6.222222222222221,0.0,6.0,22.0,16.0,11.333333333333334,7.111111111111112,6.0,0.0,0.0,0.0,0.0,0.0,0.0,0.0,2.0,2.0,1.3333333333333333,0.888888888888889,2.0,0.0,4.0,4.0,1.3333333333333333,1.777777777777778,0.0,0.0,0.0,0.0,0.0,0.0,0.0,2.0,4.0,2.0,2.6666666666666665,0.8888888888888888,2.0,9.105,14.09,4.984999999999999,10.766666666666666,2.215555555555555,9.105,0.0,0.0,0.0,0.0,0.0,0.0,0.0,0.0,0.0,0.0,0.0,0.0,12.0,194.0,182.0,72.66666666666667,80.8888888888889,12.0,0.0734212008333319,117.36859418945856,12.57643434132066,0.0,False,True
mp-1014261,IrO2,Ir,8.0,77.0,69.0,31.0,30.666666666666668,8.0,60.0,87.0,27.0,78.0,12.0,87.0,15.9994,192.217,176.2176,74.7386,78.31893333333333,15.9994,54.8,2739.0,2684.2,949.5333333333333,1192.9777777777779,54.8,9.0,16.0,7.0,13.666666666666666,3.111111111111111,16.0,2.0,6.0,4.0,3.3333333333333335,1.777777777777778,2.0,66.0,141.0,75.0,91.0,33.333333333333336,66.0,2.2,3.44,1.2399999999999998,3.026666666666667,0.551111111111111,3.44,2.0,2.0,0.0,2.0,0.0,2.0,0.0,4.0,4.0,2.6666666666666665,1.777777777777778,4.0,0.0,7.0,7.0,2.3333333333333335,3.1111111111111107,0.0,0.0,14.0,14.0,4.666666666666667,6.222222222222221,0.0,6.0,23.0,17.0,11.666666666666666,7.5555555555555545,6.0,0.0,0.0,0.0,0.0,0.0,0.0,0.0,2.0,2.0,1.3333333333333333,0.888888888888889,2.0,0.0,3.0,3.0,1.0,1.3333333333333333,0.0,0.0,0.0,0.0,0.0,0.0,0.0,2.0,3.0,1.0,2.3333333333333335,0.4444444444444445,2.0,9.105,14.21,5.105,10.806666666666667,2.2688888888888887,9.105,0.0,0.0,0.0,0.0,0.0,0.0,0.0,0.0,0.0,0.0,0.0,0.0,12.0,225.0,213.0,83.0,94.66666666666667,12.0,0.2632304216666652,75.34752541373811,9.882715954498169,0.0,False,True
mp-1021489,IrO3,Ir,8.0,77.0,69.0,25.25,25.875,8.0,60.0,87.0,27.0,80.25,10.125,87.0,15.9994,192.217,176.2176,60.0538,66.08160000000001,15.9994,54.8,2739.0,2684.2,725.85,1006.575,54.8,9.0,16.0,7.0,14.25,2.625,16.0,2.0,6.0,4.0,3.0,1.5,2.0,66.0,141.0,75.0,84.75,28.125,66.0,2.2,3.44,1.2399999999999998,3.13,0.46499999999999997,3.44,2.0,2.0,0.0,2.0,0.0,2.0,0.0,4.0,4.0,3.0,1.5,4.0,0.0,7.0,7.0,1.75,2.625,0.0,0.0,14.0,14.0,3.5,5.25,0.0,6.0,23.0,17.0,10.25,6.375,6.0,0.0,0.0,0.0,0.0,0.0,0.0,0.0,2.0,2.0,1.5,0.75,2.0,0.0,3.0,3.0,0.75,1.125,0.0,0.0,0.0,0.0,0.0,0.0,0.0,2.0,3.0,1.0,2.25,0.375,2.0,9.105,14.21,5.105,10.381250000000001,1.9143750000000006,9.105,0.0,0.0,0.0,0.0,0.0,0.0,0.0,0.0,0.0,0.0,0.0,0.0,12.0,225.0,213.0,65.25,79.875,12.0,0.1142578012499999,54.47972288011905,7.321746577642647,0.0,False,True
mp-768247,PtO3,Pt,8.0,78.0,70.0,25.5,26.25,8.0,63.0,87.0,24.0,81.0,9.0,87.0,15.9994,195.084,179.0846,60.77055,67.156725,15.9994,54.8,2041.4,1986.6000000000001,551.45,744.975,54.8,10.0,16.0,6.0,14.5,2.25,16.0,2.0,6.0,4.0,3.0,1.5,2.0,66.0,136.0,70.0,83.5,26.25,66.0,2.28,3.44,1.1600000000000001,3.15,0.43500000000000005,3.44,1.0,2.0,1.0,1.75,0.375,2.0,0.0,4.0,4.0,3.0,1.5,4.0,0.0,9.0,9.0,2.25,3.375,0.0,0.0,14.0,14.0,3.5,5.25,0.0,6.0,24.0,18.0,10.5,6.75,6.0,0.0,1.0,1.0,0.25,0.375,0.0,0.0,2.0,2.0,1.5,0.75,2.0,0.0,1.0,1.0,0.25,0.375,0.0,0.0,0.0,0.0,0.0,0.0,0.0,2.0,2.0,0.0,2.0,0.0,2.0,9.105,15.02,5.914999999999999,10.58375,2.2181249999999997,9.105,0.0,0.0,0.0,0.0,0.0,0.0,0.0,0.0,0.0,0.0,0.0,0.0,12.0,225.0,213.0,65.25,79.875,12.0,0.0868268400000005,88.66194038208619,9.105315952245515,0.0,False,True
mp-1077716,PtO2,Pt,8.0,78.0,70.0,31.333333333333332,31.111111111111114,8.0,63.0,87.0,24.0,79.0,10.666666666666666,87.0,15.9994,195.084,179.0846,75.69426666666666,79.59315555555555,15.9994,54.8,2041.4,1986.6000000000001,717.0,882.9333333333334,54.8,10.0,16.0,6.0,14.0,2.6666666666666665,16.0,2.0,6.0,4.0,3.3333333333333335,1.777777777777778,2.0,66.0,136.0,70.0,89.33333333333333,31.11111111111111,66.0,2.28,3.44,1.1600000000000001,3.0533333333333332,0.5155555555555557,3.44,1.0,2.0,1.0,1.6666666666666667,0.4444444444444444,2.0,0.0,4.0,4.0,2.6666666666666665,1.777777777777778,4.0,0.0,9.0,9.0,3.0,4.0,0.0,0.0,14.0,14.0,4.666666666666667,6.222222222222221,0.0,6.0,24.0,18.0,12.0,8.0,6.0,0.0,1.0,1.0,0.3333333333333333,0.4444444444444445,0.0,0.0,2.0,2.0,1.3333333333333333,0.888888888888889,2.0,0.0,1.0,1.0,0.3333333333333333,0.4444444444444445,0.0,0.0,0.0,0.0,0.0,0.0,0.0,2.0,2.0,0.0,2.0,0.0,2.0,9.105,15.02,5.914999999999999,11.076666666666668,2.628888888888889,9.105,0.0,0.0,0.0,0.0,0.0,0.0,0.0,0.0,0.0,0.0,0.0,0.0,12.0,225.0,213.0,83.0,94.66666666666667,12.0,0.0404436750000014,68.654935293764,10.98478527920183,0.0,False,True
mp-1179856,PtO6,Pt,8.0,78.0,70.0,18.0,17.142857142857142,8.0,63.0,87.0,24.0,83.57142857142857,5.8775510204081645,87.0,15.9994,195.084,179.0846,41.58291428571429,43.85745306122449,15.9994,54.8,2041.4,1986.6000000000001,338.59999999999997,486.5142857142857,54.8,10.0,16.0,6.0,15.142857142857142,1.4693877551020411,16.0,2.0,6.0,4.0,2.5714285714285716,0.979591836734694,2.0,66.0,136.0,70.0,76.0,17.142857142857142,66.0,2.28,3.44,1.1600000000000001,3.2742857142857145,0.2840816326530611,3.44,1.0,2.0,1.0,1.8571428571428572,0.24489795918367344,2.0,0.0,4.0,4.0,3.4285714285714284,0.979591836734694,4.0,0.0,9.0,9.0,1.2857142857142858,2.2040816326530615,0.0,0.0,14.0,14.0,2.0,3.4285714285714284,0.0,6.0,24.0,18.0,8.571428571428571,4.408163265306122,6.0,0.0,1.0,1.0,0.14285714285714285,0.2448979591836735,0.0,0.0,2.0,2.0,1.7142857142857142,0.489795918367347,2.0,0.0,1.0,1.0,0.14285714285714285,0.2448979591836735,0.0,0.0,0.0,0.0,0.0,0.0,0.0,2.0,2.0,0.0,2.0,0.0,2.0,9.105,15.02,5.914999999999999,9.950000000000001,1.4485714285714288,9.105,0.0,0.0,0.0,0.0,0.0,0.0,0.0,0.0,0.0,0.0,0.0,0.0,12.0,225.0,213.0,42.42857142857143,52.16326530612245,12.0,0.2586699650000001,187.0840744499091,5.167199590003325,0.0,False,True
mp-7947,PtO,Pt,8.0,78.0,70.0,43.0,35.0,8.0,63.0,87.0,24.0,75.0,12.0,63.0,15.9994,195.084,179.0846,105.5417,89.54230000000001,15.9994,54.8,2041.4,1986.6000000000001,1048.1000000000001,993.3000000000001,54.8,10.0,16.0,6.0,13.0,3.0,10.0,2.0,6.0,4.0,4.0,2.0,2.0,66.0,136.0,70.0,101.0,35.0,66.0,2.28,3.44,1.1600000000000001,2.86,0.5800000000000001,2.28,1.0,2.0,1.0,1.5,0.5,1.0,0.0,4.0,4.0,2.0,2.0,0.0,0.0,9.0,9.0,4.5,4.5,0.0,0.0,14.0,14.0,7.0,7.0,0.0,6.0,24.0,18.0,15.0,9.0,6.0,0.0,1.0,1.0,0.5,0.5,0.0,0.0,2.0,2.0,1.0,1.0,0.0,0.0,1.0,1.0,0.5,0.5,0.0,0.0,0.0,0.0,0.0,0.0,0.0,2.0,2.0,0.0,2.0,0.0,2.0,9.105,15.02,5.914999999999999,12.0625,2.9574999999999996,9.105,0.0,0.0,0.0,0.0,0.0,0.0,0.0,0.0,0.0,0.0,0.0,0.0,12.0,225.0,213.0,118.5,106.5,12.0,0.1391273412499982,53.46450234862669,13.11196091249024,0.0,False,True
mp-1206845,Pt2O,Pt,8.0,78.0,70.0,54.666666666666664,31.111111111111114,78.0,63.0,87.0,24.0,71.0,10.666666666666666,63.0,15.9994,195.084,179.0846,135.38913333333332,79.59315555555555,195.084,54.8,2041.4,1986.6000000000001,1379.2,882.9333333333334,2041.4,10.0,16.0,6.0,12.0,2.6666666666666665,10.0,2.0,6.0,4.0,4.666666666666667,1.7777777777777777,6.0,66.0,136.0,70.0,112.66666666666667,31.11111111111111,136.0,2.28,3.44,1.1600000000000001,2.6666666666666665,0.5155555555555557,2.28,1.0,2.0,1.0,1.3333333333333333,0.4444444444444444,1.0,0.0,4.0,4.0,1.3333333333333333,1.777777777777778,0.0,0.0,9.0,9.0,6.0,4.0,9.0,0.0,14.0,14.0,9.333333333333334,6.222222222222221,14.0,6.0,24.0,18.0,18.0,8.0,24.0,0.0,1.0,1.0,0.6666666666666666,0.4444444444444445,1.0,0.0,2.0,2.0,0.6666666666666666,0.888888888888889,0.0,0.0,1.0,1.0,0.6666666666666666,0.4444444444444445,1.0,0.0,0.0,0.0,0.0,0.0,0.0,2.0,2.0,0.0,2.0,0.0,2.0,9.105,15.02,5.914999999999999,13.048333333333332,2.628888888888889,15.02,0.0,0.0,0.0,0.0,0.0,0.0,0.0,0.0,0.0,0.0,0.0,0.0,12.0,225.0,213.0,154.0,94.66666666666667,225.0,0.4355879374999993,93.94723336384854,14.358205389818156,0.0,False,True
mp-1604,Pt3O4,Pt,8.0,78.0,70.0,38.0,34.285714285714285,8.0,63.0,87.0,24.0,76.71428571428571,11.755102040816327,87.0,15.9994,195.084,179.0846,92.74994285714286,87.71490612244898,15.9994,54.8,2041.4,1986.6000000000001,906.2,973.0285714285716,54.8,10.0,16.0,6.0,13.428571428571429,2.9387755102040813,16.0,2.0,6.0,4.0,3.7142857142857144,1.959183673469388,2.0,66.0,136.0,70.0,96.0,34.285714285714285,66.0,2.28,3.44,1.1600000000000001,2.942857142857143,0.5681632653061225,3.44,1.0,2.0,1.0,1.5714285714285714,0.489795918367347,2.0,0.0,4.0,4.0,2.2857142857142856,1.959183673469388,4.0,0.0,9.0,9.0,3.857142857142857,4.408163265306122,0.0,0.0,14.0,14.0,6.0,6.857142857142857,0.0,6.0,24.0,18.0,13.714285714285714,8.816326530612246,6.0,0.0,1.0,1.0,0.42857142857142855,0.4897959183673469,0.0,0.0,2.0,2.0,1.1428571428571428,0.979591836734694,2.0,0.0,1.0,1.0,0.42857142857142855,0.4897959183673469,0.0,0.0,0.0,0.0,0.0,0.0,0.0,2.0,2.0,0.0,2.0,0.0,2.0,9.105,15.02,5.914999999999999,11.64,2.897142857142857,9.105,0.0,0.0,0.0,0.0,0.0,0.0,0.0,0.0,0.0,0.0,0.0,0.0,12.0,225.0,213.0,103.28571428571429,104.3265306122449,12.0,0.0,175.86560263715103,12.260547942454057,0.0,True,True
mp-27253,Au2O3,Au,8.0,79.0,71.0,36.4,34.08,8.0,66.0,87.0,21.0,78.6,10.080000000000002,87.0,15.9994,196.966569,180.96716899999998,88.3862676,86.86424112,15.9994,54.8,1337.33,1282.53,567.812,615.6144,54.8,11.0,16.0,5.0,14.0,2.4,16.0,2.0,6.0,4.0,3.6,1.9200000000000004,2.0,66.0,136.0,70.0,94.0,33.6,66.0,2.54,3.44,0.8999999999999999,3.08,0.43199999999999994,3.44,1.0,2.0,1.0,1.6,0.48,2.0,0.0,4.0,4.0,2.4,1.9200000000000004,4.0,0.0,10.0,10.0,4.0,4.8,0.0,0.0,14.0,14.0,5.6,6.719999999999999,0.0,6.0,25.0,19.0,13.6,9.12,6.0,0.0,1.0,1.0,0.4,0.4800000000000001,0.0,0.0,2.0,2.0,1.2,0.9600000000000002,2.0,0.0,0.0,0.0,0.0,0.0,0.0,0.0,0.0,0.0,0.0,0.0,0.0,1.0,2.0,1.0,1.6,0.48,2.0,9.105,16.7,7.594999999999999,12.143,3.6455999999999995,9.105,0.0,0.0,0.0,0.0,0.0,0.0,0.0,0.0,0.0,0.0,0.0,0.0,12.0,225.0,213.0,97.2,102.24000000000001,12.0,0.0,132.65363346808087,11.06406561725529,0.8519999999999999,True,False
mp-984358,Au3O,Au,8.0,79.0,71.0,61.25,26.625,79.0,66.0,87.0,21.0,71.25,7.875,66.0,15.9994,196.966569,180.96716899999998,151.72477675000002,67.86268837499998,196.966569,54.8,1337.33,1282.53,1016.6975,480.94874999999996,1337.33,11.0,16.0,5.0,12.25,1.875,11.0,2.0,6.0,4.0,5.0,1.5,6.0,66.0,136.0,70.0,118.5,26.25,136.0,2.54,3.44,0.8999999999999999,2.765,0.3375,2.54,1.0,2.0,1.0,1.25,0.375,1.0,0.0,4.0,4.0,1.0,1.5,0.0,0.0,10.0,10.0,7.5,3.75,10.0,0.0,14.0,14.0,10.5,5.25,14.0,6.0,25.0,19.0,20.25,7.125,25.0,0.0,1.0,1.0,0.75,0.375,1.0,0.0,2.0,2.0,0.5,0.75,0.0,0.0,0.0,0.0,0.0,0.0,0.0,0.0,0.0,0.0,0.0,0.0,0.0,1.0,2.0,1.0,1.25,0.375,1.0,9.105,16.7,7.594999999999999,14.80125,2.8481249999999996,16.7,0.0,0.0,0.0,0.0,0.0,0.0,0.0,0.0,0.0,0.0,0.0,0.0,12.0,225.0,213.0,171.75,79.875,225.0,0.3873081116666661,141.39351666694836,14.25496305378667,0.0,False,True
mp-1077107,HgO,Hg,8.0,80.0,72.0,44.0,36.0,8.0,71.0,87.0,16.0,79.0,8.0,71.0,15.9994,200.59,184.5906,108.2947,92.2953,15.9994,54.8,234.32,179.51999999999998,144.56,89.75999999999999,54.8,12.0,16.0,4.0,14.0,2.0,12.0,2.0,6.0,4.0,4.0,2.0,2.0,66.0,132.0,66.0,99.0,33.0,66.0,2.0,3.44,1.44,2.7199999999999998,0.72,2.0,2.0,2.0,0.0,2.0,0.0,2.0,0.0,4.0,4.0,2.0,2.0,0.0,0.0,10.0,10.0,5.0,5.0,0.0,0.0,14.0,14.0,7.0,7.0,0.0,6.0,26.0,20.0,16.0,10.0,6.0,0.0,0.0,0.0,0.0,0.0,0.0,0.0,2.0,2.0,1.0,1.0,0.0,0.0,0.0,0.0,0.0,0.0,0.0,0.0,0.0,0.0,0.0,0.0,0.0,0.0,2.0,2.0,1.0,1.0,0.0,9.105,25.2375862069,16.1325862069,17.17129310345,8.06629310345,9.105,0.0,0.0,0.0,0.0,0.0,0.0,0.0,0.0,0.0,0.0,0.0,0.0,12.0,166.0,154.0,89.0,77.0,12.0,0.0019320837500007,108.22107354600836,9.970012738629135,1.2712,False,False
mp-1181027,HgO2,Hg,8.0,80.0,72.0,32.0,32.0,8.0,71.0,87.0,16.0,81.66666666666667,7.11111111111111,87.0,15.9994,200.59,184.5906,77.5296,82.04026666666667,15.9994,54.8,234.32,179.51999999999998,114.63999999999999,79.78666666666666,54.8,12.0,16.0,4.0,14.666666666666666,1.777777777777778,16.0,2.0,6.0,4.0,3.3333333333333335,1.777777777777778,2.0,66.0,132.0,66.0,88.0,29.333333333333332,66.0,2.0,3.44,1.44,2.9599999999999995,0.6400000000000001,3.44,2.0,2.0,0.0,2.0,0.0,2.0,0.0,4.0,4.0,2.6666666666666665,1.777777777777778,4.0,0.0,10.0,10.0,3.3333333333333335,4.444444444444444,0.0,0.0,14.0,14.0,4.666666666666667,6.222222222222221,0.0,6.0,26.0,20.0,12.666666666666666,8.888888888888888,6.0,0.0,0.0,0.0,0.0,0.0,0.0,0.0,2.0,2.0,1.3333333333333333,0.888888888888889,2.0,0.0,0.0,0.0,0.0,0.0,0.0,0.0,0.0,0.0,0.0,0.0,0.0,0.0,2.0,2.0,1.3333333333333333,0.888888888888889,2.0,9.105,25.2375862069,16.1325862069,14.482528735633332,7.170038314177778,9.105,0.0,0.0,0.0,0.0,0.0,0.0,0.0,0.0,0.0,0.0,0.0,0.0,12.0,166.0,154.0,63.333333333333336,68.44444444444444,12.0,0.3649901141666669,48.69784274892428,7.931004077213492,0.0181999999999999,False,False
